,author,crawled_at,date_post,id_post,id_post_interaction,joined_author,links,messages_author,number_post,resume_author,text_post,thread
0,incel4life,2019-06-19 12:50:18.115096,2018-09-13 00:49:21,1386991,[],2017-11-08 00:00:00,[],1427,1,Veteran," Yes, but I am not a Chad, I am an incel. Therefore, I want the Chads slaughtered for taking my women. If you defend Chad having sex with the woman that would be yours in a monogamous society, you are literally a cuckold. ",/threads/dont-hate-chad-for-having-sex-with-all-the-women-if-you-were-chad-you-would-do-the-same-thing.74109/
1,CopeWithTheRope,2019-06-19 12:50:18.115183,2018-09-13 00:50:25,1386997,[],2018-01-02 00:00:00,[],5529,2,subhuman monster," Can't hate nature, boyo, though it is cruel. ",/threads/dont-hate-chad-for-having-sex-with-all-the-women-if-you-were-chad-you-would-do-the-same-thing.74109/
2,Newbie17,2019-06-19 12:50:18.115280,2018-09-13 00:51:02,1386998,[1386991],2018-02-24 00:00:00,[],5058,3,Seventh great-grandson of Fyodor Dostoevsky," incel4life said: 			Therefore, I want the Chads slaughtered for taking my women. 		 Click to expand... ",/threads/dont-hate-chad-for-having-sex-with-all-the-women-if-you-were-chad-you-would-do-the-same-thing.74109/
3,blickpall,2019-06-19 12:50:18.115359,2018-09-13 00:51:08,1386999,[1386991],2017-11-08 00:00:00,[],4543,4,O T L," incel4life said: 			Yes, but I am not a Chad, I am an incel. Therefore, I want the Chads slaughtered for taking my women. If you defend Chad having sex with the woman that would be yours in a monogamous society, you are literally a cuckold. 		 Click to expand... How is it ""your"" woman? ",/threads/dont-hate-chad-for-having-sex-with-all-the-women-if-you-were-chad-you-would-do-the-same-thing.74109/
4,ChadThundercock15,2019-06-19 12:50:18.115433,2018-09-13 00:51:30,1387001,[1386997],2018-09-09 00:00:00,[],17,5,Recruit," CopeWithTheRope said: 			Can't hate nature, boyo, though it is cruel. 		 Click to expand... This guy gets it ",/threads/dont-hate-chad-for-having-sex-with-all-the-women-if-you-were-chad-you-would-do-the-same-thing.74109/
5,Dr.Droopy,2019-06-19 12:50:18.115501,2018-09-13 00:51:59,1387003,[1386991],2018-08-28 00:00:00,[],15,6,Señor Droopy Dub," incel4life said: 			Yes, but I am not a Chad, I am an incel. Therefore, I want the Chads slaughtered for taking my women. If you defend Chad having sex with the woman that would be yours in a monogamous society, you are literally a cuckold. 		 Click to expand... Your women huh. ",/threads/dont-hate-chad-for-having-sex-with-all-the-women-if-you-were-chad-you-would-do-the-same-thing.74109/
6,Ignas,2019-06-19 12:50:18.115565,2018-09-13 00:52:08,1387005,[],2018-08-06 00:00:00,[],4014,7,Generalfeldmarschall, Nah I hate nature and my genes ,/threads/dont-hate-chad-for-having-sex-with-all-the-women-if-you-were-chad-you-would-do-the-same-thing.74109/
7,Zaetheus,2019-06-19 12:50:18.115639,2018-09-13 00:52:50,1387010,[],2017-11-26 00:00:00,[],5981,8,変態/オタク神。 私たち全員に慈悲をください。," “Don’t hate the player , hate the game.” -From the “Pimp’s Bible” Verse 23 , line 2 ",/threads/dont-hate-chad-for-having-sex-with-all-the-women-if-you-were-chad-you-would-do-the-same-thing.74109/
8,incel4life,2019-06-19 12:50:18.115724,2018-09-13 00:53:37,1387014,[1386997],2017-11-08 00:00:00,[],1427,9,Veteran," CopeWithTheRope said: 			Can't hate nature, boyo, though it is cruel. 		 Click to expand... Yes I can hate nature. My religion literally revolves around hating nature. Here is a quote from one of the leaders of my religion: 			If man himself is left in his natural state, he will become lower than the animal and continue to grow more ignorant and imperfect. The savage tribes of central Africa are evidences of this. Left in their natural condition, they have sunk to the lowest depths and degrees of barbarism, dimly groping in a world of mental and moral obscurity. If we wish to illumine this dark plane of human existence, we must bring man forth from the hopeless captivity of nature, educate him and show him the pathway of light and knowledge, until, uplifted from his condition of ignorance, he becomes wise and knowing; no longer savage and revengeful, he becomes civilized and kind; once evil and sinister, he is endowed with the attributes of heaven. But left in his natural condition without education and training, it is certain that he will become more depraved and vicious than the animal, even to the extreme degree witnessed among African tribes who practice cannibalism. It is evident, therefore, that the world of nature is incomplete, imperfect until awakened and illumined by the light and stimulus of education. -Abdul Baha 		 Click to expand... ",/threads/dont-hate-chad-for-having-sex-with-all-the-women-if-you-were-chad-you-would-do-the-same-thing.74109/
9,Phallusy,2019-06-19 12:50:18.115776,2018-09-13 00:54:40,1387019,[],2017-11-29 00:00:00,[],205,10,Recruit," If you should hate anyone, it should be the women who sleep or want to sleep with Chad. No need to hate Chad. Chad for the most part, tends to be pretty cool to incels, unlike the foids who are brutal af without mercy to incels or any subhuman ",/threads/dont-hate-chad-for-having-sex-with-all-the-women-if-you-were-chad-you-would-do-the-same-thing.74109/
10,incel4life,2019-06-19 12:50:18.115847,2018-09-13 00:58:33,1387041,[1387019],2017-11-08 00:00:00,[],1427,11,Veteran," Phallusy said: 			If you should hate anyone, it should be the women who sleep or want to sleep with Chad. No need to hate Chad. Chad for the most part, tends to be pretty cool to incels, unlike the foids who are brutal af without mercy to incels or any subhuman 		 Click to expand... Chad is a bro. He has sex with my future wife for me so that I don't have to take her virginity. What an awesome bro. ",/threads/dont-hate-chad-for-having-sex-with-all-the-women-if-you-were-chad-you-would-do-the-same-thing.74109/
11,Newbie17,2019-06-19 12:50:18.115923,2018-09-13 00:59:44,1387050,[1387041],2018-02-24 00:00:00,[],5058,12,Seventh great-grandson of Fyodor Dostoevsky, incel4life said: 			Chad is a bro. He has sex with my future wife for me so that I don't have to take her virginity. What an awesome bro. 		 Click to expand... Lmao ,/threads/dont-hate-chad-for-having-sex-with-all-the-women-if-you-were-chad-you-would-do-the-same-thing.74109/
12,Hunter,2019-06-19 12:50:18.115985,2018-09-13 01:02:07,1387061,[],2017-11-28 00:00:00,[],13470,13,moving on to better things..., if i was chad i would commit to a foid and leave the rest. chads are fucking dickheads that dont consider sub 8 males in the sexual market which is why i want them guillotined. ,/threads/dont-hate-chad-for-having-sex-with-all-the-women-if-you-were-chad-you-would-do-the-same-thing.74109/
13,Lonelycel,2019-06-19 12:50:18.116056,2018-09-13 01:03:29,1387067,[1387041],2018-05-02 00:00:00,[],3334,14,Commander, incel4life said: 			Chad is a bro. He has sex with my future wife for me so that I don't have to take her virginity. What an awesome bro. 		 Click to expand... Lol that was an awesome rebuttal. ,/threads/dont-hate-chad-for-having-sex-with-all-the-women-if-you-were-chad-you-would-do-the-same-thing.74109/
14,VisVoi,2019-06-19 12:50:18.116135,2018-09-13 01:03:46,1387069,[1387061],2017-12-03 00:00:00,[],2536,15,"Pronounced ""Vee Vwah"""," I think the reason that I hate women and not Chads is because Chad does not demand a partner that is out of his league. It's also rare to find a chad with such a visceral hatred for genetic shit whereas pretty much all females tend to be disgusted by baldcels, manlets, curries and most of all men with ugly faces. Hunter said: 			if i was chad i would commit to a foid and leave the rest. chads are fucking dickheads that dont consider sub 8 males in the sexual market which is why i want them guillotined. 		 Click to expand... Easy to say that you wouldn't when you don't have the opportunity.  Can't remember who said it but it's a good quote. ""There is no moral difference between bullies and victims, only a difference in ability"" ",/threads/dont-hate-chad-for-having-sex-with-all-the-women-if-you-were-chad-you-would-do-the-same-thing.74109/
15,MaxZM98,2019-06-19 12:50:18.116195,2018-09-13 01:11:12,1387101,[],2018-05-02 00:00:00,[],1526,16,Socially constructed loser," the government needs to make it mandatory to abort your first child if it is a male. this way there will be more women than men, so we can all be chads ",/threads/dont-hate-chad-for-having-sex-with-all-the-women-if-you-were-chad-you-would-do-the-same-thing.74109/
16,FrothySolutions,2019-06-19 12:50:18.116268,2018-09-13 01:15:24,1387119,[1386999],2018-05-06 00:00:00,[],3794,17,Post like the FBI is watching.," blickpall said: 			How is it ""your"" woman? 		 Click to expand... This is a good point that I only have the courage to parrot because a mod said it. Life isn't fair to us, but the players in life didn't decide the rules. It's understandable that someone would hate Chad for having someone while you have no one, but that's jealousy, it's misplaced revenge. It's like hating someone for being rich when you're poor. That rich person didn't conspire to hurt you specifically, if you deserve money, why don't they deserve money? If you deserve a woman, why doesn't Chad deserve a woman?  It's just that we don't have women, so we get mad at people who do. Even though they're no less deserving than we are. ",/threads/dont-hate-chad-for-having-sex-with-all-the-women-if-you-were-chad-you-would-do-the-same-thing.74109/
17,FiveFourManlet,2019-06-19 12:50:18.116350,2018-09-13 01:18:58,1387137,[1386997],2018-05-17 00:00:00,[],4825,18,It only gets worse," CopeWithTheRope said: 			Can't hate nature, boyo, though it is cruel. 		 Click to expand... Hardest blackpill. ",/threads/dont-hate-chad-for-having-sex-with-all-the-women-if-you-were-chad-you-would-do-the-same-thing.74109/
18,WarriorSkull,2019-06-19 12:50:18.116412,2018-09-13 01:32:49,1387181,[],2018-05-03 00:00:00,[],1265,19,Veteran, Everyone is such a pussy about hate because of all the brainwashing we are subjected to since childhood to make us docile citizens. ,/threads/dont-hate-chad-for-having-sex-with-all-the-women-if-you-were-chad-you-would-do-the-same-thing.74109/
19,Ledgemund,2019-06-19 12:50:18.116471,2018-09-13 01:34:17,1387184,[],2018-01-13 00:00:00,[],2942,20,free him or cuck, 18 posts in this thread on incels.is and only @incel4life and 2 others seem to understand the issue. ,/threads/dont-hate-chad-for-having-sex-with-all-the-women-if-you-were-chad-you-would-do-the-same-thing.74109/
20,TysonxTyson,2019-06-19 12:50:18.116541,2018-09-13 01:43:38,1387210,[],2018-06-14 00:00:00,"[('https', 'www.youtube.com', '/embed/G7AinOjDiNQ'), ('https', 'i.ytimg.com', '/vi/G7AinOjDiNQ/hqdefault.jpg')]",564,21,Banned," It's just nature amplified by technology and a society that lacks danger. Either you accept the brutal truth, or get pwned. Women aren't yours. They just allow you to have sex with them or maybe you can take it by force. Depending on the environment (Safe and stable vs Dangerous and volatile), your resource and genetics, you will have more sway in convincing them to give you the puss and ultimately their womb for reproduction 								 									Last edited: Sep 12, 2018 ",/threads/dont-hate-chad-for-having-sex-with-all-the-women-if-you-were-chad-you-would-do-the-same-thing.74109/
21,ChronicPaincel,2019-06-19 12:50:18.116629,2018-09-13 01:48:03,1387224,"[1387061, 1387181]",2018-08-13 00:00:00,[],1870,22,Captain," Hunter said: 			if i was chad i would commit to a foid and leave the rest. chads are fucking dickheads that dont consider sub 8 males in the sexual market which is why i want them guillotined. 		 Click to expand... WarriorSkull said: 			Everyone is such a pussy about hate because of all the brainwashing we are subjected to since childhood to make us docile citizens. 		 Click to expand... If i was chad i really would commit most of you love to use this excuse, ""yeah you just think that because you're incel"" NO i really fucking think that regardless if i was chad or not. I REFUSE TO ACT LIKE A ANIMAL, If i was chad it would be no different. It's much better to actually commit(hypothetically speaking) and forget the rest and focus on more important things like survival and preparing mentally for death(everyone leaves this out during their lives and will leave this earth in utter unimaginable fear) all too afriad to even acknowledge this but it's important to work on while you're alive. monkeys on the rat wheels of society, and culture, deserve all the fear death will bring only way majority of you will ever learn. FUCK NATURE! bout to add chad worshipers to my sig, more pathetic than even foid orbiters, Chad doesn't give a damn about you. 								 									Last edited: Sep 12, 2018 ",/threads/dont-hate-chad-for-having-sex-with-all-the-women-if-you-were-chad-you-would-do-the-same-thing.74109/
22,blickpall,2019-06-19 12:50:18.116708,2018-09-13 01:50:02,1387229,"[1387181, 1387184]",2017-11-08 00:00:00,[],4543,23,O T L, WarriorSkull said: 			Everyone is such a pussy about hate because of all the brainwashing we are subjected to since childhood to make us docile citizens. 		 Click to expand... Ledgemund said: 			18 posts in this thread on incels.is and only @incel4life and 2 others seem to understand the issue. 		 Click to expand... Hating something you have no control over is wasting time and energy pointlessly. ,/threads/dont-hate-chad-for-having-sex-with-all-the-women-if-you-were-chad-you-would-do-the-same-thing.74109/
23,BRCel123,2019-06-19 12:50:18.116758,2018-09-13 01:52:28,1387236,[],2018-05-13 00:00:00,[],432,24,Recruit," hating on chads is cope, it's all women's fault. ",/threads/dont-hate-chad-for-having-sex-with-all-the-women-if-you-were-chad-you-would-do-the-same-thing.74109/
24,incel4life,2019-06-19 12:50:18.116822,2018-09-13 02:01:44,1387258,[1387119],2017-11-08 00:00:00,[],1427,25,Veteran," FrothySolutions said: 			This is a good point that I only have the courage to parrot because a mod said it. Life isn't fair to us, but the players in life didn't decide the rules. It's understandable that someone would hate Chad for having someone while you have no one, but that's jealousy, it's misplaced revenge. It's like hating someone for being rich when you're poor. That rich person didn't conspire to hurt you specifically, if you deserve money, why don't they deserve money? If you deserve a woman, why doesn't Chad deserve a woman? It's just that we don't have women, so we get mad at people who do. Even though they're no less deserving than we are. 		 Click to expand... Vengeance is inflicting harm on someone just to get back at them, at no benefit to society. But when you punish Chads for fornication, that benefits society by making it easier for incels to get women. When punishing someone improves society, that is not vengeance - that is justice. ",/threads/dont-hate-chad-for-having-sex-with-all-the-women-if-you-were-chad-you-would-do-the-same-thing.74109/
25,Ledgemund,2019-06-19 12:50:18.116898,2018-09-13 03:14:45,1387544,[1387229],2018-01-13 00:00:00,[],2942,26,free him or cuck," blickpall said: 			Hating something you have no control over is wasting time and energy pointlessly. 		 Click to expand... ""Well not with that attitude""  Seriously though, I've been in that state - during unquestionably the worst period of my life - lapsed into inertia, not knowing what to do with yourself, taking the ""high road"". Apathy is no better - is worse - than hate, especially when you see where it leads. ""Can't hate nature. It is what it is. I'm waste. I'm useless"" - the inevitable consequence of naturalistic resignation: cuckoldry. What kind of way is that to go through life? To be saddled with altruistic illusion, to be suckered into ""respecting autonomy"" above all else, the result of which is simply to strictly limit your own. You might not be able to change anything in rapid strides, but there is personal benefit to feeling and believing ""something"" rather than ""nothing"". To consider yourself an adversary, not a subaltern. To derive pleasure from opposition, not gnawing shame from subjugation. Fight for your own truth, because absolutely no one else is going to do it for you. With the proper measure of vigor and conviction, the development of incel consciousness as a coherent worldview capable of dissemination might not even be in vain. A lot of work here is put into uncovering blackpills and presenting them - but for what? ""Hey you know you people don't treat us the best and it might be nice if you at least recognized this"" Most of them probably already do. What do you expect them to do? Pat you on the back and just resume fornicating in front of you? The goal of any work, any idea produced here should simply be to get someone on the outside angry and disaffected. They'll do with these feelings what they will. Encouraging submission is counterproductive. ",/threads/dont-hate-chad-for-having-sex-with-all-the-women-if-you-were-chad-you-would-do-the-same-thing.74109/
26,Inbuddhist,2019-06-19 12:50:18.116971,2018-09-13 03:19:14,1387568,[],2018-02-26 00:00:00,[],2043,27,Major," Don't lecture an angry/frustrated incel for hating chad, if you were a truecel you'd feel the same thing. ",/threads/dont-hate-chad-for-having-sex-with-all-the-women-if-you-were-chad-you-would-do-the-same-thing.74109/
27,FrothySolutions,2019-06-19 12:50:18.117040,2018-09-13 03:21:18,1387577,[1387258],2018-05-06 00:00:00,[],3794,28,Post like the FBI is watching.," incel4life said: 			Vengeance is inflicting harm on someone just to get back at them, at no benefit to society. But when you punish Chads for fornication, that benefits society by making it easier for incels to get women. When punishing someone improves society, that is not vengeance - that is justice. 		 Click to expand... You say vengeance is personal, but it could be argued that making it easier for incels to get women is personal. Who says society will be happier if we, we unhappy few, get laid? At the cost of the majority's freedom? Why is it justice for the rights of the many to be taken by force for the rights of the few? ",/threads/dont-hate-chad-for-having-sex-with-all-the-women-if-you-were-chad-you-would-do-the-same-thing.74109/
28,Gangsta Rape,2019-06-19 12:50:18.117140,2018-09-13 03:31:21,1387635,"[1387119, 1387119, 1387119]",2017-11-08 00:00:00,[],84,29,Recruit," FrothySolutions said: 			Life isn't fair to us, but the players in life didn't decide the rules. 		 Click to expand... Players do decide the rules. Chads decide to fuck all women. Women elect feminist government. FrothySolutions said: 			That rich person didn't conspire to hurt you specifically, if you deserve money, why don't they deserve money? If you deserve a woman, why doesn't Chad deserve a woman? 		 Click to expand... There is enough women and money for everyone. The problem is chads and rich take all women and money to themselves leaving incels and poor with nothing. They are essentially stealing from them. It's wrong for african children to starve while you shit in gold toilet. FrothySolutions said: 			It's just that we don't have women, so we get mad at people who do. 		 Click to expand... It's just that we don't have freedom, so we get mad at whites who do. ",/threads/dont-hate-chad-for-having-sex-with-all-the-women-if-you-were-chad-you-would-do-the-same-thing.74109/
29,Blue Squirtle,2019-06-19 12:50:18.117217,2018-09-13 03:51:18,1387737,[1386999],2018-05-07 00:00:00,[],1606,30,Banned," blickpall said: 			How is it ""your"" woman? 		 Click to expand... Because there's an equal amount of women to men, so there's enough for each man. ",/threads/dont-hate-chad-for-having-sex-with-all-the-women-if-you-were-chad-you-would-do-the-same-thing.74109/
30,FrothySolutions,2019-06-19 12:50:18.117289,2018-09-13 03:51:44,1387740,[1387635],2018-05-06 00:00:00,[],3794,31,Post like the FBI is watching.," Gangsta Rape said: 			Players do decide the rules. Chads decide to fuck all women. Women elect feminist government. There is enough women and money for everyone. The problem is chads and rich take all women and money to themselves leaving incels and poor with nothing. They are essentially stealing from them. It's wrong for african children to starve while you shit in gold toilet. It's just that we don't have freedom, so we get mad at whites who do. 		 Click to expand... It's not like slavery. Chads didn't ""establish"" incelibacy. It's something that happened because we just happen to be unappealing to people. For reasons we can't change and didn't choose. If anyone established anything, it's the people who rejected us and chose Chad. And if we by our own admission are repulsive, how can we blame them? We'll talk up a big game about how we aren't good enough for anyone, and that should make us frustrated, but at the same time we should understand that no one is obligated to pick a lemon when they want better fruit. ",/threads/dont-hate-chad-for-having-sex-with-all-the-women-if-you-were-chad-you-would-do-the-same-thing.74109/
31,Blue Squirtle,2019-06-19 12:50:18.117355,2018-09-13 03:52:31,1387742,[1386991],2018-05-07 00:00:00,[],1606,32,Banned," incel4life said: 			Yes, but I am not a Chad, I am an incel. Therefore, I want the Chads slaughtered for taking my women. If you defend Chad having sex with the woman that would be yours in a monogamous society, you are literally a cuckold. 		 Click to expand... I wouldn't, I'd just want one and live my life being happy with only one person. ",/threads/dont-hate-chad-for-having-sex-with-all-the-women-if-you-were-chad-you-would-do-the-same-thing.74109/
32,Gangsta Rape,2019-06-19 12:50:18.117450,2018-09-13 05:41:46,1388053,"[1387740, 1387740, 1387740]",2017-11-08 00:00:00,[],84,33,Recruit," FrothySolutions said: 			It's not like slavery. Chads didn't ""establish"" incelibacy. It's something that happened because we just happen to be unappealing to people. 		 Click to expand... Slavery was very widespread until recently, apparently because humans have propensity to enslave each other. People who enslaved others just acted on their urges, they upheld slavery just like chad upheld incelibacy by taking all women to himself. Just because you have urge to do something doesn't  mean you should act on it.  FrothySolutions said: 			It's something that happened because we just happen to be unappealing to people. 		 Click to expand... It's not that easy. The problem is women have too much men to choose from because chad is greedy. Women would lower their standarts if they were not drowning in tinder messages from them. FrothySolutions said: 			We'll talk up a big game about how we aren't good enough for anyone, and that should make us frustrated, but at the same time we should understand that no one is obligated to pick a lemon when they want better fruit. 		 Click to expand... We live in society. Everyone obligated do shit for others, like you obligated not to kill, pay taxes. All that ""nobody owes you shit"" is bullshit, because nobody actually think that, we simply disagree what we (humans) exactly owe to each other. If someone can decide that nobody owes lemons anything, then lemons can decide that females are not owed better fruit. ",/threads/dont-hate-chad-for-having-sex-with-all-the-women-if-you-were-chad-you-would-do-the-same-thing.74109/
33,JJtheIncel,2019-06-19 12:50:18.117602,2018-09-13 05:48:10,1388068,[1387101],2018-02-28 00:00:00,[],1331,34,Veteran," MaxZM98 said: 			the government needs to make it mandatory to abort your first child if it is a male. this way there will be more women than men, so we can all be chads 		 Click to expand... That made no sense and lowered my iq  Fuc u ",/threads/dont-hate-chad-for-having-sex-with-all-the-women-if-you-were-chad-you-would-do-the-same-thing.74109/
34,ColdPillow,2019-06-19 12:50:18.117682,2018-09-13 05:58:04,1388097,[1386991],2018-07-19 00:00:00,[],1476,35,Cardiac arrest will get me one day," incel4life said: 			Yes, but I am not a Chad, I am an incel. Therefore, I want the Chads slaughtered for taking my women. If you defend Chad having sex with the woman that would be yours in a monogamous society, you are literally a cuckold. 		 Click to expand... I wouldn’t fuck a shit ton of women if I were a chad. ALL I WANT IS ONE BEAUTIFUL WOMAN TO SETTLE DOWN WITH AND LOVE/START A FAMILY. THAT’S ALL I WANT. ",/threads/dont-hate-chad-for-having-sex-with-all-the-women-if-you-were-chad-you-would-do-the-same-thing.74109/
35,incelkingkong,2019-06-19 12:50:18.117761,2018-09-13 06:00:06,1388105,"[1387041, 1387544]",2017-11-08 00:00:00,[],9534,36,sleep forever," incel4life said: 			Chad is a bro. He has sex with my future wife for me so that I don't have to take her virginity. What an awesome bro. 		 Click to expand... Ledgemund said: 			""Well not with that attitude""  Seriously though, I've been in that state - during unquestionably the worst period of my life - lapsed into inertia, not knowing what to do with yourself, taking the ""high road"". Apathy is no better - is worse - than hate, especially when you see where it leads. ""Can't hate nature. It is what it is. I'm waste. I'm useless"" - the inevitable consequence of naturalistic resignation: cuckoldry. What kind of way is that to go through life? To be saddled with altruistic illusion, to be suckered into ""respecting autonomy"" above all else, the result of which is simply to strictly limit your own. You might not be able to change anything in rapid strides, but there is personal benefit to feeling and believing ""something"" rather than ""nothing"". To consider yourself an adversary, not a subaltern. To derive pleasure from opposition, not gnawing shame from subjugation. Fight for your own truth, because absolutely no one else is going to do it for you. With the proper measure of vigor and conviction, the development of incel consciousness as a coherent worldview capable of dissemination might not even be in vain. A lot of work here is put into uncovering blackpills and presenting them - but for what? ""Hey you know you people don't treat us the best and it might be nice if you at least recognized this"" Most of them probably already do. What do you expect them to do? Pat you on the back and just resume fornicating in front of you? The goal of any work, any idea produced here should simply be to get someone on the outside angry and disaffected. They'll do with these feelings what they will. Encouraging submission is counterproductive. 		 Click to expand... high iq post ",/threads/dont-hate-chad-for-having-sex-with-all-the-women-if-you-were-chad-you-would-do-the-same-thing.74109/
36,GeneticDysfunction,2019-06-19 12:50:18.117818,2018-09-13 06:14:32,1388145,[],2017-11-08 00:00:00,[],4264,37,Wizard, Rope or cope for non chads like us ,/threads/dont-hate-chad-for-having-sex-with-all-the-women-if-you-were-chad-you-would-do-the-same-thing.74109/
37,Thebiggestloser,2019-06-19 12:50:18.117869,2018-09-13 06:20:33,1388153,[],2018-08-27 00:00:00,[],171,38,Recruit, If it’s your women go get them cuck. Instead of bitching on hERe ,/threads/dont-hate-chad-for-having-sex-with-all-the-women-if-you-were-chad-you-would-do-the-same-thing.74109/
38,YungCell,2019-06-19 12:50:18.117934,2018-09-13 06:53:53,1388244,"[1387061, 1386991]",2018-07-27 00:00:00,[],4265,39,Niggas iffy," Hunter said: 			if i was chad i would commit to a foid and leave the rest. chads are fucking dickheads that dont consider sub 8 males in the sexual market which is why i want them guillotined. 		 Click to expand... I would like to say the same, but I feel like after many years I might get incredibly tired of the same foid and since I know that literally millions of foids are after me i might be tempted to move on, the olny reason to live is for pleasure so why not make the most of my Chad body incel4life said: 			Yes, but I am not a Chad, I am an incel. Therefore, I want the Chads slaughtered for taking my women. If you defend Chad having sex with the woman that would be yours in a monogamous society, you are literally a cuckold. 		 Click to expand... [Yes, but I am not a lottery winner, I am an incel. Therefore, I want the lottery winners slaughtered for taking my money. If you defend lottery winners having luxury with the money that would be yours in a unfair society, you are literally a cuckold.] Just because I didnt win the lottery doesnt mean those who did should feel bad >In our society women are the ones who flock to Chads like there is no tomorrow, we cant blame them for taking advantage of a broken system, we can blame the cucks and ""Empowered"" foids who are to stupid to see the consequences of them running the system that somewhat worked in the 50s and 60s. 								 									Last edited: Sep 13, 2018 ",/threads/dont-hate-chad-for-having-sex-with-all-the-women-if-you-were-chad-you-would-do-the-same-thing.74109/
39,Ledgemund,2019-06-19 12:50:18.117992,2018-09-13 07:06:08,1388279,[1388244],2018-01-13 00:00:00,[],2942,40,free him or cuck," YungCell said: 			[Yes, but I am not a lottery winner, I am an incel. Therefore, I want the lottery winners slaughtered for taking my money. If you defend lottery winners having luxury with the money that would be yours in a unfair society, you are literally a cuckold.] 		 Click to expand... Are you a comfortable wageslave or are you dying of hunger in the street?  You don't need to answer, you're the latter and the lottery winners are holding burning fistfuls of cash in your face as you struggle to keep your eyelids open. ",/threads/dont-hate-chad-for-having-sex-with-all-the-women-if-you-were-chad-you-would-do-the-same-thing.74109/
40,TheSlippwrySeal,2019-06-19 12:50:18.118038,2018-09-13 07:24:56,1388317,[],2018-03-18 00:00:00,[],893,41,Better Incel Than Cuck (BITC)," Pretty much all Chads I've come into contact with have been nice to me. Foids, however..... ",/threads/dont-hate-chad-for-having-sex-with-all-the-women-if-you-were-chad-you-would-do-the-same-thing.74109/
41,Masterkief9,2019-06-19 12:50:18.118091,2018-09-13 07:39:01,1388344,[1387005],2018-06-15 00:00:00,[],578,42,Bodybuildercel, Ignas said: 			Nah I hate nature and my genes 		 Click to expand... ,/threads/dont-hate-chad-for-having-sex-with-all-the-women-if-you-were-chad-you-would-do-the-same-thing.74109/
42,Born2,2019-06-19 12:50:18.118140,2018-09-13 08:23:55,1388429,[1386991],2018-08-24 00:00:00,[],80,43,Recruit," incel4life said: 			sex with the woman that would be yours in a monogamous society, you are literally a cuckold. 		 Click to expand... I wouldn't date a whore in a monogamous society. ",/threads/dont-hate-chad-for-having-sex-with-all-the-women-if-you-were-chad-you-would-do-the-same-thing.74109/
43,YungCell,2019-06-19 12:50:18.118191,2018-09-13 21:38:16,1391139,[1388279],2018-07-27 00:00:00,[],4265,44,Niggas iffy," Ledgemund said: 			Are you a comfortable wageslave or are you dying of hunger in the street? You don't need to answer, you're the latter and the lottery winners are holding burning fistfuls of cash in your face as you struggle to keep your eyelids open. 		 Click to expand... Yes, I can be jealous but I cant hate them because they're arnt as bad off as I am ",/threads/dont-hate-chad-for-having-sex-with-all-the-women-if-you-were-chad-you-would-do-the-same-thing.74109/
44,Konon,2019-06-19 12:50:18.118248,2018-09-13 21:39:19,1391143,[1386997],2018-04-09 00:00:00,[],1622,45,Captain," CopeWithTheRope said: 			Can't hate nature, boyo, though it is cruel. 		 Click to expand... Yes I can lol ",/threads/dont-hate-chad-for-having-sex-with-all-the-women-if-you-were-chad-you-would-do-the-same-thing.74109/
45,SoCalSuifuel,2019-06-19 12:50:18.118378,2018-09-13 21:40:06,1391148,[1387010],2018-06-07 00:00:00,[],2449,46,Death Note Makes No Sense," Zaetheus said: 			“Don’t hate the player , hate the game.” -From the “Pimp’s Bible” Verse 23 , line 2 		 Click to expand... Low-IQ ideology, the game can't exist without the players, the players create the game. If you hate the game, you should also hate the players. ",/threads/dont-hate-chad-for-having-sex-with-all-the-women-if-you-were-chad-you-would-do-the-same-thing.74109/
46,Zaetheus,2019-06-19 12:50:18.118441,2018-09-13 21:46:55,1391171,[1391148],2017-11-26 00:00:00,[],5981,47,変態/オタク神。 私たち全員に慈悲をください。," SoCalSuifuel said: 			Low-IQ ideology, the game can't exist without the players, the players create the game. If you hate the game, you should also hate the players. 		 Click to expand... The “Game” would exist with or without the players. You just forfeit the game if that’s the case.‘The player’ is a person participating in a system over which he has no control. ‘The game’ is that system.  For example: a guy goes out with his friends to a bar and starts hitting on some young women, one of the women is receptive, they go home together. The guy receives an angry email (or these days, text) from one of his friends, “What happened to you last night? You ditched us!” To which the lucky guy would say “Don’t hate the player; hate the game.” The game will exist with or without because the system is in order weather you like it or not. Hating the players play the “game” is pointless. ",/threads/dont-hate-chad-for-having-sex-with-all-the-women-if-you-were-chad-you-would-do-the-same-thing.74109/
47,Zyros,2019-06-19 12:50:18.118497,2018-09-13 21:48:22,1391176,[1386997],2017-11-08 00:00:00,[],3407,48,Banned," CopeWithTheRope said: 			Can't hate nature, boyo, though it is cruel. 		 Click to expand... Why? what makes it good. Stop with the appeal to nayure law. Anyone who doesnt hate natute is a cuck. ",/threads/dont-hate-chad-for-having-sex-with-all-the-women-if-you-were-chad-you-would-do-the-same-thing.74109/
48,SoCalSuifuel,2019-06-19 12:50:18.118560,2018-09-13 22:09:31,1391254,[1391171],2018-06-07 00:00:00,[],2449,49,Death Note Makes No Sense," Zaetheus said: 			The “Game” would exist with or without the players. You just forfeit the game if that’s the case.‘The player’ is a person participating in a system over which he has no control. ‘The game’ is that system. For example: a guy goes out with his friends to a bar and starts hitting on some young women, one of the women is receptive, they go home together. The guy receives an angry email (or these days, text) from one of his friends, “What happened to you last night? You ditched us!” To which the lucky guy would say “Don’t hate the player; hate the game.” The game will exist with or without because the system is in order weather you like it or not. Hating the players play the “game” is pointless. 		 Click to expand... Nah, retard tier thinking right here. If men would stop fucking women they weren't in long term relationships with, then hypergamy wouldn't be thing, if they refused to have long term relationships with girls that weren't virgins, hypergamy wouldn't be a thing. Men have allowed this situation to come into existence, Chad is just as much to blame as Stacy is, if you believe in free will or choice, and if you don't believe in free will or choice, then there is no game and there are no players, there are just particles moving around with no control over their part in the universe. ",/threads/dont-hate-chad-for-having-sex-with-all-the-women-if-you-were-chad-you-would-do-the-same-thing.74109/
49,Red Shambhala,2019-06-19 12:50:18.118608,2018-09-13 22:12:17,1391257,[],2017-11-10 00:00:00,[],2611,50,Death to America, Maybe we should make it so that there is universal healthcare and plastic surgery is covered in universal healthcare ... but only for men! Not for women.  ,/threads/dont-hate-chad-for-having-sex-with-all-the-women-if-you-were-chad-you-would-do-the-same-thing.74109/
50,Zaetheus,2019-06-19 12:50:18.118671,2018-09-13 22:25:03,1391322,[1391254],2017-11-26 00:00:00,[],5981,51,変態/オタク神。 私たち全員に慈悲をください。," SoCalSuifuel said: 			Nah, retard tier thinking right here. If men would stop fucking women they weren't in long term relationships with, then hypergamy wouldn't be thing, if they refused to have long term relationships with girls that weren't virgins, hypergamy wouldn't be a thing. Men have allowed this situation to come into existence, Chad is just as much to blame as Stacy is, if you believe in free will or choice, and if you don't believe in free will or choice, then there is no game and there are no players, there are just particles moving around with no control over their part in the universe. 		 Click to expand... So you don’t believe in your own “free will” ? We can agree to disagree. ",/threads/dont-hate-chad-for-having-sex-with-all-the-women-if-you-were-chad-you-would-do-the-same-thing.74109/
51,Ledgemund,2019-06-19 12:50:18.118729,2018-09-13 22:33:23,1391366,[1391139],2018-01-13 00:00:00,[],2942,52,free him or cuck," YungCell said: 			Yes, I can be jealous but I cant hate them because they're arnt as bad off as I am 		 Click to expand... It goes beyond ""jealousy"" into a direct incursion on your own ability to live and subsist in peace. That is the problem with framing it as a simple, clear-cut issue between positive and negative autonomy (I don't have the right to strike at anyone, because everyone has the right not to be hurt), because there are always problems extending beyond such an elegantly reductive model. You are being robbed under the guise of the free accruement of resources. Their actions make the world inhospitable to your own existence and, moreover, they gleefully frame your dispossession as a moral triumph. Is the callous monopolization of power ""just""? Sure, it's ""natural"", which is why distinctions between ""nature"" and ""civilization"" are spoken of. 								 									Last edited: Sep 13, 2018 ",/threads/dont-hate-chad-for-having-sex-with-all-the-women-if-you-were-chad-you-would-do-the-same-thing.74109/
52,FrothySolutions,2019-06-19 12:50:18.118839,2018-09-13 23:56:20,1391686,[1388053],2018-05-06 00:00:00,[],3794,53,Post like the FBI is watching.," Gangsta Rape said: 			Slavery was very widespread until recently, apparently because humans have propensity to enslave each other. People who enslaved others just acted on their urges, they upheld slavery just like chad upheld incelibacy by taking all women to himself. Just because you have urge to do something doesn't  mean you should act on it. 		 Click to expand... Enslaving me and having sex with the girl I wanna have sex with aren't comparable just because the slave driver/girl fucker in question acted on his urges. Every action comes from urge, urges aren't the factor here. Slave driving is taking my rights away. And directly. It's saying ""You, FrothySolutions, I'm taking your rights away personally."" Girl fucking is taking what I wish I had, but don't technically have any claim to. Indirectly. Somebody having the sex I wanna have, that's still their sex that they have the right to have, and on top of that it's not like they were wringing their hands plotting a way to take what I wanted. I mean, odds are they weren't, odds are they have no idea who I am. Because it's just some random Chad who doesn't know me and wishes me personally no ill will.  We live in a society of obligations, yeah. But we also live in a society of freedoms. And currently Chad has the right to have sex with whoever his market value can buy. And though it pains me more than anything, if I keep harping on about how undesirable I am, even at the protest of dewy-eyed Blue Pillers who insist I could TOTALLY have Stacy if I just was more confident, how can I in honest conscience say Stacy should be with me? When I'm the one who told everyone ""No no, don't tell me I'm not ugly. I am ugly. Embrace the Black Pill."" I guess it's more comparable to food. I do need food. But the way it stands, I don't have the right to take food from Chad's refrigerator. He has the right to buy as much food as his money will afford him. To take his girlfriend is to take his food. Government assistance, I could see that. But right now I can't rob Chad to pay me. We don't have a ""One sexual relationship for life"" policy. ",/threads/dont-hate-chad-for-having-sex-with-all-the-women-if-you-were-chad-you-would-do-the-same-thing.74109/
53,WithoutMe,2019-06-19 12:50:18.118892,2018-09-14 00:30:49,1391798,[1386991],2018-05-19 00:00:00,[],4625,54,what the suffering to stto," incel4life said: 			If you defend Chad having sex with the woman that would be yours in a monogamous society, you are literally a cuckold. 		 Click to expand... We do not live in a monogamous society. You have no wife. Killing men lucky enough to be born in the top 20% of looks has no reasoning behind it except spite. ",/threads/dont-hate-chad-for-having-sex-with-all-the-women-if-you-were-chad-you-would-do-the-same-thing.74109/
54,incel4life,2019-06-19 12:50:18.118947,2018-09-14 00:41:41,1391836,[1391798],2017-11-08 00:00:00,[],1427,55,Veteran," WithoutMe said: 			Killing men lucky enough to be born in the top 20% of looks has no reasoning behind it except spite. 		 Click to expand... This is false. If people are punished for committing fornication, society becomes monogamous and every man can get a wife. ",/threads/dont-hate-chad-for-having-sex-with-all-the-women-if-you-were-chad-you-would-do-the-same-thing.74109/
55,Ledgemund,2019-06-19 12:50:18.119006,2018-09-14 00:41:55,1391837,"[1391798, 1391798]",2018-01-13 00:00:00,[],2942,56,free him or cuck," WithoutMe said: 			We do not live in a monogamous society. 		 Click to expand... Not anymore, due in no small part to the following type of thinking: WithoutMe said: 			Killing men lucky enough to be born in the top 20% of looks has no reasoning behind it except spite. 		 Click to expand... Let 'em trample over my broken and tired body. Good for you, stud! Wish it were me tho gotta be honest lmao No one cares about you or respects your rights, because to them, you have none. If you had rights, you'd have something. You have nothing, so you must not have a right to anything. plus  @ the tired ""top 20%"" meem. It's 5-10% and narrowing. ",/threads/dont-hate-chad-for-having-sex-with-all-the-women-if-you-were-chad-you-would-do-the-same-thing.74109/
56,FrothySolutions,2019-06-19 12:50:18.119060,2018-09-14 00:43:54,1391846,[1391837],2018-05-06 00:00:00,[],3794,57,Post like the FBI is watching.," Ledgemund said: 			No one cares about you or respects your rights, because to them, you have none. If you had rights, you'd have something. You have nothing, so you must not have a right to anything. plus  @ the tired ""top 20%"" meem. It's 5-10% and narrowing. 		 Click to expand... But I do have rights, it's just Chad has more means. ",/threads/dont-hate-chad-for-having-sex-with-all-the-women-if-you-were-chad-you-would-do-the-same-thing.74109/
57,Ledgemund,2019-06-19 12:50:18.119122,2018-09-14 00:48:58,1391865,[1391846],2018-01-13 00:00:00,[],2942,58,free him or cuck," FrothySolutions said: 			But I do have rights, it's just Chad has more means. 		 Click to expand... What system guides the use of one's means, though? Our present one and that one only, naturally. Is this system necessary? Is it correct just by virtue of existing? How are variable means exercised under the unique set of rights established by this system? Things could be and have been different. When strict pairing-off of ""one man to one woman"" is in place, Chad might have means to get something better, but he does not have the means to get everything. 								 									Last edited: Sep 13, 2018 ",/threads/dont-hate-chad-for-having-sex-with-all-the-women-if-you-were-chad-you-would-do-the-same-thing.74109/
58,WithoutMe,2019-06-19 12:50:18.119179,2018-09-14 00:53:42,1391888,"[1391837, 1391836]",2018-05-19 00:00:00,[],4625,59,what the suffering to stto," Ledgemund said: 			No one cares about you or respects your rights, because to them, you have none. If you had rights, you'd have something. You have nothing, so you must not have a right to anything. 		 Click to expand... Right to what exactly? incel4life said: 			This is false. If people are punished for committing fornication, society becomes monogamous and every man can get a wife. 		 Click to expand... At what cost? Show me an example of a society where monogamy is enforced, and make it have equal or greater liberty and quality of life than the cuck society where monogamy is not enforced. I don't think you will find a real world example. ",/threads/dont-hate-chad-for-having-sex-with-all-the-women-if-you-were-chad-you-would-do-the-same-thing.74109/
59,incel4life,2019-06-19 12:50:18.119231,2018-09-14 00:54:49,1391893,[1391846],2017-11-08 00:00:00,[],1427,60,Veteran," FrothySolutions said: 			But I do have rights, it's just Chad has more means. 		 Click to expand... Forget about rights. Would you rather live in Society A where you can get a looksmatched wife and Chads are punished for committing fornication, or would you rather live in a Society B where Chad has the right to have sex with with as many women as he wants, and as a consequence you are incel? ",/threads/dont-hate-chad-for-having-sex-with-all-the-women-if-you-were-chad-you-would-do-the-same-thing.74109/
60,Anger,2019-06-19 12:50:19.178230,2018-09-14 00:58:31,1391916,[],2018-05-30 00:00:00,[],6086,61,Honorary WBB: WE LET OUR NUTS HANG!!!," Finally a high IQ thread, i'm tired of those cuckolds sucking chad's cocks as much as femoid would do. ",/threads/dont-hate-chad-for-having-sex-with-all-the-women-if-you-were-chad-you-would-do-the-same-thing.74109/
61,FrothySolutions,2019-06-19 12:50:19.178290,2018-09-14 01:00:44,1391923,[1391865],2018-05-06 00:00:00,[],3794,62,Post like the FBI is watching.," Ledgemund said: 			Under what system does he have more means, though? The present one. Is this system necessary? Is it correct just by virtue of existing? How are variable means exercised under the unique set of rights established by this system? Things could be and have been different. When strict pairing-off of ""one man to one woman"" is in place, Chad might have means to get something better, but he does not have the means to get everything. Click to expand... The question is, what rights are self-evident? I think if we have no other rights at all, we have the right to our selves. So to say ""You have to be with this person"" is a violation of that right. It might make incels happy, but we have to ask where the line between freedom and responsibility is. And usually you're only responsible for not taking what belongs to someone else. ",/threads/dont-hate-chad-for-having-sex-with-all-the-women-if-you-were-chad-you-would-do-the-same-thing.74109/
62,Gangsta Rape,2019-06-19 12:50:19.178352,2018-09-14 01:14:10,1391967,"[1391686, 1391686, 1391686, 1391686, 1391686]",2017-11-08 00:00:00,[],84,63,Recruit," FrothySolutions said: 			Girl fucking is taking what I wish I had, but don't technically have any claim to. 		 Click to expand... But who decide what you have right to? Why let others decide that? FrothySolutions said: 			I mean, odds are they weren't, odds are they have no idea who I am. Because it's just some random Chad who doesn't know me and wishes me personally no ill will. 		 Click to expand... It doesn't matter what chad think of us. He causes our inceldom. FrothySolutions said: 			We live in a society of obligations, yeah. But we also live in a society of freedoms. And currently Chad has the right to have sex with whoever his market value can buy. 		 Click to expand... Just because chad born chad doesn't mean it's moral for him to take everything to himself. FrothySolutions said: 			I guess it's more comparable to food. I do need food. But the way it stands, I don't have the right to take food from Chad's refrigerator. He has the right to buy as much food as his money will afford him. To take his girlfriend is to take his food. Government assistance, I could see that. But right now I can't rob Chad to pay me. 		 Click to expand... So starving african kid who stole some food from chad fridge who constantly eat a pizza before him is an evil kid? FrothySolutions said: 			We don't have a ""One sexual relationship for life"" policy. 		 Click to expand... We should. ",/threads/dont-hate-chad-for-having-sex-with-all-the-women-if-you-were-chad-you-would-do-the-same-thing.74109/
63,Ledgemund,2019-06-19 12:50:19.178399,2018-09-14 01:16:19,1391973,[1391888],2018-01-13 00:00:00,[],2942,64,free him or cuck," WithoutMe said: 			Right to what exactly? 		 Click to expand... In this case: a right to companionship, a spouse, a woman.  Among our detractors, anyone who ends up with one is celebrated as embodiment of shining virtue, of worth, of having ""deserved"" it. It is not explicitly taken as a ""right"", but their sexual success is legitimized simply for having happened. The issue comes when there is no coherent law you can apply to earning your way to love beyond hand-waving liberal notions of consent. Likely you've asked yourself, ""what exactly do I have to do to get what I need?"", only to receive no response. Better yet: ""Become a good person and try again when you are one."" ""Okay, I think I've done what I need to now but I'm still failing."" ""Ummmm well the fact that you think you're entitled to something just for being good proves that you aren't good. Try actually being a good person."" There is nothing to work toward, no goal, no promise. Your only hope is to be desired by a woman, something that has no guarantee of happening. There is no solid ethical undergirding to this assortment at present - only primal biological impulses left to reign unsustainably in the complex apparatus of modern society, sanctioned under the hegemonic idea of ""consent"". That such essential questions of human fulfillment have no secure, codified basis is going to prove to be a problem. It is extensible to all areas of life in liberal society, from what are now conceived of as public utilities, to health care, to social programs. ",/threads/dont-hate-chad-for-having-sex-with-all-the-women-if-you-were-chad-you-would-do-the-same-thing.74109/
64,FrothySolutions,2019-06-19 12:50:19.178439,2018-09-14 01:16:42,1391974,[1391893],2018-05-06 00:00:00,[],3794,65,Post like the FBI is watching.," incel4life said: 			Forget about rights. Would you rather live in Society A where you can get a looksmatched wife and Chads are punished for committing fornication, or would you rather live in a Society B where Chad has the right to have sex with with as many women as he wants, and as a consequence you are incel? 		 Click to expand... But that's what it's all about. If it's not right, it's just misplaced anger. And anger and jealousy is a fair reaction. I have the right to be jealous and bitter, even though Chad didn't technically ""steal"" from me. But I can't make any real claim for what he's got. Just be bitter about what I don't have. ",/threads/dont-hate-chad-for-having-sex-with-all-the-women-if-you-were-chad-you-would-do-the-same-thing.74109/
65,Ledgemund,2019-06-19 12:50:19.178496,2018-09-14 01:37:43,1392035,"[1391923, 1391366]",2018-01-13 00:00:00,[],2942,66,free him or cuck," FrothySolutions said: 			The question is, what rights are self-evident? I think if we have no other rights at all, we have the right to our selves. So to say ""You have to be with this person"" is a violation of that right. It might make incels happy, but we have to ask where the line between freedom and responsibility is. And usually you're only responsible for not taking what belongs to someone else. 		 Click to expand... Rights are contingent. The whole ""right to bee yourself "" framework (it ties in even more broadly to the question of social, economic, and political control by exploitative forces, which is way too tangential to get into here) on which so much of modern ""morality"" rests is flawed, as stated here: Ledgemund said: 			That is the problem with framing it as a simple, clear-cut issue between positive and negative autonomy (""I don't have the right to strike at anyone, because everyone has the right not to be hurt""), because there are always problems extending beyond such an elegantly reductive model. You are being robbed under the guise of the free accruement of resources. Their actions make the world inhospitable to your own existence and, moreover, they gleefully frame your dispossession as a moral triumph. Is the callous monopolization of power ""just""? Sure, it's ""natural"", which is why distinctions between ""nature"" and ""civilization"" are spoken of. 		 Click to expand... The question is: which rights work? In order to develop a viable system of rights, some sacrifices of agency have to be made in order to hold up the structure as a whole. ""Autonomy"" is not morally positive - it is rather the removal of useful constraints on human behavior -  and just devolves toward anarchy and conflict where resources are hoarded and battles are fought over them. At present, things seem to be in limbo between broad social liberalism and specific instances of heavy-handed control to keep ""undesirable elements"" from ruining everyone else's party. Consider this case, which I'm sure you're familiar with: Foids can dress as they want to. Superficially, ""they have the right to their own bodies"". In aggregate, this leads to streets packed with nubile sluts basking their bronzed skin the sun's glow, leads to you being taunted and driven mad every time you want to take a walk, to shop, to go anywhere at all. An inordinate burden is shifted onto your back not only to accept your poverty, but to keep cool about it, to be civil - to behave, in this case, according to exactly the same standards as everyone else regardless of how much they actually have to control. You want to rip your hair out and punch someone in the throat, but none of the blessed have anything of the sort - they have things to broadcast, you have things to contain. The world becomes a playground where the advantage of the advantaged reproduces itself endlessly. ",/threads/dont-hate-chad-for-having-sex-with-all-the-women-if-you-were-chad-you-would-do-the-same-thing.74109/
66,WithoutMe,2019-06-19 12:50:19.178534,2018-09-14 01:41:33,1392046,[1392035],2018-05-19 00:00:00,[],4625,67,what the suffering to stto," Ledgemund said: 			In order to develop a viable system of rights, some sacrifices of agency have to be made in order to hold up the structure as a whole. 		 Click to expand... You can take this communist totalitarian bullshit back to the hell you came from. ",/threads/dont-hate-chad-for-having-sex-with-all-the-women-if-you-were-chad-you-would-do-the-same-thing.74109/
67,Ledgemund,2019-06-19 12:50:19.178573,2018-09-14 01:44:17,1392057,[1392046],2018-01-13 00:00:00,[],2942,68,free him or cuck," WithoutMe said: 			You can take this communist totalitarian bullshit back to the hell you came from. 		 Click to expand... Okay dumbass. It's happening right now, except your agency is being sacrificed, just by less obvious and coherent means. A slave to liberalism even when you're under its foot. ",/threads/dont-hate-chad-for-having-sex-with-all-the-women-if-you-were-chad-you-would-do-the-same-thing.74109/
68,FrothySolutions,2019-06-19 12:50:19.178619,2018-09-14 01:57:53,1392112,[1392035],2018-05-06 00:00:00,[],3794,69,Post like the FBI is watching.," Ledgemund said: 			In order to develop a viable system of rights, some sacrifices of agency have to be made in order to hold up the structure as a whole. ""Autonomy"" is not morally positive - it is rather the removal of useful constraints on human behavior -  and just devolves toward anarchy and conflict where resources are hoarded and battles are fought over them. At present, things seem to be in limbo between broad social liberalism and specific instances of heavy-handed control to keep ""undesirable elements"" from ruining everyone else's party. Consider this case, which I'm sure you're familiar with: Foids can dress as they want to. Superficially, ""they have the right to their own bodies"". In aggregate, this leads to streets packed with nubile sluts basking their bronzed skin the sun's glow, leads to you being taunted and driven mad every time you want to take a walk, to shop, to go anywhere at all. An inordinate burden is shifted onto your back not only to accept your poverty, but to keep cool about it, to be civil - to behave, in this case, according to exactly the same standards as everyone else regardless of how much they actually have to control. You want to rip your hair out and punch someone in the throat, but none of the blessed have anything of the sort - they have things to broadcast, you have things to contain. The world becomes a playground where the advantage of the advantaged reproduces itself endlessly. 		 Click to expand... If we're talking about human rights, the basic stuff, it's all about the individual. Laws we have that supposedly uphold the structure, they have their basis in protecting the individual. I can't kill Chad not just because a society where anyone can kill anyone is chaos and doesn't work, but because killing even one innocent Chad is wrong, and a violation of his right to life. ",/threads/dont-hate-chad-for-having-sex-with-all-the-women-if-you-were-chad-you-would-do-the-same-thing.74109/
69,WithoutMe,2019-06-19 12:50:19.178660,2018-09-14 02:03:15,1392143,[1392057],2018-05-19 00:00:00,[],4625,70,what the suffering to stto," Ledgemund said: 			It's happening right now, except your agency is being sacrificed, just by less obvious and coherent means. A slave to liberalism even when you're under its foot. 		 Click to expand... It would be impossible to take away female rights without also regressing in the standard of living caused by the necessary changes to society which would support suppressing the women. The only state capable of enforcing monogamy is a police state. Totalitarian states are known for their human rights atrocities and nothing else. Your idea that you have a right to a woman is communistic and will lead you nowhere good. Communism has never lead anywhere good. ",/threads/dont-hate-chad-for-having-sex-with-all-the-women-if-you-were-chad-you-would-do-the-same-thing.74109/
70,Ledgemund,2019-06-19 12:50:19.178722,2018-09-14 02:53:47,1392380,"[1392112, 1392143, 1392143]",2018-01-13 00:00:00,"[('https', 'www.youtube.com', '/embed/rf3Eub1Hvhs'), ('https', 'i.ytimg.com', '/vi/rf3Eub1Hvhs/hqdefault.jpg')]",2942,71,free him or cuck," FrothySolutions said: 			If we're talking about human rights, the basic stuff, it's all about the individual. Laws we have that supposedly uphold the structure, they have their basis in protecting the individual. I can't kill Chad not just because a society where anyone can kill anyone is chaos and doesn't work, but because killing even one innocent Chad is wrong, and a violation of his right to life. 		 Click to expand... Bolded is critical. Why do we have them? Could we have different ones? ""Human rights"" are not natural law, they are constructions. It is hard to imagine an alternative society when your view is delimited by extant structures. The Universal Declaration of Human Rights (free him) was not a divine revelation. ""The right to life"" has, additionally, been sacrificed countless times in the interest of political exigency. ""Sovereign is he who decides the exception"". Most people are perfectly content to make these kind of simple decisions about right and wrong under conditions of lax comfort, but don't you think the developed world is getting increasingly uncomfortable for a lot of people? At a certain point, people start thinking about what they need to do rather than what they should do. I personally won't be sad to see things go down. This is particular issue is, as well, just my estimation of how things are going to unfold in a couple of decades. It is not a justification. WithoutMe said: 			It would be impossible to take away female rights without also regressing in the standard of living caused by the necessary changes to society which would support suppressing the women. 		 Click to expand... It's probably going to happen whether anyone wants it to or not. The present state of things is not sustainable. It won't be a ""revolution"" with conscious actors, but a disordered, decentralized collapse from which something might emerge. I don't have any illusions of an ""incel coup"", but I do get the feeling that a lot of our ideas are going to be vindicated. WithoutMe said: 			The only state capable of enforcing monogamy is a police state. Totalitarian states are known for their human rights atrocities and nothing else. Your idea that you have a right to a woman is communistic and will lead you nowhere good. Communism has never lead anywhere good. 		 Click to expand... ""monogamy is Communism"" That's a new one. It is, roughly speaking, ""sexual socialism"" but you shouldn't go equating the cornerstone of the pre-20th century world with Stalinism. The maintenance of a social and legal structure supportive to monogamy - meaning anti-fornication, anti-sodomy, anti-adultery laws - has been the bedrock of advanced societies and was common and successful until recently. But don't just take my word for it: 								 									Last edited: Sep 13, 2018 ",/threads/dont-hate-chad-for-having-sex-with-all-the-women-if-you-were-chad-you-would-do-the-same-thing.74109/
71,FrothySolutions,2019-06-19 12:50:19.178764,2018-09-14 03:00:38,1392397,[1392380],2018-05-06 00:00:00,[],3794,72,Post like the FBI is watching.," Ledgemund said: 			Bolded is critical. Why do we have them? Could we have different ones? ""Human rights"" are not natural law, they are constructions. It is hard to imagine an alternative society when your view is delimited by extant structures. The Universal Declaration of Human Rights (free him) was not a divine revelation. ""The right to life"" has, additionally, been sacrificed countless times in the interest of political exigency. Most people are perfectly content to make these kind of simple decisions about right and wrong under conditions of comfort, but don't you think the developed world is getting increasingly uncomfortable for a lot of people? At a certain point, people start thinking about what they need to do rather than what they should do. I personally won't be sad to see things go down. This is particular issue is, as well, just my estimation of how things are going to unfold in a couple of decades. It is not a ""justification"". 		 Click to expand... We have them because these human rights, they are natural. Self-evident. No matter how uncomfortable things get for some people, there are still things you can't take from people. Not fairly, anyway. ",/threads/dont-hate-chad-for-having-sex-with-all-the-women-if-you-were-chad-you-would-do-the-same-thing.74109/
72,Ledgemund,2019-06-19 12:50:19.178811,2018-09-14 03:04:11,1392406,[1392397],2018-01-13 00:00:00,"[('http', 'images.clipartpanda.com', '/roast-beef-clipart-arton228.jpg')]",2942,73,free him or cuck," FrothySolutions said: 			We have them because these human rights, they are natural. Self-evident. No matter how uncomfortable things get for some people, there are still things you can't take from people. Not fairly, anyway. 		 Click to expand... Things that I can't? Yeah, because I quite literally cannot ( 	 	 		 		 	 	  - when are we getting this emoji?). States with huge war arsenals are another matter. It doesn't matter how ostensibly ""self-evident"" rights are in the absence of law or the capacity to enforce it rigorously. Human rights (free him) are violated during warfare almost as a rule. There is nothing natural about them - which itself should be sufficient justification for needing to assert yourself against nature, re: the theme of the thread. 								 									Last edited: Sep 13, 2018 ",/threads/dont-hate-chad-for-having-sex-with-all-the-women-if-you-were-chad-you-would-do-the-same-thing.74109/
73,FrothySolutions,2019-06-19 12:50:19.178856,2018-09-14 03:25:42,1392457,[1392406],2018-05-06 00:00:00,"[('http', 'images.clipartpanda.com', '/roast-beef-clipart-arton228.jpg')]",3794,74,Post like the FBI is watching.," Ledgemund said: 			Things that I can't? Yeah, because I quite literally cannot ( 	 	 		 		 	 	  - when are we getting this emoji?). States with huge war arsenals are another matter. It doesn't matter how ostensibly ""self-evident"" rights are in the absence of law or the capacity to enforce it rigorously. Human rights (free him) are violated during warfare almost as a rule. There is nothing natural about them - which itself should be sufficient justification for needing to assert yourself against nature, re: the theme of the thread. 		 Click to expand... What do you mean? Like, fighting? Or do you mean war crimes? ",/threads/dont-hate-chad-for-having-sex-with-all-the-women-if-you-were-chad-you-would-do-the-same-thing.74109/
74,Ledgemund,2019-06-19 12:50:19.178897,2018-09-14 03:28:31,1392462,[1392457],2018-01-13 00:00:00,[],2942,75,free him or cuck," FrothySolutions said: 			What do you mean? Like, fighting? Or do you mean war crimes? 		 Click to expand... You could take it as both tbh There's a right to life until there isn't. A right to water until there isn't. A right to shelter until there isn't. etc. ",/threads/dont-hate-chad-for-having-sex-with-all-the-women-if-you-were-chad-you-would-do-the-same-thing.74109/
75,IntolerantSocialist,2019-06-19 12:50:19.178943,2018-09-14 03:30:33,1392471,"[1387210, 1392457]",2017-11-11 00:00:00,"[('https', 'www.youtube.com', '/embed/G7AinOjDiNQ'), ('https', 'i.ytimg.com', '/vi/G7AinOjDiNQ/hqdefault.jpg')]",4531,76,Nazbol Blackpilled Amoralist," TysonxTyson said: 			It's just nature amplified by technology and a society that lacks danger. Either you accept the brutal truth, or get pwned. Women aren't yours. They just allow you to have sex with them or maybe you can take it by force. Depending on the environment (Safe and stable vs Dangerous and volatile), your resource and genetics, you will have more sway in convincing them to give you the puss and ultimately their womb for reproduction 		 Click to expand... ""women aren't yours"" fakecel statement of the year. I hate anyone who is opposed to my will. FrothySolutions said: 			What do you mean? Like, fighting? Or do you mean war crimes? 		 Click to expand... war crimes aren't even real, people just get bested by the beast. ",/threads/dont-hate-chad-for-having-sex-with-all-the-women-if-you-were-chad-you-would-do-the-same-thing.74109/
76,Blue Squirtle,2019-06-19 12:50:19.178981,2018-09-14 04:29:40,1392716,[1386991],2018-05-07 00:00:00,[],1606,77,Banned," incel4life said: 			Yes, but I am not a Chad, I am an incel. Therefore, I want the Chads slaughtered for taking my women. If you defend Chad having sex with the woman that would be yours in a monogamous society, you are literally a cuckold. 		 Click to expand... It doesn't help the women now days are like teens in an adult body. DO THEY NOT REALIZE CHAD MOST LIKELY HAS AN STD!!! ",/threads/dont-hate-chad-for-having-sex-with-all-the-women-if-you-were-chad-you-would-do-the-same-thing.74109/
77,JustNotBeingChad,2019-06-19 12:50:19.179014,2018-09-14 04:37:25,1392765,[],2018-05-15 00:00:00,[],183,78,Ugly in charge, Chad is fcking cool to us. Is the normies and the foids the problem. Normies and betas are always teasing stupid stuff. Foids are hell ,/threads/dont-hate-chad-for-having-sex-with-all-the-women-if-you-were-chad-you-would-do-the-same-thing.74109/
78,K.Y.Vocel,2019-06-19 12:50:19.179054,2018-09-14 04:47:51,1392816,[1386991],2018-09-13 00:00:00,[],556,79,Officercel," incel4life said: 			Yes, but I am not a Chad, I am an incel. Therefore, I want the Chads slaughtered for taking my women. If you defend Chad having sex with the woman that would be yours in a monogamous society, you are literally a cuckold. 		 Click to expand... I'm no chad by any means, but at best if i were to be one i'd pump and dump these cum dumpsters there isn't one thing about females thats redeeming as fuck whats unique about them except having a vagina  to have your dick feel good,temporary if you study them enough you'll see that they're under a certain category it's hard to explain but once you've met one person who you think is unique you'' find another one and sometimes with old people you can tell what type of person they used to be an what type of category they fall under, it's all about seeing into their face and disarming their personality and face it's all scripted within their genes or something and this doesn't just go for foids there are males out there just like this. ",/threads/dont-hate-chad-for-having-sex-with-all-the-women-if-you-were-chad-you-would-do-the-same-thing.74109/
79,WithoutMe,2019-06-19 12:50:19.179095,2018-09-14 06:01:40,1393084,[1392380],2018-05-19 00:00:00,[],4625,80,what the suffering to stto," Ledgemund said: 			It's probably going to happen whether anyone wants it to or not. The present state of things is not sustainable. It won't be a ""revolution"" with conscious actors, but a disordered, decentralized collapse from which something might emerge. I don't have any illusions of an ""incel coup"", but I do get the feeling that a lot of our ideas are going to be vindicated. 		 Click to expand... Good reply ",/threads/dont-hate-chad-for-having-sex-with-all-the-women-if-you-were-chad-you-would-do-the-same-thing.74109/
80,Mainländer,2019-06-19 12:50:19.179131,2018-09-14 09:05:09,1393453,[],2018-05-02 00:00:00,[],18206,81,Homo homini lupus," Women are the gatekeepers of human sexuality. Any man with decent testosterone wouldnt refuse sex with a prime attractive woman, chad or not. Women hold bigger responsibility for everything that happens regarding sex because theyre allowed (both by nature - lower t levels - and by society) to be the choosers. 								 									Last edited: Sep 14, 2018 ",/threads/dont-hate-chad-for-having-sex-with-all-the-women-if-you-were-chad-you-would-do-the-same-thing.74109/
81,P-Chan,2019-06-19 12:50:19.179168,2018-09-14 09:19:13,1393489,[1386991],2018-06-06 00:00:00,[],137,82,Recruit," incel4life said: 			that would be yours in a monogamous society, you are literally a cuckold. 		 Click to expand... just stupid, but i make a extra thread. ",/threads/dont-hate-chad-for-having-sex-with-all-the-women-if-you-were-chad-you-would-do-the-same-thing.74109/
82,ColdLightOfDay,2019-06-19 12:50:19.179211,2018-09-14 10:25:15,1393600,[1387137],2018-04-18 00:00:00,[],2514,83,Admiral," FiveFourManlet said: 			Hardest blackpill. 		 Click to expand... It is, it’s the last hurdle - to realise that no one is actually at fault for the way things are, and that ‘hatred’ though it may be a seductive emotion because it can make you feel stronger and contextualise your pain, is actually as misguided as Chad’s arrogance in taking personal pride in, and taking credit for the godlike life that nature has afforded him. ",/threads/dont-hate-chad-for-having-sex-with-all-the-women-if-you-were-chad-you-would-do-the-same-thing.74109/
83,wayshegoes,2019-06-19 12:50:19.179249,2018-09-14 10:32:39,1393610,[1387019],2018-07-24 00:00:00,[],1129,84,Organization of the Zodiac SRK," Phallusy said: 			If you should hate anyone, it should be the women who sleep or want to sleep with Chad. No need to hate Chad. Chad for the most part, tends to be pretty cool to incels, unlike the foids who are brutal af without mercy to incels or any subhuman 		 Click to expand... JJJJFFFFLLLL this chad incel alliance COPE needs to die. ",/threads/dont-hate-chad-for-having-sex-with-all-the-women-if-you-were-chad-you-would-do-the-same-thing.74109/
84,Phaoni,2019-06-19 12:50:19.179282,2018-09-14 10:50:34,1393643,[],2018-06-26 00:00:00,[],395,85,Doomed NorthAfricacel," i would not bang every women if i were chad. Im a very humanitarian and righteous person. I believe in the wellbeing of others, and taking other men's viable partners is appalling and shitty ",/threads/dont-hate-chad-for-having-sex-with-all-the-women-if-you-were-chad-you-would-do-the-same-thing.74109/
85,FrothySolutions,2019-06-19 12:50:19.179322,2018-09-15 03:14:38,1397005,[1392462],2018-05-06 00:00:00,[],3794,86,Post like the FBI is watching.," Ledgemund said: 			You could take it as both tbh There's a right to life until there isn't. A right to water until there isn't. A right to shelter until there isn't. etc. 		 Click to expand... But that's not how it is. Not on paper. War happens, on paper, as part of defending people's freedoms. We have freedoms, we have obligations. And we have punishments and reparations for when obligations aren't met or freedoms are taken. That's why we have war and prison. The fact that we have war doesn't mean we have a double standard for whose freedoms matter. ",/threads/dont-hate-chad-for-having-sex-with-all-the-women-if-you-were-chad-you-would-do-the-same-thing.74109/
86,Ledgemund,2019-06-19 12:50:19.179363,2018-09-15 03:26:45,1397031,[1397005],2018-01-13 00:00:00,[],2942,87,free him or cuck," FrothySolutions said: 			But that's not how it is. Not on paper. War happens, on paper, as part of defending people's freedoms. We have freedoms, we have obligations. And we have punishments and reparations for when obligations aren't met or freedoms are taken. That's why we have war and prison. The fact that we have war doesn't mean we have a double standard for whose freedoms matter. 		 Click to expand... JFL @ taking these weak justifications as proof of some kind of solid ontological basis for rights. ""Freedom"", ""liberty"", ""retaliation"" are excuses used to expedite the achievement of selfish interests. The main point is that any ""rights"" can be and have been flouted when it is in the service of a particular goal by a capable party. It is to say that they are not ""natural"", because they disappear quickly as part of of an unending count of ""exceptions"" - the basic state of nature is lawlessness, upon which order - such as rights - is imposed. ",/threads/dont-hate-chad-for-having-sex-with-all-the-women-if-you-were-chad-you-would-do-the-same-thing.74109/
87,FrothySolutions,2019-06-19 12:50:19.179403,2018-09-15 03:30:04,1397041,[1397031],2018-05-06 00:00:00,[],3794,88,Post like the FBI is watching.," Ledgemund said: 			JFL @ taking these weak justifications as proof of some kind of solid ontological basis for rights. ""Freedom"", ""liberty"", ""retaliation"" are excuses used to expedite the achievement of selfish interests. The main point is that any ""rights"" can be and have been flouted when it is in the service of a particular goal by a capable party. It is to say that they are not ""natural"", because they disappear quickly as part of of an unending count of ""exceptions"" - the basic state of nature is lawlessness, upon which order - such as rights - is imposed. 		 Click to expand... But we aren't lawless. We do care, that's why we don't go around committing crimes just because we have the means. People are like ""I'm not gonna do that, even if I could, because it's wrong."" It's wrong because it's unfair to the person they'd hurt. It goes beyond them just exercising their rights, and stretches into violating the other person's. ",/threads/dont-hate-chad-for-having-sex-with-all-the-women-if-you-were-chad-you-would-do-the-same-thing.74109/
88,Ledgemund,2019-06-19 12:50:19.179467,2018-09-15 03:51:50,1397105,"[1397041, 1397041, 1391366]",2018-01-13 00:00:00,"[('https', 'www.simplypsychology.org', '/kohlberg.html#post'), ('https', 'www.simplypsychology.org', '/kohlberg.html#post')]",2942,89,free him or cuck," FrothySolutions said: 			But we aren't lawless. 		 Click to expand... We aren't, but what is the particular set of laws to which we are held? They can be and have been different. That is the crucial point. We could easily live in a monogamous society, where people, walled in by a different hegemonic conception of ethics, would instead say, ""but I don't have a right to take other men's women all for myself"". FrothySolutions said: 			We do care, that's why we don't go around committing crimes just because we have the means. People are like ""I'm not gonna do that, even if I could, because it's wrong."" It's wrong because it's unfair to the person they'd hurt. It goes beyond them just exercising their rights, and stretches into violating the other person's. 		 Click to expand... We don't have the means to do this free from punishment. There are people who have had the means to commit ""crimes"" free from punishment, and they've done it when necessary or even when it isn't (most of the time) as a way to get something done. Most people's idea of ""wrong"" is tantamount to a child's and is easily mutable depending on the particular consciousness they are given. I don't like making reference to (())psychology(()), but check this out: https://www.simplypsychology.org/kohlberg.html#post Only 10-15% are capable of the kind of abstract thinking necessary for stage 5 or 6 (post-conventional morality). That is to say, most people take their moral views from those around them and only a minority think through ethical principles for themselves. As to the question of ""violating another person's rights"": Ledgemund said: 			a direct incursion on your own ability to live and subsist in peace. That is the problem with framing it as a simple, clear-cut issue between positive and negative autonomy (I don't have the right to strike at anyone, because everyone has the right not to be hurt), because there are always problems extending beyond such an elegantly reductive model. You are being robbed under the guise of the free accruement of resources. Their actions make the world inhospitable to your own existence and, moreover, they gleefully frame your dispossession as a moral triumph. Is the callous monopolization of power ""just""? Sure, it's ""natural"", which is why distinctions between ""nature"" and ""civilization"" are spoken of. 		 Click to expand... 								 									Last edited: Sep 14, 2018 ",/threads/dont-hate-chad-for-having-sex-with-all-the-women-if-you-were-chad-you-would-do-the-same-thing.74109/
89,FrothySolutions,2019-06-19 12:50:19.179531,2018-09-15 04:08:25,1397152,[1397105],2018-05-06 00:00:00,"[('https', 'www.simplypsychology.org', '/kohlberg.html#post'), ('https', 'www.simplypsychology.org', '/kohlberg.html#post')]",3794,90,Post like the FBI is watching.," Ledgemund said: We aren't, but what is the particular set of laws to which we are held? They can be and have been different. That is the crucial point. We could easily live in a monogamous society, where people, walled in by a different hegemonic conception of ethics, would instead say, ""but I don't have a right to take other men's women all for myself"". We don't have the means to do this free from punishment. There are people who have had the means to commit ""crimes"" free from punishment, and they've done it when necessary or even when it isn't (most of the time) as a way to get something done. Most people's idea of ""wrong"" is tantamount to a child's and is easily mutable depending on the particular consciousness they are given. I don't like making reference to (())psychology(()), but check this out: https://www.simplypsychology.org/kohlberg.html#post Only 10-15% are capable of the kind of abstract thinking necessary for stage 5 or 6 (post-conventional morality). That is to say, most people take their moral views from those around them and only a minority think through ethical principles for themselves. As to the question of ""violating another person's rights"": 		 Click to expand... By ""we"" I mean society. The society that you and I and we all belong to. Not just us incels. We incels care, normies care, there are probably Chads and Stacies who care. Yes, there are people who've broken the law. That doesn't make us lawless. What about all of the people who have the means to break the law, could get away with it, but don't, because it's wrong? ",/threads/dont-hate-chad-for-having-sex-with-all-the-women-if-you-were-chad-you-would-do-the-same-thing.74109/
90,Ledgemund,2019-06-19 12:50:19.179578,2018-09-15 04:25:08,1397209,"[1397152, 1397152]",2018-01-13 00:00:00,[],2942,91,free him or cuck," FrothySolutions said: 			By ""we"" I mean society. The society that you and I and we all belong to. Not just us incels. We incels care, normies care, there are probably Chads and Stacies who care. Yes, there are people who've broken the law. That doesn't make us lawless. What about all of the people who have the means to break the law, could get away with it, but don't, because it's wrong? 		 Click to expand... Seems like we're going in circles. Ultimately, I think either you are giving other people too much credit or you believe there to be some original universal morality (that for some reason wasn't allowed to blossom until the last half of the 20th century and seems to be conspicuously absent when things aren't perfectly peaceful), neither of which I can get behind. FrothySolutions said: 			What about all of the people who have the means to break the law, could get away with it, but don't, because it's wrong? 		 Click to expand... elab ",/threads/dont-hate-chad-for-having-sex-with-all-the-women-if-you-were-chad-you-would-do-the-same-thing.74109/
91,FrothySolutions,2019-06-19 12:50:19.179617,2018-09-15 04:30:52,1397231,[1397209],2018-05-06 00:00:00,[],3794,92,Post like the FBI is watching.," Ledgemund said: 			elab 		 Click to expand... I mean people in general are civil to each other not just because it's the law, but because in their hearts they know it's wrong and don't wanna be assholes. It's why we don't just steal money out of women's purses. She needs that money. Even if we could get away with it. Even the people who do steal it know that it's wrong, and usually do it out of incredible need. They don't justify their actions. Just admit to themselves that they needed to do it. This morality has always been with us, we've always known not to do bad to people because hurting the innocent is wrong. We've had freedoms and obligations and punishment and reparations since Hammurabi, maybe. It's not new. Times of crisis doesn't make right and wrong go away. It just makes people desperate. ",/threads/dont-hate-chad-for-having-sex-with-all-the-women-if-you-were-chad-you-would-do-the-same-thing.74109/
92,Inbuddhist,2019-06-19 12:50:19.179663,2018-09-15 04:33:40,1397236,[1392035],2018-02-26 00:00:00,[],2043,93,Major," Ledgemund said: 			Rights are contingent. The whole ""right to bee yourself "" framework (it ties in even more broadly to the question of social, economic, and political control by exploitative forces, which is way too tangential to get into here) on which so much of modern ""morality"" rests is flawed, as stated here: The question is: which rights work? In order to develop a viable system of rights, some sacrifices of agency have to be made in order to hold up the structure as a whole. ""Autonomy"" is not morally positive - it is rather the removal of useful constraints on human behavior -  and just devolves toward anarchy and conflict where resources are hoarded and battles are fought over them. At present, things seem to be in limbo between broad social liberalism and specific instances of heavy-handed control to keep ""undesirable elements"" from ruining everyone else's party. Consider this case, which I'm sure you're familiar with: Foids can dress as they want to. Superficially, ""they have the right to their own bodies"". In aggregate, this leads to streets packed with nubile sluts basking their bronzed skin the sun's glow, leads to you being taunted and driven mad every time you want to take a walk, to shop, to go anywhere at all. An inordinate burden is shifted onto your back not only to accept your poverty, but to keep cool about it, to be civil - to behave, in this case, according to exactly the same standards as everyone else regardless of how much they actually have to control. You want to rip your hair out and punch someone in the throat, but none of the blessed have anything of the sort - they have things to broadcast, you have things to contain. The world becomes a playground where the advantage of the advantaged reproduces itself endlessly. 		 Click to expand... Tesla + Marx lvl IQ ",/threads/dont-hate-chad-for-having-sex-with-all-the-women-if-you-were-chad-you-would-do-the-same-thing.74109/
93,Ledgemund,2019-06-19 12:50:19.179719,2018-09-15 04:43:24,1397254,"[1397231, 1397209, 1397231, 1397231]",2018-01-13 00:00:00,[],2942,94,free him or cuck," FrothySolutions said: 			I mean people in general are civil to each other not just because it's the law, but because in their hearts they know it's wrong and don't wanna be assholes. It's why we don't just steal money out of women's purses. She needs that money. Even if we could get away with it. Even the people who do steal it know that it's wrong, and usually do it out of incredible need. They don't justify their actions. Just admit to themselves that they needed to do it. 		 Click to expand... Ledgemund said: 			I think...you are giving other people too much credit 		 Click to expand... Few will go around consciously making trouble for other people when it is not necessary or even especially beneficial, especially to a degree commensurate to or exceeding the reprisal they would face if caught. They don't feel the need to do it, because it doesn't actually need to be done. FrothySolutions said: This morality has always been with us, 		 Click to expand... No it hasn't. I'm not a legal scholar, but it doesn't take one to know that laws and ethics are different across time and across cultures. If you simply mean the aversion to punishment, as stated above, then yes, I agree. FrothySolutions said: 			we've always known not to do bad to people because hurting the innocent is wrong. We've had freedoms and obligations and punishment and reparations since Hammurabi, maybe. It's not new. Times of crisis doesn't make right and wrong go away. It just makes people desperate. 		 Click to expand... That people actually feel as part of their being that ""hurting the innocent is wrong"" and that genocide, persecution, and conquest have occurred throughout human history with the tacit support of people on the dealing or neutral end seem to be irreconcilable. There is an impulse toward ""right and wrong"" that emerges when it is able to emerge - under conditions of social stability and the promise that it will benefit oneself in some way, but the form it assumes is not always the same. ",/threads/dont-hate-chad-for-having-sex-with-all-the-women-if-you-were-chad-you-would-do-the-same-thing.74109/
94,FrothySolutions,2019-06-19 12:50:19.179774,2018-09-15 04:59:43,1397286,[1397254],2018-05-06 00:00:00,[],3794,95,Post like the FBI is watching.," Ledgemund said: 			Few will go around consciously making trouble for other people when it is not necessary or even especially beneficial, especially to a degree commensurate to or exceeding the reprisal they would face if caught. They don't feel the need to do it, because it doesn't actually need to be done. No it hasn't. I'm not a legal scholar, but it doesn't take one to know that laws and ethics are different across time and across cultures. If you simply mean the aversion to punishment, as stated above, then yes, I agree. That people actually feel as part of their being that ""hurting the innocent is wrong"" and that genocide, persecution, and conquest have occurred throughout human history with the tacit support of people on the dealing or neutral end seem to be irreconcilable. There is an impulse toward ""right and wrong"" that emerges when it is able to emerge - under conditions of social stability and the promise that it will benefit oneself in some way, but the form it assumes is not always the same. 		 Click to expand... I don't just mean people don't want to be punished. Laws vary from place to place, but we're talking about basic human rights, and those have more or less stayed the same. Laws vary, but they only vary because some people have different interpretations of what a society's freedoms and obligations are. Because people with the freedom to form governments and vote and put money towards public projects, they went and did those things. But whatever people do, it's because they believe people have rights and people have responsibilities. And we don't believe in right and wrong just because we aren't living in a war zone and we definitely don't just believe in right and wrong because it benefits us. I could steal that delicious bag of loaded potato skins, leaving it there wouldn't benefit me, but I don't take it anyway. For no other reason than I believe in the rights of that gas station to sell them for the price they choose. It's got nothing to do with what benefits me. And if I found myself in such dire straits that it was ""Steal those potato skins or die,"" and I found myself stealing those potato skins, that would still be wrong. And I would know it was wrong. I wouldn't be like ""You, gas station person, owe me these potato skins."" Even though I need it, it's still wrong. Because that violates his ownership of the potato skins. That's how I think, and that's how most of society thinks. When we do things, it's because we believe we have the right and it doesn't violate other people's rights. Or that we are violating people's rights, but incredible need compelled us. Didn't make it right, but we were gonna die if we didn't steal those potato skins. ",/threads/dont-hate-chad-for-having-sex-with-all-the-women-if-you-were-chad-you-would-do-the-same-thing.74109/
95,Ledgemund,2019-06-19 12:50:19.179825,2018-09-15 05:03:44,1397298,"[1397286, 1397286, 1397105]",2018-01-13 00:00:00,"[('https', 'www.simplypsychology.org', '/kohlberg.html#post'), ('https', 'www.simplypsychology.org', '/kohlberg.html#post')]",2942,96,free him or cuck," FrothySolutions said: 			But whatever people do, it's because they believe people have rights and people have responsibilities. 		 Click to expand... Yes, but what kind of rights? ""Yuman rights"" FrothySolutions said: 			and that's how most of society thinks. 		 Click to expand... Ledgemund said: https://www.simplypsychology.org/kohlberg.html#post Only 10-15% are capable of the kind of abstract thinking necessary for stage 5 or 6 (post-conventional morality). That is to say, most people take their moral views from those around them and only a minority think through ethical principles for themselves. Click to expand... ",/threads/dont-hate-chad-for-having-sex-with-all-the-women-if-you-were-chad-you-would-do-the-same-thing.74109/
96,FrothySolutions,2019-06-19 12:50:19.179869,2018-09-15 05:14:20,1397330,[1397298],2018-05-06 00:00:00,[],3794,97,Post like the FBI is watching.," Ledgemund said: 			Yes, but what kind of rights? ""Yuman rights"" 		 Click to expand... One right is the right to property. There are certain things we can buy and own. And resell. Like the gas station, they have the right to not have their potato skins stolen, and I have the obligation to not steal those potato skins. It would violate their right to own those potato skins and resell them.  Another right is the right to self. Lonely and repulsive as I am, I can't tell someone to be with me. I want them to be with me, but it's not right. It's a violation of their right to self. They shouldn't have to be with someone that repulses them.  And I don't know which of those two counts I fall in, but I don't need other people to tell me that it's wrong to violate the rights of people. It's a conclusion you should come to on your own. That you shouldn't hurt the innocent. ",/threads/dont-hate-chad-for-having-sex-with-all-the-women-if-you-were-chad-you-would-do-the-same-thing.74109/
97,Ledgemund,2019-06-19 12:50:19.179925,2018-09-15 05:23:10,1397357,"[1397330, 1397330, 1397330]",2018-01-13 00:00:00,"[('https', 'www.marxists.org', '/reference/subject/economics/proudhon/property/'), ('https', 'www.marxists.org', '/reference/subject/economics/proudhon/property/')]",2942,98,free him or cuck," FrothySolutions said: 			One right is the right to property. There are certain things we can buy and own. And resell. Like the gas station, they have the right to not have their potato skins stolen, and I have the obligation to not steal those potato skins. It would violate their right to own those potato skins and resell them. 		 Click to expand... This particular ""self-evident"" right is nested firmly within the ethic of liberal capitalism. Before the 19th century, ""ownership"" was pretty strictly limited. plus Famously: https://www.marxists.org/reference/subject/economics/proudhon/property/ ""Property is theft"" FrothySolutions said: 			Another right is the right to self. Lonely and repulsive as I am, I can't tell someone to be with me. I want them to be with me, but it's not right. It's a violation of their right to self. They shouldn't have to be with someone that repulses them. 		 Click to expand... Facile and misleading. I've already gone over (and restated + reposted several times) why such a neat model is bullshit. FrothySolutions said: 			And I don't know which of those two counts I fall in, but I don't need other people to tell me that it's wrong to violate the rights of people. It's a conclusion you should come to on your own. That you shouldn't hurt the innocent. Click to expand... Tell that to 90% of the site who had shit thrown their way endlessly growing up. No one ""comes to this conclusion"" but for anxiety that they might be on the bad end of the exercise of power someday, and this only when their own life is comfortable enough to entertain it as a mere possibility. 								 									Last edited: Sep 15, 2018 ",/threads/dont-hate-chad-for-having-sex-with-all-the-women-if-you-were-chad-you-would-do-the-same-thing.74109/
98,Dekim,2019-06-19 12:50:19.179964,2018-09-15 05:31:01,1397379,[],2018-01-12 00:00:00,[],5620,99,ricefevercel," Great thread. I'm tired of all the low IQ faggots who don't understand that Chad is the main problem. If Chad wasn't fucking every single woman, women would've had to date down. If Chads ain't poly polygamous, women't won't be either. ",/threads/dont-hate-chad-for-having-sex-with-all-the-women-if-you-were-chad-you-would-do-the-same-thing.74109/
99,MayorOfKekville,2019-06-19 12:50:19.180001,2018-09-15 05:33:08,1397383,[],2017-11-09 00:00:00,[],6561,100,Toxic Misogynist™ with a Bad Personality™, Any man who fucks below his looksmatch is responsible for inceldom. ,/threads/dont-hate-chad-for-having-sex-with-all-the-women-if-you-were-chad-you-would-do-the-same-thing.74109/
100,Azaylias,2019-06-19 12:50:19.180042,2018-09-15 07:54:09,1397639,[1386997],2018-08-03 00:00:00,[],4085,101,ϟϟ 卐 ϟϟ," CopeWithTheRope said: 			Can't hate nature, boyo, though it is cruel. 		 Click to expand... ",/threads/dont-hate-chad-for-having-sex-with-all-the-women-if-you-were-chad-you-would-do-the-same-thing.74109/
101,Robtical,2019-06-19 12:50:19.180082,2018-09-15 08:08:05,1397671,[1397383],2018-01-06 00:00:00,[],13708,102,Sub6 Sex-Lives Matter," I agree with OP, that's like saying, ""Don't hate the nazis, if you were one you'd do the same as they did."" This is war, we have to fight against the chads. The ones who lay down and allow themselves to be taxed by the government and brian washed by the media are accepting being cucked. MayorOfKekville said: 			Any man who fucks below his looksmatch is responsible for inceldom. 		 Click to expand... It's especially the top chad's faults since they make everyone less attractive than them fight for the scraps. ",/threads/dont-hate-chad-for-having-sex-with-all-the-women-if-you-were-chad-you-would-do-the-same-thing.74109/
102,Henry de Montherlant,2019-06-19 12:50:19.180126,2018-09-15 08:25:36,1397726,[1388097],2018-05-15 00:00:00,[],7109,103,Transcendental," ColdPillow said: 			I wouldn’t fuck a shit ton of women if I were a chad. ALL I WANT IS ONE BEAUTIFUL WOMAN TO SETTLE DOWN WITH AND LOVE/START A FAMILY. THAT’S ALL I WANT. 		 Click to expand... Same tbh. I don't see the point for Chad to steal dozen of under average foids to us, their looksmatch, when he could just settle for a Stacey for life.  ",/threads/dont-hate-chad-for-having-sex-with-all-the-women-if-you-were-chad-you-would-do-the-same-thing.74109/
103,Robtical,2019-06-19 12:50:19.180173,2018-09-15 08:26:49,1397728,[1391686],2018-01-06 00:00:00,[],13708,104,Sub6 Sex-Lives Matter," FrothySolutions said: 			We live in a society of obligations, yeah. But we also live in a society of freedoms. And currently Chad has the right to have sex with whoever his market value can buy. 		 Click to expand... We should have government funded hookers and sexbots, since they tax rape us and don't give us anything on return. We should also have male birth control pills and access to any drugs we want. Once the blackpill is common knowledge and incels are taken care of, femoid smv will decrease substantially. 			I guess it's more comparable to food. I do need food. But the way it stands, I don't have the right to take food from Chad's refrigerator. He has the right to buy as much food as his money will afford him. To take his girlfriend is to take his food. Government assistance, I could see that. But right now I can't rob Chad to pay me. 		 Click to expand... There are hookers who'd be more than happy to take tax dollars to fuck sub6's. 			how can I in honest conscience say Stacy should be with me? When I'm the one who told everyone ""No no, don't tell me I'm not ugly. I am ugly. Embrace the Black Pill."" 		 Click to expand... It's not just stacy, at least you should get your looksmatch. ",/threads/dont-hate-chad-for-having-sex-with-all-the-women-if-you-were-chad-you-would-do-the-same-thing.74109/
104,FrothySolutions,2019-06-19 12:50:19.180224,2018-09-15 14:10:18,1398604,[1397357],2018-05-06 00:00:00,"[('https', 'www.marxists.org', '/reference/subject/economics/proudhon/property/'), ('https', 'www.marxists.org', '/reference/subject/economics/proudhon/property/')]",3794,105,Post like the FBI is watching.," Ledgemund said: 			This particular ""self-evident"" right is nested firmly within the ethic of liberal capitalism. Before the 19th century, ""ownership"" was pretty strictly limited. plus Famously: https://www.marxists.org/reference/subject/economics/proudhon/property/ ""Property is theft"" Facile and misleading. I've already gone over (and restated + reposted several times) why such a neat model is bullshit. Tell that to 90% of the site who had shit thrown their way endlessly growing up. No one ""comes to this conclusion"" but for anxiety that they might be on the bad end of the exercise of power someday, and this only when their own life is comfortable enough to entertain it as a mere possibility. 		 Click to expand... Just because you have shit thrown your way doesn't mean it's not a conclusion people shouldn't come to on their own. Yes, there is crime, yes, there are bad people. That doesn't mean the basics of morality aren't consistent. The fact that there are murderers doesn't make whether or not we should be able to kill at random some up-in-the-air point of debate. The fact that there are thieves doesn't justify the notion that maybe I can steal someone's potato skins. The fact that we here on Incels.me lament injustice at all means that there's such a thing as consistent justice and consistent injustice, it's just we need to make sure that there's justice for all.  The model works for most of the world. Even if I'm poor, it doesn't mean theft is justified, it just means I don't have the means to feed myself. It's not a reductive model, it's just we need to understand that while we have freedoms, we also have obligations. We have the right to do certain things, but not other things. We have standards about what can be owed to you. Not just needed, but owed. These standards aren't just in place because we're at peace right now. When chaos kicks up, that doesn't suddenly mean ""Well, I guess I don't really deserve any rights, that was just because things were peaceful enough to support a system of rights and laws."" ",/threads/dont-hate-chad-for-having-sex-with-all-the-women-if-you-were-chad-you-would-do-the-same-thing.74109/
105,Cel,2019-06-19 12:50:19.180257,2018-09-15 14:44:46,1398717,[],2018-09-13 00:00:00,[],8,106,Recruit," Duh, I mean sex is needed for men to function properly, why wouldn't I do the thing if I was Chad? ",/threads/dont-hate-chad-for-having-sex-with-all-the-women-if-you-were-chad-you-would-do-the-same-thing.74109/
106,VileGeneticTrash,2019-06-19 12:50:19.180294,2018-09-15 15:53:19,1398965,[],2017-11-08 00:00:00,[],603,107,Officer," Angry at chad? What for? I'm simply upset I'm on the wrong side of the genetic fence. Hypergamy helps prevent ugly men from being born and suffering, it is a good thing. Imagine a world where women only found shit like personality and game attractive, what a total fucking nightmare. The human race would stall for the rest of eternity. You should be angry at subhuman women for reproducing, and the brutality of life. I would gladly kill myself and every ugly incel if it meant no ugly people and assorted genetic failures had to be born. Ugliness is a cancer, it and its carriers need to be obliterated. 								 									Last edited: Sep 15, 2018 ",/threads/dont-hate-chad-for-having-sex-with-all-the-women-if-you-were-chad-you-would-do-the-same-thing.74109/
107,Robtical,2019-06-19 12:50:19.180334,2018-09-15 17:30:30,1399360,[1398965],2018-01-06 00:00:00,[],13708,108,Sub6 Sex-Lives Matter," VileGeneticTrash said: 			Angry at chad? What for? I'm simply upset I'm on the wrong side of the genetic fence. Hypergamy helps prevent ugly men from being born and suffering, it is a good thing. Imagine a world where women only found shit like personality and game attractive, what a total fucking nightmare. The human race would stall for the rest of eternity. You should be angry at subhuman women for reproducing, and the brutality of life. I would gladly kill myself and every ugly incel if it meant no ugly people and assorted genetic failures had to be born. Ugliness is a cancer, it and its carriers need to be obliterated. 		 Click to expand... As long as ugly femoids reproduce then the ""ugliness problem"" can't be solved. We need to stop chads from fucking below their looksmatch. If chad is hogging all the whores to himself, even the ones 2 points below his looksmatch, then we have the right to feel the urge to hunt him down in a dark alley. ",/threads/dont-hate-chad-for-having-sex-with-all-the-women-if-you-were-chad-you-would-do-the-same-thing.74109/
108,Ledgemund,2019-06-19 12:50:19.180401,2018-09-15 20:34:39,1400337,"[1398604, 1398604, 1398604, 1398604]",2018-01-13 00:00:00,[],2942,109,free him or cuck," FrothySolutions said: 			The fact that we here on Incels.me lament injustice at all means that there's such a thing as consistent justice and consistent injustice, it's just we need to make sure that there's justice for all. 		 Click to expand... Ever noticed that they there outside of incels.is don't lament the particular application of ""injustice"" as it relates to you? It means exactly that secular morality is not consistent and is mostly a pragmatic issue. Do you sincerely believe in ""muh goodness of the heart"" when it is clear that most people do not think for themselves, much less feel for anyone else? FrothySolutions said: 			The model works for most of the world. Even if I'm poor, it doesn't mean theft is justified, it just means I don't have the means to feed myself. 		 Click to expand... Same shit over and over and over and over. Why don't you have the means to feed yourself? If you hadn't been born in this particular place in this particular time in history, you very well could have. People steal and justify it to themselves all the time when they need to. Why? ""They were 'bad people'"". Oh okay. What is a 'bad person' but one who transgresses the dominant (not universal) moral order without legitimacy, the same one you can't seem to see your way out of. FrothySolutions said: We have the right to do certain things, but not other things. We have standards about what can be owed to you. Not just needed, but owed. These standards aren't just in place because we're at peace right now. 		 Click to expand... Which ""we""? The ""we"" that doesn't have your interest in mind and with whom you do not have a durable ""social contract"". FrothySolutions said: 			When chaos kicks up, that doesn't suddenly mean ""Well, I guess I don't really deserve any rights, that was just because things were peaceful enough to support a system of rights and laws."" 		 Click to expand... That's exactly what it means, because that's what will happen. Where were those ""rights"" during the Rwandan genocide? ""Yuman rights"". What if such a state of conflict extended across the entire globe and there were no stable international tribunal to promulgate ""self-evident"" rights? 								 									Last edited: Sep 15, 2018 ",/threads/dont-hate-chad-for-having-sex-with-all-the-women-if-you-were-chad-you-would-do-the-same-thing.74109/
109,Robtical,2019-06-19 12:50:19.180439,2018-09-15 20:50:47,1400408,[1400337],2018-01-06 00:00:00,[],13708,110,Sub6 Sex-Lives Matter," Ledgemund said: 			Do you sincerely believe in ""muh goodness of the heart"" when it is clear that most people do not think for themselves, much less feel for anyone else? 		 Click to expand... Some people are low iq and need to be lead like sheep, they already don't mind when cops abuse them and violate their rights, so they should be ok with enforced monogamy. ",/threads/dont-hate-chad-for-having-sex-with-all-the-women-if-you-were-chad-you-would-do-the-same-thing.74109/
110,FrothySolutions,2019-06-19 12:50:19.180485,2018-09-15 20:55:33,1400440,[1400337],2018-05-06 00:00:00,[],3794,111,Post like the FBI is watching.," Ledgemund said: 			Ever noticed that they there outside of incels.is don't lament the particular application of ""injustice"" as it relates to you? It means exactly that secular morality is not consistent and is mostly a pragmatic issue. Do you sincerely believe in ""muh goodness of the heart"" when it is clear that most people do not think for themselves, much less feel for anyone else? Same shit over and over and over and over. Why don't you have the means to feed yourself? If you hadn't been born in this particular place in this particular time in history, you very well could have. People steal and justify it to themselves all the time when they need to. Why? ""They were 'bad people'"". Oh okay. What is a 'bad person' but one who transgresses the dominant (not universal) moral order without legitimacy, the same one you can't seem to see your way out of. Which ""we""? The ""we"" that doesn't have your interest in mind and with whom you do not have a durable ""social contract"". That's exactly what it means, because that's what will happen. Where were those ""rights"" during the Rwandan genocide? ""Yuman rights"". What if such a state of conflict extended across the entire globe and there were no stable international tribunal to promulgate ""self-evident"" rights? 		 Click to expand... Even in a Rwandan genocide, those rights would still apply. It's just bad people would start listening to their baser instincts. Even in desperation, I and everyone else knows what right and wrong is. We might not all obey what right and wrong is, and some of us might not have much choice either. But if I steal something out of desperation, it's not because the person I'm robbing doesn't deserve to keep what I stole from them. It's because I was able to convince myself to do it despite that person's rights. I don't justify my theft by saying ""That gas station was bad."" On top of that, just because I don't have means doesn't mean the moral order is wrong. Let's say we did institute a mating system were all humans mated for life, and their choices didn't matter. Is that good because now I can have sex? Or bad because now we're less free to make choices? And because we decide that a person's self belongs to the people? That you can't offer yourself to too many people because your body is a commodity that the system decides what happens to? There's a lot of interpretations about where freedoms should end and obligations should begin, but agency of self is one of those universal things. You can tax my money because people with the freedom to form government decided that they wanted to contribute to social programs for everyone, but you've got a lot harder of a sell to tell me that I can't be with a person.  And that's not just me. By ""we"" I mean everyone. Incels, normies, Chads, Stacies, Beckies, Jennifers, we all have different means, but we all know that there's things you can't just take from people and things you can't just say belong to people without claim. ",/threads/dont-hate-chad-for-having-sex-with-all-the-women-if-you-were-chad-you-would-do-the-same-thing.74109/
111,Robtical,2019-06-19 12:50:19.180520,2018-09-15 21:00:07,1400466,[1400440],2018-01-06 00:00:00,[],13708,112,Sub6 Sex-Lives Matter," FrothySolutions said: 			You can tax my money because people with the freedom to form government decided that they wanted to contribute to social programs for everyone, but you've got a lot harder of a sell to tell me that I can't be with a person. 		 Click to expand... Taxing your money and not giving you anything is worse than enforced monogamy. 30% of your money goes to single mom chad dick riders, feminist programs that fuck over incels, domestic violence shelters, grants for femoids only, etc. The least they can do is give us government funded hookers. ",/threads/dont-hate-chad-for-having-sex-with-all-the-women-if-you-were-chad-you-would-do-the-same-thing.74109/
112,Italcel,2019-06-19 12:50:19.180550,2018-09-15 21:12:51,1400523,[],2018-04-07 00:00:00,[],315,113,bad englishcel," Chad worshipping is a low iq lookism-tier cancer ""Chad are bros fellow incel"" indeed, especially when they fuck our 1-2-3/10 looksmatch via dating apps ",/threads/dont-hate-chad-for-having-sex-with-all-the-women-if-you-were-chad-you-would-do-the-same-thing.74109/
113,UBERCEL,2019-06-19 12:50:19.180587,2018-09-15 21:15:12,1400536,[1387101],2018-07-05 00:00:00,[],4068,114,⁦," MaxZM98 said: 			the government needs to make it mandatory to abort your first child if it is a male. this way there will be more women than men, so we can all be chads 		 Click to expand... this sentence is more powerful than chemo ffs. ",/threads/dont-hate-chad-for-having-sex-with-all-the-women-if-you-were-chad-you-would-do-the-same-thing.74109/
114,FrothySolutions,2019-06-19 12:50:19.180626,2018-09-15 21:15:28,1400537,[1400466],2018-05-06 00:00:00,[],3794,115,Post like the FBI is watching.," Robtical said: 			Taxing your money and not giving you anything is worse than enforced monogamy. 30% of your money goes to single mom chad dick riders, feminist programs that fuck over incels, domestic violence shelters, grants for femoids only, etc. The least they can do is give us government funded hookers. 		 Click to expand... We also have the freedom to protest the use of our taxes. Maybe I think free condoms for college kids is wasteful spending, and any adult in charge of their own sex life should buy their own condoms. ",/threads/dont-hate-chad-for-having-sex-with-all-the-women-if-you-were-chad-you-would-do-the-same-thing.74109/
115,Ledgemund,2019-06-19 12:50:19.180687,2018-09-15 21:44:27,1400673,"[1400440, 1392035, 1400440, 1400440, 1400440]",2018-01-13 00:00:00,[],2942,116,free him or cuck," FrothySolutions said: 			Let's say we did institute a mating system were all humans mated for life, and their choices didn't matter. Is that good because now I can have sex? Or bad because now we're less free to make choices? Click to expand... This is exactly what I have spent my time in this thread arguing against. ""Personal choice"" is a childish libertarian phantom - it is a ""right"" anchored firmly within the secular morality of the modern West. ""People should be able to do anything they want to and anything that gets in their way is bad"". It is an anarchic and incoherent kind of ethics. It is the essence of liberal society and characteristic of civilizations in decline. I'm not going to convince you of anything if you hold this ""personal choice"" to be the highest good. Choices are not made in vacuo. A system of rights should ultimately serve to keep a society stable and functional, not as some kind of nihilistic justification for the removal of constraints, to allow for the imbalanced piling of resources in certain corners, tipping the whole structure over. I refer to what I said here: Ledgemund said: 			The question is: which rights work? In order to develop a viable system of rights, some sacrifices of agency have to be made in order to hold up the structure as a whole. ""Autonomy"" is not morally positive - it is rather the removal of useful constraints on human behavior -  and just devolves toward anarchy and conflict where resources are hoarded and battles are fought over them. At present, things seem to be in limbo between broad social liberalism and specific instances of heavy-handed control to keep ""undesirable elements"" from ruining everyone else's party. 		 Click to expand... Bolded was remarkable for the way in which it immediately incited moral panic. It's so deeply burrowed into everyone's head that ""freedom = gud"", whether or not they're able to exercise this ""freedom"" for themselves, that a measured and reasonable statement like this, a simple description of the logic of order, is taken as ""Communism"" by some people, ""Fascism"" by others, even ""Theocracy"" - i.e. the bad guys, don't hurt muh freedom! Right now, you are the one being controlled. Your liberty is the sacrifice at the altar of liberty. FrothySolutions said: 			Even in a Rwandan genocide, those rights would still apply. It's just bad people would start listening to their baser instincts. Even in desperation, I and everyone else knows what right and wrong is. We might not all obey what right and wrong is, and some of us might not have much choice either. 		 Click to expand... See Thomas Hobbes on this. They would not apply, because things would have regressed to a state premature to ""rights"", i.e. nature. Strife, conflict, and chaos is the ground floor, the baseline, the essential state of life, which is reined in by constructed ideas of justice - which are being stripped away now to leave only a weak support. Things become more and more ""natural"" under liberalism, yet it still manages to disguise itself as the highest and most developed form of ""justice"" possible - evident by the claim that it is ""self-evident"". FrothySolutions said: 			But if I steal something out of desperation, it's not because the person I'm robbing doesn't deserve to keep what I stole from them. It's because I was able to convince myself to do it despite that person's rights. I don't justify my theft by saying ""That gas station was bad."" 		 Click to expand... You don't, because you don't rob gas stations and you don't have to. The people who do rob gas stations are perfectly able to justify their theft by saying ""that gas station, or that x, that thing that is not me is bad."" FrothySolutions said: 			Let's say we did institute a mating system were all humans mated for life, and their choices didn't matter. Is that good because now I can have sex? 		 Click to expand... It is good because it gives everyone a clear opportunity to have sex and lets them know clearly what they need to do in order to get it. ",/threads/dont-hate-chad-for-having-sex-with-all-the-women-if-you-were-chad-you-would-do-the-same-thing.74109/
116,FrothySolutions,2019-06-19 12:50:19.180734,2018-09-15 22:08:18,1400796,[1400673],2018-05-06 00:00:00,[],3794,117,Post like the FBI is watching.," Ledgemund said: 			This is exactly what I have spent my time in this thread arguing against. ""Personal choice"" is a childish libertarian phantom - it is a ""right"" anchored firmly within the secular morality of the modern West. ""People should be able to do anything they want to and anything that gets in their way is bad"". It is an anarchic and incoherent kind of ethics. It is the essence of liberal society and characteristic of civilizations in decline. I'm not going to convince you of anything if you hold this ""personal choice"" to be the highest good. Choices are not made in vacuo. A system of rights should ultimately serve to keep a society stable and functional, not as some kind of nihilistic justification for the removal of constraints, to allow for the imbalanced piling of resources in certain corners, tipping the whole structure over. I refer to what I said here: Bolded was remarkable for the way in which it immediately incited moral panic. It's so deeply burrowed into everyone's head that ""freedom = gud"", whether or not they're able to exercise this ""freedom"" for themselves, that a measured and reasonable statement like this, a simple description of the logic of order, is taken as ""Communism"" by some people, ""Fascism"" by others, even ""Theocracy"" - i.e. the bad guys, don't hurt muh freedom! Right now, you are the one being controlled. Your liberty is the sacrifice at the altar of liberty. See Thomas Hobbes on this. They would not apply, because things would have regressed to a state premature to ""rights"", i.e. nature. Strife, conflict, and chaos is the ground floor, the baseline, the essential state of life, which is reined in by constructed ideas of justice - which are being stripped away now to leave only a weak support. Things become more and more ""natural"" under liberalism, yet it still manages to disguise itself as the highest and most developed form of ""justice"" possible - evident by the claim that it is ""self-evident"". You don't, because you don't rob gas stations and you don't have to. The people who do rob gas stations are perfectly able to justify their theft by saying ""that gas station, or that x, that thing that is not me is bad."" It is good because it gives everyone a clear opportunity to have sex and lets them know clearly what they need to do in order to get it. 		 Click to expand... Personal choice is the basis of law itself. Law is about what the individual should be allowed to do, and what the other individual should be protected from. What belongs to the individual and what doesn't. That's why you can't tell people who they can and can't be with, because that means the self belongs to society. The self should belong to the self. There's a lot of things that belong to the community, but not the self. We didn't decide this just because we assumed everyone had the means to buy and sell themselves. Even if the whole world was lonely, you couldn't enforce mandatory social interaction. Maybe I don't wanna hang out with the people outside. My status as a hermit isn't for the community to decide. And most communities wouldn't choose to enforce it, or even be able to. And why don't I rob gas stations? I could rob gas stations, but even if I did I'd know it was wrong. Right and wrong don't just exist in times of peace. It's just desperation makes us lose sight of it. Chaos and strife are for animals who have no right and wrong. Creatures who can empathize, like humans, we have a sense of right and wrong. So before we hurt someone we're like ""Wait, I shouldn't do that, because that hurts the person and that's wrong."" ",/threads/dont-hate-chad-for-having-sex-with-all-the-women-if-you-were-chad-you-would-do-the-same-thing.74109/
117,Ledgemund,2019-06-19 12:50:19.180794,2018-09-15 22:15:07,1400832,"[1400796, 1400796, 1400796]",2018-01-13 00:00:00,[],2942,118,free him or cuck," FrothySolutions said: 			Personal choice is the basis of law itself. Law is about what the individual should be allowed to do, and what the other individual should be protected from. What belongs to the individual and what doesn't. That's why you can't tell people who they can and can't be with, because that means the self belongs to society. The self should belong to the self. There's a lot of things that belong to the community, but not the self. We didn't decide this just because we assumed everyone had the means to buy and sell themselves. Even if the whole world was lonely, you couldn't enforce mandatory social interaction. Maybe I don't wanna hang out with the people outside. My status as a hermit isn't for the community to decide. And most communities wouldn't choose to enforce it, or even be able to. 		 Click to expand... I'm pitching tennis balls at the wall at this point. FrothySolutions said: 			And why don't I rob gas stations? I could rob gas stations, but even if I did I'd know it was wrong. 		 Click to expand... If people aren't inherently good, then why do gas stations have full shelves? Because it's a lot harder to rob gas stations and get away with it than you apparently think. FrothySolutions said: 			Right and wrong don't just exist in times of peace. It's just desperation makes us lose sight of it. Chaos and strife are for animals who have no right and wrong. Creatures who can empathize, like humans, we have a sense of right and wrong. So before we hurt someone we're like ""Wait, I shouldn't do that, because that hurts the person and that's wrong."" 		 Click to expand... They do not and I believe I have already made a decent case as to why several times. ",/threads/dont-hate-chad-for-having-sex-with-all-the-women-if-you-were-chad-you-would-do-the-same-thing.74109/
118,FrothySolutions,2019-06-19 12:50:19.180838,2018-09-15 22:29:24,1400899,[1400832],2018-05-06 00:00:00,[],3794,119,Post like the FBI is watching.," Ledgemund said: 			I'm pitching tennis balls at the wall at this point. If people aren't inherently good, then why do gas stations have full shelves? Because it's a lot harder to rob gas stations and get away with it than you apparently think. They do not and I believe I have already made a decent case as to why several times. 		 Click to expand... The only counterpoint you've offered is that ""In times of crisis, people do bad, and in times of plenty people leave other people alone."" That doesn't mean right and wrong don't apply, it just means that people become desperate and appeal to carnal instinct. That doesn't make it right. There are easier things to rob than a gas station, and those things don't get robbed because it occurs to people ""Hey, that's mean enough that it violates that person's rights."" And on top of that, the fact that robberies do occur doesn't mean morality is dead. It's like saying ""Hey, murders happen, that must mean morality doesn't exist and no one really cares about anybody.""  In order for this to make sense, you would have to explain why I don't just haul off and start violating people's rights. I promise, I could pretty easily rob a gas station. But I couldn't justify it in my heart because I know it's wrong. It's not just because I don't wanna go to jail/be banned from the store, I believe in that store's right to sell potato skins. ",/threads/dont-hate-chad-for-having-sex-with-all-the-women-if-you-were-chad-you-would-do-the-same-thing.74109/
119,Ledgemund,2019-06-19 12:50:19.180892,2018-09-15 22:46:17,1400999,[1400899],2018-01-13 00:00:00,[],2942,120,free him or cuck," FrothySolutions said: 			The only counterpoint you've offered is that ""In times of crisis, people do bad, and in times of plenty people leave other people alone."" That doesn't mean right and wrong don't apply, it just means that people become desperate and appeal to carnal instinct. That doesn't make it right. There are easier things to rob than a gas station, and those things don't get robbed because it occurs to people ""Hey, that's mean enough that it violates that person's rights."" And on top of that, the fact that robberies do occur doesn't mean morality is dead. It's like saying ""Hey, murders happen, that must mean morality doesn't exist and no one really cares about anybody."" In order for this to make sense, you would have to explain why I don't just haul off and start violating people's rights. I promise, I could pretty easily rob a gas station. But I couldn't justify it in my heart because I know it's wrong. It's not just because I don't wanna go to jail/be banned from the store, I believe in that store's right to sell potato skins. 		 Click to expand... I have amassed almost a pageful of posts, to which I have received as a series of responses: ""freedom"". Whether or not you could ""easily"" rob a gas station , most people could not. If you actually think you take ""muh freedom"" that seriously, do you think every else does and do you think it is exactly the same idea of freedom? Back and forth: ""Morality is not absolute"" ""Yes it is, I believe in freedom"" 								 									Last edited: Sep 15, 2018 ",/threads/dont-hate-chad-for-having-sex-with-all-the-women-if-you-were-chad-you-would-do-the-same-thing.74109/
120,lastchancel,2019-06-19 12:50:19.856242,2018-09-15 22:47:42,1401007,"[1386991, 1386999]",2018-07-19 00:00:00,[],2318,121,It gets worse," incel4life said: 			Yes, but I am not a Chad, I am an incel. Therefore, I want the Chads slaughtered for taking my women. If you defend Chad having sex with the woman that would be yours in a monogamous society, you are literally a cuckold. 		 Click to expand... low iq cope blickpall said: 			How is it ""your"" woman? 		 Click to expand... this, 100 shiney ones says poster is IT plant ",/threads/dont-hate-chad-for-having-sex-with-all-the-women-if-you-were-chad-you-would-do-the-same-thing.74109/
121,BonoboPower,2019-06-19 12:50:19.856290,2018-09-15 22:51:04,1401026,[],2018-09-04 00:00:00,[],231,122,Banned," ""The woman that would be yours in a monogamous society"" Protozoa level IQ ",/threads/dont-hate-chad-for-having-sex-with-all-the-women-if-you-were-chad-you-would-do-the-same-thing.74109/
122,FrothySolutions,2019-06-19 12:50:19.856338,2018-09-15 22:54:42,1401042,[1400999],2018-05-06 00:00:00,[],3794,123,Post like the FBI is watching.," Ledgemund said: 			I have amassed almost a pageful of posts, to which I have received as a series of responses: ""freedom"". Whether or not you could ""easily"" rob a gas station , most people could not. If you actually think you take ""muh freedom"" that seriously, do you think every else does and do you think it is exactly the same idea of freedom? Back and forth: ""Morality is not universal"" ""Yes it is, I believe in freedom"" 		 Click to expand... Yes, I think most people understand that theft is wrong, but certain things aren't theft. I think the reason most people do things is because they want to, and that those things don't violate what other people are owed. I think most people believe you shouldn't rob a gas station because the gas station owns its potato skins. And I think most people believe your self doesn't belong to the community because yourself belongs to yourself first and foremost. ",/threads/dont-hate-chad-for-having-sex-with-all-the-women-if-you-were-chad-you-would-do-the-same-thing.74109/
123,lastchancel,2019-06-19 12:50:19.856375,2018-09-15 23:01:18,1401075,[1387041],2018-07-19 00:00:00,[],2318,124,It gets worse, incel4life said: 			Chad is a bro. He has sex with my future wife for me so that I don't have to take her virginity. What an awesome bro. 		 Click to expand... you aren't going to have a wife if you are incel4life ,/threads/dont-hate-chad-for-having-sex-with-all-the-women-if-you-were-chad-you-would-do-the-same-thing.74109/
124,Ledgemund,2019-06-19 12:50:19.856429,2018-09-15 23:49:27,1401325,"[1401042, 1397105, 1401042]",2018-01-13 00:00:00,[],2942,125,free him or cuck," FrothySolutions said: 			Yes, I think most people understand that theft is wrong, but certain things aren't theft. I think the reason most people do things is because they want to, and that those things don't violate what other people are owed. 		 Click to expand... My point is that the conception of this is not fixed. If there is an impulse toward the development of the idea ""right and wrong"" that exists in most people, I believe it to be clear that they do not know what to do with it and, moreover, it only emerges when it is able to. And when you look beneath the surface: how did the gas station come into acquisition of anything? If you steal the chips, is a person stealing from you still stealing? There is a fundamental problem of legitimacy that underlies liberal society: why do people have things I don't? ""They worked for it"". No they fuckin didn't. The question of sexual liberalism is twofold: what do I need to do to ""get"" a person and why should anyone be able to ""have"" more than one person. In an alternative society, these questions could be solved. I hate the ""freedom"" argument because it is myopic and complacently resigned. Things could easily be different. People could start feeling ""moral"" in an entirely different manner, one resembling older feelings that have already existed and, unfortunately, perished. As stated above: Ledgemund said: 			what is the particular set of laws (read: morality) to which we are held? They can be and have been different. That is the crucial point. We could easily live in a monogamous society, where people, walled in by a different hegemonic conception of ethics, would instead say, ""but I don't have a right to take other men's women all for myself"". 		 Click to expand... This point seems not to stick. I haven't received an argument as to why morality is static and universal, beyond ""I feel this way. People who don't? They're bad."" It's a copout. What you might argue is a sort of Kantian ethics according to a categorical imperative, Act only according to that maxim whereby you can, at the same time, will that it should become a universal law. But this does not locate morality as an absolute natural impulse in man, but rather a rational construction to regulate behavior. FrothySolutions said: 			And I think most people believe your self doesn't belong to the community because yourself belongs to yourself first and foremost. 		 Click to expand... I.e. no one is entitled to anything at all. ",/threads/dont-hate-chad-for-having-sex-with-all-the-women-if-you-were-chad-you-would-do-the-same-thing.74109/
125,FrothySolutions,2019-06-19 12:50:19.856477,2018-09-16 00:08:41,1401423,[1401325],2018-05-06 00:00:00,[],3794,126,Post like the FBI is watching.," Ledgemund said: 			My point is that the conception of this is not fixed. If there is an impulse toward the development of the idea ""right and wrong"" that exists in most people, I believe it to be clear that they do not know what to do with it and, moreover, it only emerges when it is able to. And when you look beneath the surface: how did the gas station come into acquisition of anything? If you steal the chips, is a person stealing from you still stealing? There is a fundamental problem of legitimacy that underlies liberal society: why do people have things I don't? ""They worked for it"". No they fuckin didn't. The question of sexual liberalism is twofold: what do I need to do to ""get"" a person and why should anyone be able to ""have"" more than one person. In an alternative society, these questions could be solved. I hate the ""freedom"" argument because it is myopic and complacently resigned. Things could easily be different. People could start feeling ""moral"" in an entirely different manner, one resembling older feelings that have already existed and, unfortunately, perished. As stated above: This point seems not to stick. I haven't received an argument as to why morality is static and universal, beyond ""I feel this way. People who don't? They're bad."" It's a copout. What you might argue is a sort of Kantian ethics according to a categorical imperative, Act only according to that maxim whereby you can, at the same time, will that it should become a universal law. But this does not locate morality as an absolute natural impulse in man, but rather a rational construction to regulate behavior. I.e. no one is entitled to anything at all. 		 Click to expand... Agency over yourself is fixed though. You don't owe yourself to society's marriage lottery. I have control over myself, it's the most basic of rights. I've acquired my own right to be with people because society doesn't own me and can't tell me who to be with. I own me. And the person I'm with, society doesn't own them either. That's static, and intrinsic to the idea of right and wrong. The fact that I should be able to do things, but if I should be able to do things, so should other people. To say that these women belong to other men, that's not true. Because it says the self belongs to society and it doesn't. And it never did. ",/threads/dont-hate-chad-for-having-sex-with-all-the-women-if-you-were-chad-you-would-do-the-same-thing.74109/
126,Ledgemund,2019-06-19 12:50:19.856524,2018-09-16 00:24:33,1401481,"[1401423, 1401423, 1401423]",2018-01-13 00:00:00,[],2942,127,free him or cuck," FrothySolutions said: 			Agency over yourself is fixed though. 		 Click to expand... Not in anything beyond the most rudimentary outlines of a civilization. Nobody is perfectly autonomous because it is not compatible with complex societies. Why do you pay taxes? FrothySolutions said: 			You don't owe yourself to society's marriage lottery. 		 Click to expand... It is a structural question, not a compulsory one. How about just a ""marriage lottery"" where foids aren't free to disburse themselves to every single man they want (5% of them)? Joining it in the first place can still be an act of volition. FrothySolutions said: 			I have control over myself, it's the most basic of rights. I've acquired my own right to be with people because society doesn't own me and can't tell me who to be with. I own me. And the person I'm with, society doesn't own them either. That's static, and intrinsic to the idea of right and wrong. The fact that I should be able to do things, but if I should be able to do things, so should other people. To say that these women belong to other men, that's not true. Because it says the self belongs to society and it doesn't. And it never did. 		 Click to expand... Take this to its logical conclusion and there is no ""society"". ",/threads/dont-hate-chad-for-having-sex-with-all-the-women-if-you-were-chad-you-would-do-the-same-thing.74109/
127,Robtical,2019-06-19 12:50:19.856563,2018-09-16 00:38:27,1401531,[1400537],2018-01-06 00:00:00,[],13708,128,Sub6 Sex-Lives Matter," FrothySolutions said: 			We also have the freedom to protest the use of our taxes. Maybe I think free condoms for college kids is wasteful spending, and any adult in charge of their own sex life should buy their own condoms. 		 Click to expand... Then we have the right to protest and get government funded hookers, the blackpill will soon get big enough where most normies will agree with it. All the cucked divorce, rape, and domestic violence laws must be thrown out as well. ",/threads/dont-hate-chad-for-having-sex-with-all-the-women-if-you-were-chad-you-would-do-the-same-thing.74109/
128,SuperSaiyanGymcel,2019-06-19 12:50:19.856595,2018-09-16 00:42:08,1401548,[],2018-06-15 00:00:00,[],4248,129,SandNigga," high IQ thread, incels who like chad are fucking cucks ",/threads/dont-hate-chad-for-having-sex-with-all-the-women-if-you-were-chad-you-would-do-the-same-thing.74109/
129,FrothySolutions,2019-06-19 12:50:19.856637,2018-09-16 00:48:43,1401570,[1401481],2018-05-06 00:00:00,[],3794,130,Post like the FBI is watching.," Ledgemund said: 			Not in anything beyond the most rudimentary outlines of a civilization. Nobody is perfectly autonomous because it is not compatible with complex societies. Why do you pay taxes? It is a structural question, not a compulsory one. How about just a ""marriage lottery"" where foids aren't free to disburse themselves to every single man they want (5% of them)? Joining it in the first place can still be an act of volition. Take this to its logical conclusion and there is no ""society"". 		 Click to expand... Agency over yourself isn't the same as agency over your money. There are other factors that come into play when it comes to money. Your money isn't necessarily all yours in certain governments. That's why we pay taxes, and that's why tax codes vary from place to place.  And if I or someone else was to knowingly join and sign up for a marriage lottery, then fine, because they're making the choice to hand over their consent. They could just choose not to join it, and they'd have the right to do that. Same as how you can choose to join a convent where no one is allowed to have sex. But you have to first choose to do it. Choose to submit yourself to the convent. Choose to agree to conditions. ",/threads/dont-hate-chad-for-having-sex-with-all-the-women-if-you-were-chad-you-would-do-the-same-thing.74109/
130,Johny.speiz,2019-06-19 12:50:19.856670,2018-09-16 00:51:20,1401576,[],2018-08-08 00:00:00,[],1226,131,Incel revolution," Solidarity and fraternity in all of that? No chad will ever show to an Incel. They are greedy and pat themselves down just for them. Yet, it wasn't always like that, only when they foids ""liberation movement and program"" came across to give us even slighter chances. ",/threads/dont-hate-chad-for-having-sex-with-all-the-women-if-you-were-chad-you-would-do-the-same-thing.74109/
131,Ledgemund,2019-06-19 12:50:19.856723,2018-09-16 00:56:48,1401586,[],2018-01-13 00:00:00,"[('https', 'cdn.the-scientist.com', '/assets/articleNo/29922/iImg/611/honeybee.png')]",2942,132,free him or cuck," FrothySolutions said: 			Agency over yourself isn't the same as agency over your money. There are other factors that come into play when it comes to money. Your money isn't necessarily all yours in certain governments. That's why we pay taxes, and that's why tax codes vary from place to place. 		 Click to expand... There are always ""other factors"". Why can't people parade nude in the streets (yet)? ""Agency over yourself isn't the same as agency over your body"". Behavior and resource accumulation is always regulated but how and to what degree? FrothySolutions said: 			And if I or someone else was to knowingly join and sign up for a marriage lottery, then fine, because they're making the choice to hand over their consent. They could just choose not to join it, and they'd have the right to do that. Same as how you can choose to join a convent where no one is allowed to have sex. But you have to first choose to do it. Choose to submit yourself to the convent. Choose to agree to conditions. 		 Click to expand... So what's the problem then? Not a ""marriage lottery"", but just the curbing of the unlimited ""right to  	 	 		 		 	 	  yourself "". Don't let sluts fornicate. Don't let Chad do it either. That's it. People shouldn't be able to do whatever they want to as long as it's ""victimless"" along the main axis. Ledgemund said: 			Behavior and resource accumulation is always regulated but how and to what degree? Click to expand... ",/threads/dont-hate-chad-for-having-sex-with-all-the-women-if-you-were-chad-you-would-do-the-same-thing.74109/
132,FrothySolutions,2019-06-19 12:50:19.856782,2018-09-16 01:06:16,1401608,"[1401586, 1401586]",2018-05-06 00:00:00,"[('https', 'cdn.the-scientist.com', '/assets/articleNo/29922/iImg/611/honeybee.png')]",3794,133,Post like the FBI is watching.," Ledgemund said: 			There are always ""other factors"". Why can't people parade nude in the streets (yet)? ""Agency over yourself isn't the same as agency over your body"". Behavior and resource accumulation is always regulated but how and to what degree? Click to expand... You have agency over your body. But you don't have agency over my eyes or the public areas. You can parade nude in your house, there's no law that says you can't ever be naked, you have that freedom. But you also have an obligation to not expose yourself to me. Your body is sacred, and so are my eyes. Ledgemund said: 			Not a ""marriage lottery"", but just the curbing of the unlimited ""right to  	 	 		 		 	 	  yourself "". Don't let sluts fornicate. Don't let Chad do it either. That's it. People shouldn't be able to do whatever they want to as long as it's ""victimless"" along the main axis. 		 Click to expand... Because I didn't choose to join this society of enforced monogamy. I have to choose to hand over that decision and live by that code. I have no obligation to save women for you, because those women don't belong to you, and they never belonged to you. Unless those women choose to say they belong to you. ",/threads/dont-hate-chad-for-having-sex-with-all-the-women-if-you-were-chad-you-would-do-the-same-thing.74109/
133,Ledgemund,2019-06-19 12:50:19.856831,2018-09-16 01:20:05,1401640,"[1401608, 1401608]",2018-01-13 00:00:00,[],2942,134,free him or cuck," FrothySolutions said: 			You have agency over your body. But you don't have agency over my eyes or the public areas. You can parade nude in your house, there's no law that says you can't ever be naked, you have that freedom. But you also have an obligation to not expose yourself to me. Your body is sacred, and so are my eyes. 		 Click to expand... K Pangloss. ""Everything is exactly as it should be"". Why is it that nudity is an offense against your eyes but not stupid cunts in Daisy Dukes? Degree. Degree. Degree. Where is the limit set? Who decides? FrothySolutions said: 			Because I didn't choose to join this society of enforced monogamy. I have to choose to hand over that decision and live by that code. I have no obligation to save women for you, because those women don't belong to you, and they never belonged to you. Unless those women choose to say they belong to you. 		 Click to expand... ""I didn't choose to join this society of liberalized sexuality. I don't have to etc., etc., etc."" Now suddenly obeying the dominant social morality (not this one, but another, easily conceivable one) is voluntaristic when you've spent three pages appealing to it? Cuck mindset, dude. Why expend so much effort trying to justify the shit hand you've been dealt? Cuck Mindset 								 									Last edited: Sep 15, 2018 ",/threads/dont-hate-chad-for-having-sex-with-all-the-women-if-you-were-chad-you-would-do-the-same-thing.74109/
134,Robtical,2019-06-19 12:50:19.856882,2018-09-16 01:22:35,1401647,[1401570],2018-01-06 00:00:00,[],13708,135,Sub6 Sex-Lives Matter," FrothySolutions said: 			Agency over yourself isn't the same as agency over your money. 		 Click to expand... Agency over your money is the same as having agency over yourself. Money = time and effort, but you seem to be ok with forcing someone to give away their time and effort like a slave, which is much worse than rape if you ask any incel. Plus there are many hookers who would be more than willing to exchange their pussy and ass for government money. ",/threads/dont-hate-chad-for-having-sex-with-all-the-women-if-you-were-chad-you-would-do-the-same-thing.74109/
135,FrothySolutions,2019-06-19 12:50:19.856928,2018-09-16 01:53:45,1401752,"[1401640, 1401640]",2018-05-06 00:00:00,[],3794,136,Post like the FBI is watching.," Ledgemund said: 			K Pangloss. ""Everything is exactly as it should be"". Why is it that nudity is an offense against your eyes but not stupid cunts in Daisy Dukes? Degree. Degree. Degree. Where is the limit set? Who decides? 		 Click to expand... Where's the line that decides what ""indecent exposure"" is? It varies per area. I think in some places you can't wear Daisy Dukes. But you're not gonna find any place on Earth that says you can't be naked in private. There's no way to enforce it.  Ledgemund said: 			""I didn't choose to join this society of liberalized sexuality. I don't have to etc., etc., etc."" Now suddenly obeying the dominant social morality (not this one, but another, easily conceivable one) is voluntaristic when you've spent three pages appealing to it? Cuck mindset, dude. Why expend so much effort trying to justify the shit hand you've been dealt? Cuck Mindset 		 Click to expand... You didn't ""choose"" to live in this society, but this society isn't taking any of your rights away. You can choose to live in a society that takes your rights away, but you haven't lost any rights in our society. Just what someone might assume is a right because ""Well why can't I just take what I want regardless of where it comes from?"" Rights end when they violate what other people have the right to. Freedoms and obligations. ",/threads/dont-hate-chad-for-having-sex-with-all-the-women-if-you-were-chad-you-would-do-the-same-thing.74109/
136,Ledgemund,2019-06-19 12:50:19.856977,2018-09-16 01:59:22,1401776,"[1401752, 1401752, 1401752]",2018-01-13 00:00:00,[],2942,137,free him or cuck," FrothySolutions said: 			Where's the line that decides what ""indecent exposure"" is? It varies per area. I think in some places you can't wear Daisy Dukes. 		 Click to expand... Degree and type of behavior regulated. FrothySolutions said: 			But you're not gonna find any place on Earth that says you can't be naked in private. There's no way to enforce it. 		 Click to expand... JFL. Who gives a shit? I don't care what people do as long as it doesn't actually affect me. The fact that you are incel shows that something affects you. FrothySolutions said: 			You didn't ""choose"" to live in this society, but this society isn't taking any of your rights away. You can choose to live in a society that takes your rights away, but you haven't lost any rights in our society. Just what someone might assume is a right because ""Well why can't I just take what I want regardless of where it comes from?"" Rights end when they violate what other people have the right to. Freedoms and obligations. 		 Click to expand... Absolutely hopeless, with particular reference to the bolded. Three pages of the same shit and a central point I made on the very first page (and fuckin reposted several times in the vain hope it would be addressed) is still being skirted right over. At this point I'm just going to let the too large body of posts I've made in this thread stand as evidence of my ideas on the matter. 								 									Last edited: Sep 15, 2018 ",/threads/dont-hate-chad-for-having-sex-with-all-the-women-if-you-were-chad-you-would-do-the-same-thing.74109/
137,FrothySolutions,2019-06-19 12:50:19.857018,2018-09-16 02:11:05,1401821,[1401776],2018-05-06 00:00:00,[],3794,138,Post like the FBI is watching.," Ledgemund said: Degree and type of behavior regulated. JFL. Who gives a shit? I don't care what people do as long as it doesn't actually affect me. The fact that you are incel shows that something affects you. Absolutely hopeless. Three pages of the same shit and a central point I made on the very first page (and fuckin reposted several times in the vain hope it would be addressed) is still being skirted right over. At this point I'm just going to let the too large body of posts I've made in this thread stand as evidence of my ideas on the matter. 		 Click to expand... There's a difference between something affecting you, and something affecting what you have the right to. That's why I raised the example. You wanna cite ""degree and type of behavior,"" the reason we allow nudity in private but not in public is because not only is public indecency important to prevent, but restricting people's freedoms is important to prevent. You have to consider both. Your suggestion only addresses your needs. That's not how any kind of ethics system works. The whole reason we have ethics is because of the question of what's fair to subject the individual to.  And as far as the self, it's not fair to say to the individual that they can't do what they want with it. It's about being able to do what you want with what's yours. And the self is yours. As long as you don't take what's someone else's, you can do what you want with yourself. By being with the women I wanna be with, I don't take what's yours. It's never been yours. ",/threads/dont-hate-chad-for-having-sex-with-all-the-women-if-you-were-chad-you-would-do-the-same-thing.74109/
138,Ledgemund,2019-06-19 12:50:19.857057,2018-09-16 02:17:47,1401854,[1401821],2018-01-13 00:00:00,[],2942,139,free him or cuck," FrothySolutions said: 			There's a difference between something affecting you, and something affecting what you have the right to. That's why I raised the example. You wanna cite ""degree and type of behavior,"" the reason we allow nudity in private but not in public is because not only is public indecency important to prevent, but restricting people's freedoms is important to prevent. You have to consider both. Your suggestion only addresses your needs. That's not how any kind of ethics system works. The whole reason we have ethics is because of the question of what's fair to subject the individual to. And as far as the self, it's not fair to say to the individual that they can't do what they want with it. It's about being able to do what you want with what's yours. And the self is yours. As long as you don't take what's someone else's, you can do what you want with yourself. By being with the women I wanna be with, I don't take what's yours. It's never been yours. 		 Click to expand... Ethical systems are not exclusively concerned with ""thuh self"" and I have no idea where you're getting that from. Yeah, how did it take this long to figure out that ""your rights end where another person's begin""? It's so neat, unequivocal, and easy to apply that everything has always been the same and always will be. Everyone can be themselves until bad people stop them. This will have to be my last post in this thread. ",/threads/dont-hate-chad-for-having-sex-with-all-the-women-if-you-were-chad-you-would-do-the-same-thing.74109/
139,FrothySolutions,2019-06-19 12:50:19.857102,2018-09-16 02:21:17,1401879,[1401854],2018-05-06 00:00:00,[],3794,140,Post like the FBI is watching.," Ledgemund said: 			Yeah, how did it take people this long to figure out that ""your rights end where another person's begin""? It's so neat, unequivocal, and easy to apply that everything has always been the same and always will be. Everyone can be themselves until bad people stop them. This will have to be my last post in this thread. 		 Click to expand... Times of crisis where order fails doesn't mean the ethics are wrong. It's just that people are desperate. I've said too, I brought up the potato skins. But you seem to think that the only reason I don't steal those potato skins is because I don't need to, and don't actually care about the rights of that gas station. Just because rule of law can fail in times of crisis doesn't mean rule of law is wrong. It just means people are selfish. In ways they know are wrong. ",/threads/dont-hate-chad-for-having-sex-with-all-the-women-if-you-were-chad-you-would-do-the-same-thing.74109/
140,Robtical,2019-06-19 12:50:19.857147,2018-09-16 02:33:10,1401944,[1401752],2018-01-06 00:00:00,[],13708,141,Sub6 Sex-Lives Matter," FrothySolutions said: 			You didn't ""choose"" to live in this society, but this society isn't taking any of your rights away. You can choose to live in a society that takes your rights away, but you haven't lost any rights in our society. 		 Click to expand... Being forced to give your time and labor to single mom whores and feminist sluts is the same as slavery for an incel. We are getting our rights taken away, we should at least be able to choose where our tax money goes, to make sure it doesn't go to causes we hate. 			Just what someone might assume is a right because ""Well why can't I just take what I want regardless of where it comes from?"" Rights end when they violate what other people have the right to. Freedoms and obligations. Click to expand... You can easily say it's foids obligation to raise a family with their looksmatch, and not turn into used up chad dick riding whores. 			Just because rule of law can fail in times of crisis doesn't mean rule of law is wrong. It just means people are selfish. In ways they know are wrong. 		 Click to expand... There are plenty of laws that are stupid and wrong. All drug laws contribute more harm than they solve, and they take away people's freedoms, but you're not complaining about that. Only around 100 years ago slavery was legal, just because a ""law"" was written down and low iq cucks voted on it doesn't mean it's automatically good. 								 									Last edited: Sep 15, 2018 ",/threads/dont-hate-chad-for-having-sex-with-all-the-women-if-you-were-chad-you-would-do-the-same-thing.74109/
141,FrothySolutions,2019-06-19 12:50:19.857208,2018-09-16 02:49:43,1402017,"[1401944, 1401944, 1401944]",2018-05-06 00:00:00,[],3794,142,Post like the FBI is watching.," Robtical said: 			Being forced to give your time and labor to single mom whores and feminist sluts is the same as slavery for an incel. We are getting our rights taken away, we should at least be able to choose where our tax money goes, to make sure it doesn't go to causes we hate. 		 Click to expand... But you can do that. There are avenues you can take to protest the tax code and see it reformed.  Robtical said: 			You can easily say it's foids obligation to raise a family with their looksmatch, and not turn into used up chad dick riding whores. 		 Click to expand... But I couldn't, because no woman has any obligation to me, and I have no claim to any woman. And that's the way it's gonna stay because the right to one's self is the cornerstone of how we make our laws. If you hold someone to an obligation, or give someone a right, and someone in this equation can say ""That violates my right to such and such"" then you can't put that obligation or right into practice. Unless that obligation/right doesn't actually violate anyone's right to such and such. Robtical said: 			There are plenty of laws that are stupid and wrong. All drug laws contribute more harm than they solve, and they take away people's freedoms, but you're not complaining about that. Only around 100 years ago slavery was legal, just because a ""law"" was written down and low iq cucks voted on it doesn't mean it's automatically good. 		 Click to expand... Just because rule of law can fail doesn't mean rule of law is wrong. But rule of law CAN be wrong for the reasons you've named. Like slavery being a violation of human rights. Slavery is wrong because it violates human rights, not because it can fail and the slaves can revolt. We don't have slavery today because it's wrong. Not just because the slaves don't like it and we'd rather they not upset the stability of society so okay, give them whatever they want. ",/threads/dont-hate-chad-for-having-sex-with-all-the-women-if-you-were-chad-you-would-do-the-same-thing.74109/
142,incel4life,2019-06-19 12:50:19.857244,2018-09-16 02:58:58,1402058,[1401821],2017-11-08 00:00:00,[],1427,143,Veteran," FrothySolutions said: 			And as far as the self, it's not fair to say to the individual that they can't do what they want with it. It's about being able to do what you want with what's yours. And the self is yours. As long as you don't take what's someone else's, you can do what you want with yourself. By being with the women I wanna be with, I don't take what's yours. It's never been yours. 		 Click to expand... You are thinking in a bubble. Society defines ownership. Why do you think life is better in a society where Chad is allowed to endlessly fuck multiple women vs a monogamous society where there is one woman for every man? ",/threads/dont-hate-chad-for-having-sex-with-all-the-women-if-you-were-chad-you-would-do-the-same-thing.74109/
143,Robtical,2019-06-19 12:50:19.857296,2018-09-16 02:59:55,1402063,[1402017],2018-01-06 00:00:00,[],13708,144,Sub6 Sex-Lives Matter," FrothySolutions said: 			But you can do that. There are avenues you can take to protest the tax code and see it reformed. 		 Click to expand... That's what I'm trying to do, but in the meantime it is slavery until I'm able to decide where my tax money goes 			But I couldn't, because no woman has any obligation to me, and I have no claim to any woman. 		 Click to expand... If you have no obligation to women, then you shouldn't be forced to give them 30% of your hard earned money, neither should they have the right to take from any other incels. 			If you hold someone to an obligation, or give someone a right, and someone in this equation can say ""That violates my right to such and such"" then you can't put that obligation or right into practice. Unless that obligation/right doesn't actually violate anyone's right to such and such. 		 Click to expand... Offering femoids jobs to become government prostitutes for sub6 men doesn't violate their ights because it is their choice to do the job for the amount of compensation they're being paid. 			Just because rule of law can fail doesn't mean rule of law is wrong. But rule of law CAN be wrong for the reasons you've named. 		 Click to expand... That's a contradiction, ""rule of law"" doesn't always mean right or wrong. 			It's about being able to do what you want with what's yours. And the self is yours. As long as you don't take what's someone else's, you can do what you want with yourself. 		 Click to expand... Your time, effort, and money is also yours, and you should have the full agency to do what you want with it. 			By being with the women I wanna be with, I don't take what's yours. It's never been yours. 		 Click to expand... That's why society has to be blackpilled and go back to slut shaming. If the laws can't force them to be monogamous, then their peers can. Being a slut should be looked at as worse than an infant rapist. Then bitches will refrain from riding the cock carousel, or they will be reated like used sluts by all the uncucked men. 								 									Last edited: Sep 15, 2018 ",/threads/dont-hate-chad-for-having-sex-with-all-the-women-if-you-were-chad-you-would-do-the-same-thing.74109/
144,FrothySolutions,2019-06-19 12:50:19.857339,2018-09-16 03:08:50,1402106,"[1402063, 1402058]",2018-05-06 00:00:00,[],3794,145,Post like the FBI is watching.," Robtical said: 			That's what I'm trying to do, but in the meantime it is slavery until I'm able to decide where my tax money goes If you have no obligation to women, then you shouldn't be forced to give them 30% of your hard earned money, neither should they have the right to take from any other incels. Offering femoids jobs to become government prostitutes for sub6 men doesn't violate their ights because it is their choice to do the job for the amount of compensation they're being paid. That's a contradiction, ""rule of law"" doesn't always mean right or wrong. Your time, effort, and money is also yours, and you should have the full agency to do what you want with it. That's why society has to be blackpilled and go back to slut shaming. If the laws can't force them to be monogamous, then their peers can. Being a slut should be looked at as worse than an infant rapist. Then bitches will refrain from riding the cock carousel, or they will be reated like used sluts by all the uncucked men. 		 Click to expand... I never said gov'mint hoes was a violation of said hoes' choice to be a ho. That's a different debate. This thread is talking about placing the onus on Chad and Stacy for fucking who they wanna fuck, instead of us. incel4life said: 			You are thinking in a bubble. Society defines ownership. Why do you think life is better in a society where Chad is allowed to endlessly fuck multiple women vs a monogamous society where there is one woman for every man? 		 Click to expand... Society doesn't define ownership for everything. It can say I owe taxes because I make use of public facilities, it can say the public ways are a public space, and so everyone's security must be considered so my rights end where the public's security begins, but as far was who and how many people I fuck (if I could fuck anybody), that's between me and them. Society can't define that, or even enforce it. ",/threads/dont-hate-chad-for-having-sex-with-all-the-women-if-you-were-chad-you-would-do-the-same-thing.74109/
145,Robtical,2019-06-19 12:50:19.857373,2018-09-16 03:10:46,1402118,[1402106],2018-01-06 00:00:00,[],13708,146,Sub6 Sex-Lives Matter," FrothySolutions said: 			This thread is talking about placing the onus on Chad and Stacy for fucking who they wanna fuck, instead of us. 		 Click to expand... Not just stacy, even our looksmatches are chasing chads. Which is why men must be blackpilled and shame those whores, and make it clear to them no successful man will ever marry a used up chad dick rider. ",/threads/dont-hate-chad-for-having-sex-with-all-the-women-if-you-were-chad-you-would-do-the-same-thing.74109/
146,incel4life,2019-06-19 12:50:19.857405,2018-09-16 03:20:01,1402170,[1402106],2017-11-08 00:00:00,[],1427,147,Veteran," FrothySolutions said: 			but as far was who and how many people I fuck (if I could fuck anybody), that's between me and them. Society can't define that, or even enforce it. 		 Click to expand... This is only the case in modern western society. In Muslim societies, it's between you and Allah, and Allah says to give fornicators 100 lashes. In modern western society, if some Chad brags about fucking a foid, he faces no consequences. In Muslim societies he will be given 100 lashes. Pre-1900 Christian societies also punished fornication. ",/threads/dont-hate-chad-for-having-sex-with-all-the-women-if-you-were-chad-you-would-do-the-same-thing.74109/
147,FrothySolutions,2019-06-19 12:50:19.857439,2018-09-16 03:24:26,1402195,[1402170],2018-05-06 00:00:00,[],3794,148,Post like the FBI is watching.," incel4life said: 			This is only the case in modern western society. In Muslim societies, it's between you and Allah, and Allah says to give fornicators 100 lashes. In modern western society, if some Chad brags about fucking a foid, he faces no consequences. In Muslim societies he will be given 100 lashes. Pre-1900 Christian societies also punished fornication. 		 Click to expand... You can't enforce Sharia Law perfectly, not without a camera on every forehead. What keeps people following Sharia Law is because they believe in it. ",/threads/dont-hate-chad-for-having-sex-with-all-the-women-if-you-were-chad-you-would-do-the-same-thing.74109/
