,author,crawled_at,date_post,id_post,id_post_interaction,joined_author,links,messages_author,number_post,resume_author,text_post,thread
0,letmethink,2019-06-23 18:13:25.161072,2016-11-12 12:51:00,584864,[],2011-12-02 01:27:00,[],3932,1,Elite Contributor,"This is probably the case for most posters here.  You might think you've been rejected or overlooked by girls because you were not attractive enough, but in all likeliness its probably because you are socially awkward and undeveloped with women, or people in general.  I used to think I got rejected because the women I hit on didn't find me attractive, and although that could have been the case with a couple of the women, I have to realize its not the case for most of my rejections, and in fact I was rejected for my awkwardness in spite of the fact that the women were initially physically attracted to me.  Its a painful revelation, but I am just beginning to realize how socially undeveloped I am. For years I had convinced myself that I was not socially awkward, and that the occasional awkward social interactions were rare missteps and not actually an indication of my actual social competence level. But truth is all those years of skipping on parties and social gatherings have left their mark. When it comes to social skills you simply can't take shortcuts, you need to spend the time developing your own social personality, Thinking about how to behave doesn't really work.  I am almost certain if I had good social skills I do well in dating. But I am so far behind and my current circumstances doesn't lend itself very well into developing social skills. Now I have to put in significantly more effort than the average person in all my social interactions and hope that eventually I will develop good social skills.",./viewtopic.php?f=4&t=29852
1,Marcionite,2019-06-23 18:13:25.161115,2016-11-12 14:38:00,584865,[],2016-06-12 17:07:00,[],959,2,Racist Moron,"I would think social awkwardness is even more prevalent today given the amount of time people spend on their iphones and social media instead of interacting in person, and the increased number of people on the autistic spectrum. As far as social awkwardness is concerned, I think the main culprit is anxiousness.  Just being able to relax and feel calm in social situations will give off the appearance of confidence and put you in a good mental head space where you are less likely to make glaring social faux pas.",./viewtopic.php?f=4&t=29852
2,Sylva,2019-06-23 18:13:25.161147,2016-11-12 16:45:00,584867,[],2016-05-25 04:25:00,[],274,3,Poster,"That's your case, and probably many others, but don't apply to all of us. You won't have your easy answer.",./viewtopic.php?f=4&t=29852
3,Beocca,2019-06-23 18:13:25.161177,2016-11-12 17:41:00,584868,[],2015-12-10 23:17:00,[],471,4,Poster,I think either can be the factor that can make us unattractive. If you are ugly but socially skilled you are going to struggle. If you are good looking but very awkward you are going to struggle. A severe deficit in either is going to make you virtually undateable.  I think you can do well if you are average in appearance and socially skilled or good looking and a bit shy.,./viewtopic.php?f=4&t=29852
4,Fonduman,2019-06-23 18:13:25.161208,2016-11-12 18:28:00,584870,[],2010-11-25 19:51:00,[],13619,5,LS.com #1 Poster,"Yeah, but fuck socialising.",./viewtopic.php?f=4&t=29852
5,LonelyMan,2019-06-23 18:13:25.161236,2016-11-12 21:19:00,584880,[584865],2010-08-11 17:59:00,[],3378,6,Elite Contributor," What's interesting is that I think I do come across relaxed and calm due to my lack of assertiveness and initiative. I've always felt at ease and cool about my surroundings, but that doesn't seem to do the trick in getting women (or others) to notice.",./viewtopic.php?f=4&t=29852
6,letmethink,2019-06-23 18:13:25.161268,2016-11-12 22:38:00,584884,[584867],2011-12-02 01:27:00,[],3932,7,Elite Contributor," Sure it may not be true for everyone. But I think lots of guys' knee jerk reaction is to blame their looks when they get rejected, even if its not the case, possibly because it gives them an excuse to stop trying. I think a lot of us have fallen to the situation we are in because we are more sensitive to rejection than average, so we develop a tendency to avoid social gatherings and hitting on women because we are more fearful of the possible outcome, but this in turn leads to a decline in our social skills.",./viewtopic.php?f=4&t=29852
7,letmethink,2019-06-23 18:13:25.161301,2016-11-12 23:07:00,584886,[584865],2011-12-02 01:27:00,[],3932,8,Elite Contributor," Yeah all the electronic devices and social media make thing worse as they give people an excuse not to socialize.  Here's the thing, I don't think being or appearing calm is enough. You need to be calm while taking being socially engaged. Its not much of a challenge to remain calm in a group if you are just being a passive participant. The key is being smooth while taking an active role in social gatherings and that's where I m struggling.",./viewtopic.php?f=4&t=29852
8,cerebral_barrier,2019-06-23 18:13:25.161337,2016-11-12 23:33:00,584887,[],2010-04-27 07:08:00,[],2868,9,Elite Contributor,"I'm not rejected for being ""socially awkward"" or ""unattractive"". I'm Ignored for being of a different demographic than the kind of women I'm attracted too and for having a very unconventional view of DSR and the rest of our world; one that is not compatible with the mindless scripted idiocy that most women follow. Most woman I've met are sexists, racists and/or class-ists, as well as narcissists.   They disrespect or dismiss anyone or anything that conflicts with their one-dimensional thought process. While there are ""Chads"" out there fucking the top 20%, I'm starting to get the impression that DSR is far more elusive to regular guys than we are led to believe.",./viewtopic.php?f=4&t=29852
9,letmethink,2019-06-23 18:13:25.161368,2016-11-13 03:11:00,584889,[584887],2011-12-02 01:27:00,[],3932,10,Elite Contributor," But While there are sexist, racist and classiest ladies out there for sure, aren't you generalizing? How many of these girls did you actually try to pursue? Don't you think its possible that some of them would be willing to go out with you and you are writing them off because you had a few bad experiences.  I don't know, maybe all the girls in your area are bitches, but how can you really know for sure unless you try?",./viewtopic.php?f=4&t=29852
10,Donbot,2019-06-23 18:13:25.161405,2016-11-13 16:58:00,584894,[584867],2012-07-22 03:25:00,[],3346,11,Elite Contributor," I don't know about all of that. I can be very social with all types of people as long as I don't switch it from platonic and professional to romantic and sexual. I truly believe anybody can start out socially normal, then experience more rejections than normal and as a result be reluctant to continue to be social, if not hitting on women because they've been conditioned to realize women don't see them like that. Why keep touching the stove when you've been taught you'll get burned every time. And before you tell me, you just have to keep working on it, there's also a factor with age, but for yourself and the type of women you're targeted, or should be targeted when it comes to being age-appropriate. If you are in your 40s(or 30s) and know nothing but rejection, what benefit will it be to hone your social skills? The only possible women you maybe able to get is a middle age divorce with a sagging body who's had her share of the cock carousel and is far more experience than you are(which is another issue). At heart, you want a 20s something beauty queen, or at the very least a variation of that since we are biologically programed to be attracted to them. Fact is, you haven't sewed your oats to appreciate a 40s something women to connect with them. So your post would only apply to 20s people if its even accurate. Problem with incel is its not cut-and-dry. Not every incel is society's definition of socially awkward(whatever that entails), so its easier to say they are ugly(weather that is true or not) because it gives them more comfort in knowing they tried, but aren't accepted. Personally speaking, its hard to think of yourself as good or average looking when you keep getting turned down no matter what your personality is like. The simple truth is, there is no scientific reason why some guys aren't successful with women, while guys with similar(if not more pronounced) problems have girlfriends and wives. Only thing we can do is see each of our interactions with the opposite sex, and get an idea from there. That's just my take.",./viewtopic.php?f=4&t=29852
11,Adrianxx,2019-06-23 18:13:25.161432,2016-11-13 23:02:00,584909,[],2009-11-08 03:22:00,[],492,12,Poster,"I'll admit I've always been somewhat socially awkward but that's part of my personality, in the same way that I'm rather scatty   . I wouldn't change either of those things for anyone. If you can't accept who I am, then go f..k yourself!",./viewtopic.php?f=4&t=29852
12,letmethink,2019-06-23 18:13:25.161463,2016-11-14 05:22:00,584926,[584909],2011-12-02 01:27:00,[],3932,13,Elite Contributor," But being socially awkward isn't a personality type. Your personality type is how you are around people you are totally comfortable with, and people aren't awkward around close friends. social awkwardness is a symptom of not living a social life. when you don't go out much you don't know how to behave properly around people in different circumstances. But if you are out a lot you know exactly how to behave and what to expect.",./viewtopic.php?f=4&t=29852
13,FACEandLMS,2019-06-23 18:13:25.161497,2016-11-14 11:24:00,584931,[],2013-08-19 10:17:00,[],122,14,Poster,"This is only true if you have girls hitting on you and you mess it up. If you are goodlooking but socially awkward, you will have the following: - girls purposely trying to stand near you at bus stops, in clubs, etc, in order for you to hit on them - girls messaging you on online dating websites/apps - girls asking why you don't have a gf yet - but read the tone. It should be in amazement, or leading to them wanting to hook you up with one of their friends, or even trying to get you to ask THEM out. It should not be in a ""what's wrong with you? Are you gay?"" kind of tone. - girls at your job or school talking to you without their being a need, i.e. not about work, not to borrow a pen, etc. If girls aren't sending you messages on your phone and making an effort to communicate with you, then don't be fooled. You aren't goodlooking. Most men KID THEMSELVES that they are goodlooking because it's a survival mechanism, a coping mechanism. Who wants to see themself as ugly? You see your face in the mirror every day and get used to it, and don't notice the flaws that women can see. You have grown up with or become used to that big nose, that recessed mandible, that long midface, those sparse eyebrows, that receding hairline, that legacy acne, that chubby bloated skin - so they don't jump out at you anymore. BUT THEY DO TO WOMEN. If looks aren't your problem, you will be fucking up and turning off a lot of women who were initially attracted to you. If looks aren't your problem, what are you doing to help yourself? Do you have any CBT scheduled? Any behavioural therapy? Any confidence workshops planned?",./viewtopic.php?f=4&t=29852
14,Fonduman,2019-06-23 18:13:25.161532,2016-11-14 11:53:00,584933,[584931],2010-11-25 19:51:00,[],13619,15,LS.com #1 Poster," What if those things happen to you occasionally but not all the time? Then you've probably had enough opportunities to be moderately successful in DSR, but you're not some model-type. It's not a binary ugly/hot system; there's a spectrum (although I'll admit female hypergamy makes it closer to a binary than it is in reality).",./viewtopic.php?f=4&t=29852
15,letmethink,2019-06-23 18:13:25.980521,2016-11-14 11:57:00,584934,[584931],2011-12-02 01:27:00,[],3932,16,Elite Contributor," Finally a legit lookist to argue with    First of all you are taking everything to extremes. Its not like men are either super good looking or completely hideous, most all in between.  Majority of men who do manage to find girlfriends don't fall under the criteria of women actively hitting on them, its only really attractive men who experience that.  I will concede though. . . there are men out there who are physically unattractive and for them the difficulties of dating will in part depend on their appearance. But I am willing to bet a large portion of men on this website aren't really unattractive, they might not be super good looking, but last I checked average looking men do find girlfriends too. As for your list:  -yes, women do stand in my personal space from time to time, I wasn't aware this was anything unusual -I have received messages on online dating, though very few from women I was attracted to - I m occasionally asked if I am married or have a girlfriend, but not very often - Wait all coworkers ask about life outside of work, why would girls not ask about it?",./viewtopic.php?f=4&t=29852
16,TheCounter,2019-06-23 18:13:25.980560,2016-11-15 02:04:00,584985,[],2013-01-08 19:35:00,[],2772,17,Elite Contributor,"Being awkward is a product of pass rejection. Other people can be out going/ not awkward because they have past success to fall back on. My brother walks right up to people and talks to them because he's 5'11 chiseled jaw mother fucker, same with my good looking mother. Too bad I look like my grandmother who is ugly with huge chin old women face. SO FUCK you bitch",./viewtopic.php?f=4&t=29852
17,letmethink,2019-06-23 18:13:25.980595,2016-11-15 02:50:00,584988,[584985],2011-12-02 01:27:00,"[('https', 's16.postimg.org', '/511lhpkqt/20101114_Scan0063.jpg'), ('https', 's16.postimg.org', '/oef857bdx/drep_paint.jpg')]",3932,18,Elite Contributor," Thank you for that, Guess that's what I get for suggesting we should give things another shot  Ok I don't actually know what you look like and I can't actually say whether your looks play a role or not. But can you really say you gave it your all when it comes to dating? I know I m not a super good looking guy myself, but by this point I have come to accept my looks as being sufficient to attract at least some women out there. In fact I don't think I am shy and anxious around women because of my appearance anymore, I think I am more nervous because I think I might come off as awkward rather than the girl thinking I m ugly.  Which is why I m fine with posting my pic here. Even if someone makes fun of how I look, I know internally that I am fine with how I look. ",./viewtopic.php?f=4&t=29852
18,Fairly shy,2019-06-23 18:13:25.980630,2016-11-15 18:47:00,585010,[584865],2009-08-09 17:37:00,[],1407,19,Super Contributor," Agreed! I try to encourage men here to use dating sites, because you are thrown into a 1-to-1 discussion with someone and you both know each other are looking for a relationship.  FS",./viewtopic.php?f=4&t=29852
19,IceCat7,2019-06-23 18:13:25.980660,2016-11-15 19:00:00,585011,[584931],2014-05-06 04:03:00,[],7442,20,LS.com Legend,idiot,./viewtopic.php?f=4&t=29852
20,The Geek,2019-06-23 18:13:25.980691,2016-11-15 20:16:00,585015,[],2010-09-26 21:28:00,[],755,21,Contributor,This has been discussed here so often.. I made many posts on the importance of LOOKS in DSR and find it a loss of time to repeat myself.  Anti-LOOKists will never be persuaded. They need their illusions because it gives them hope. If LOOKS isn't essential to DSR than they can still harbor hope to DO the right thing one day and make it click with a woman.,./viewtopic.php?f=4&t=29852
21,letmethink,2019-06-23 18:13:25.980720,2016-11-15 21:28:00,585022,[585015],2011-12-02 01:27:00,[],3932,22,Elite Contributor, I know right? Its so pathetic of them to actually try.  ,./viewtopic.php?f=4&t=29852
22,letmethink,2019-06-23 18:13:25.980752,2016-11-15 23:13:00,585031,[],2011-12-02 01:27:00,[],3932,23,Elite Contributor,"IMO there is nothing more dignified in this world than someone still trying in spite of numerous failures. I don't blame people who give up, but I do have a crazy amount of respect for those who don't quit.",./viewtopic.php?f=4&t=29852
23,IceCat7,2019-06-23 18:13:25.980778,2016-11-16 19:13:00,585079,[585015],2014-05-06 04:03:00,[],7442,24,LS.com Legend," And you need your illusions also, that everybody is as ugly as you.",./viewtopic.php?f=4&t=29852
24,cerebral_barrier,2019-06-23 18:13:25.980830,2016-11-16 20:10:00,585080,[584887],2010-04-27 07:08:00,[],2868,25,Elite Contributor," Seriously dude; WTF?   Where did you come up with this response? No.   I'm not generalizing.   This is my experience over the past 11+ years.   On the other hand, for a guy who looks like you, I suppose you don't know any better.    I stand by what I said;   Any woman who expects men to pay for dates and believes in archaic gender roles (most women) is an overt sexist.   Any woman who discriminates against men based on income/education level (most women) is a class-ist.   With regard to racism; I have been contacted and rejected by women online, solely based on my race and I've been told this directly, on a repeated basis. While you are correct that I am writing off women.   It should be mentioned that I write off anyone who I am absolutely certain that... - I am not psychologically compatible with - I am not physically/sexually attracted to - has individual circumstances that would cause a relationship to be more trouble for me than it's worth (single moms for example) You can call it generalization if you like but if women behave in this way in general, what conclusion should someone draw?   Also, I don't think you're in any position to tell me that I'm 'not trying hard enough' when...  - I have a good personality and am well liked. - I reap the benefits of having worked hard to improve myself as a person as well as improve my life. - I'm not socially awkward and have been going on dates for over a decade; even before I found this web site. - I've gone so far as to actively conduct research on DSR, and record my interactions on spread sheet, to learn what works and what doesn't. - You don't have looks working against you and don't have to deal with the stigma associated with being a minority. You may have created this thread.   You may feel that you socially awkward.   But that doesn't mean that women aren't fucked up and pulling the wool over society's eyes by virtue of men's unwillingness to call them out on their bullshit.",./viewtopic.php?f=4&t=29852
25,IceCat7,2019-06-23 18:13:25.980856,2016-11-17 14:58:00,585118,[],2014-05-06 04:03:00,[],7442,26,LS.com Legend,"he just looks like an average guy to me. And average guys have to put in work, similar to ugly guys (but less so of course). Only really good looking guys can do nothing and still get girls.",./viewtopic.php?f=4&t=29852
26,cerebral_barrier,2019-06-23 18:13:25.980885,2016-11-17 23:54:00,585131,[585118],2010-04-27 07:08:00,[],2868,27,Elite Contributor," No one said he didn't have to do work.   I'm saying that he's in no position to dismiss more than a decade of my personal life experiences when he doesn't have and hasn't broken through the same obstacles I have, then tell me that I'm ""not trying hard enough"".    That's bullshit.",./viewtopic.php?f=4&t=29852
27,SuperJeff,2019-06-23 18:13:25.980909,2016-11-18 21:47:00,585159,[],2013-11-07 22:25:00,[],2205,28,Elite Contributor,I think often it's about both,./viewtopic.php?f=4&t=29852
28,Edge,2019-06-23 18:13:25.980935,2016-11-19 00:17:00,585165,[],2010-02-02 02:05:00,[],10043,29,Moderator,"Cerebral, what race are you? I've always pictured you as a nerdy white guy, but that's racist.",./viewtopic.php?f=4&t=29852
29,IceCat7,2019-06-23 18:13:26.729086,2016-11-19 06:37:00,585185,[],2014-05-06 04:03:00,[],7442,30,LS.com Legend,"great post cerebral I'm hispanic/Eurasian guy myself I know WELL the importance of 'playing the position' when it comes to attracting certain women. With Spanish or Latin women I usually have to focus on being a stereotypical 'latin lover' that is bullshit like dancing salsa and being passionate and loud type thing. With other women I might try to play up my asian side, if I sense that is what might interest them, e.g. try being intelligent, or being able to cook nice food (which I can't). You're a better guy than me if you refuse to attempt to act in a role a potential mate expects or desires. But tbh my deep down real self almost always comes out in the end anyway...",./viewtopic.php?f=4&t=29852
30,letmethink,2019-06-23 18:13:26.729136,2016-11-19 07:16:00,585189,[],2011-12-02 01:27:00,[],3932,31,Elite Contributor,"I didn't think race played such a big role. I don't know if I was ever rejected by a girl because of my race, none have told me so at least.  I just assumed since I was attracted to women from all races, it was more or less the same for women?!",./viewtopic.php?f=4&t=29852
31,metalized,2019-06-23 18:13:26.729173,2016-11-19 08:37:00,585195,[584864],2009-07-09 11:11:00,[],2012,32,Elite Contributor," Been saying this for years. Looks are important when you are younger. The older you get (and women get specially) the less looks count. Having a strong personality, agressive social behaviour and having ""It"" ""Cool"" etc is more attractive for women than just looks.",./viewtopic.php?f=4&t=29852
32,cerebral_barrier,2019-06-23 18:13:26.729219,2016-11-19 09:37:00,585197,[585185],2010-04-27 07:08:00,[],2868,33,Elite Contributor," I have a saying:  ""Always be yourself.  You'll suck at being anyone else... "" After all, if people can't appreciate the real you, why should you waste your time trying to adapt to their infantile prejudices and insecurities?    I know things in other countries may be different but American women tend to be ignorant and racist as fuck.   Also, every single one of them wants to be a fucking politician or SJW when they don't know anything about anything.   They talk about 'helping people' and 'serving greater causes' when they only do these things to stroke their own egos and compensate for their insecurities.   Deep down, they know that they are spoiled brats and shitty people at the core.   They'll do almost anything to take the world's attention off of that fact. Like I said; Fuck this planet.",./viewtopic.php?f=4&t=29852
33,obiwan,2019-06-23 18:13:26.729249,2016-11-19 17:16:00,585212,[],2009-12-09 22:24:00,[],1861,34,Extensive Contributor,Even if you have social problems I think if you got lucky with your looks you could still find some woman somewhere that would accept you and look over any social awkwardness you have.,./viewtopic.php?f=4&t=29852
34,Sylva,2019-06-23 18:13:26.729288,2016-11-19 17:51:00,585216,[585212],2016-05-25 04:25:00,[],274,35,Poster," Yeah, some over the hill, unintelligent, uninteresting and unattractive ""want-to-settle"" loser.",./viewtopic.php?f=4&t=29852
35,TheCounter,2019-06-23 18:13:26.729324,2016-11-19 22:52:00,585223,[585212],2013-01-08 19:35:00,[],2772,36,Elite Contributor,,./viewtopic.php?f=4&t=29852
36,letmethink,2019-06-23 18:13:26.729365,2016-11-20 03:50:00,585235,[],2011-12-02 01:27:00,[],3932,37,Elite Contributor,"Something I hadn't expected is happening.  I m getting more tinder matches and its with good looking girls who are actually not bots. I don't know its just my new photos are better or what? The same is happening with online dating sites too. This is while I have started sending this generic message to all the attractive girls I m messaging: ""Your profile seems interesting, hit me back if you're interested in chatting more. "" ^ This generic message has made a few of them to actually message me back and for more than a couple of replies. I guess the idea that we should send thoughtful messages based on girl's profiles is complete bogus. You should just send them generic messages.",./viewtopic.php?f=4&t=29852
37,SFX Group,2019-06-23 18:13:26.729406,2016-11-20 07:31:00,585237,[584931],2016-09-05 09:17:00,[],32,38,Poster,"I agree with the below FULLY, however most guys are ""ok"" so if they then speak with women and women dont have another option they will go for them....  Ive NEVER EVER had women talk with me unless they HAD to, and most times they avoid it, i would classify myself as 40-50 out of 100 (on Hot or Not i am average), however women will avoid me or be ""stand off"" when i talk with them. Most say "" you need to be more ""alpha male"", in my book that will land you with a police call and being ""creepy"".. I get ""vibes"" from people (for what ever reason), and there not good, i always get people ""over"" listening to me when i talk, ive not worked out why yet, but i am sure this will be there physically answer about me. I have an English accent in Canada (and go to USA alot), women dont even stay talking with me when i ask them a location of something in the shop.  I was bet ,loads of money when i left England i would get the pick of ANY women in Canada.......... i lost that best 1000's of times over. ",./viewtopic.php?f=4&t=29852
38,SuperJeff,2019-06-23 18:13:26.729435,2017-04-02 18:58:00,588551,[],2013-11-07 22:25:00,[],2205,39,Elite Contributor,"In many cases I think it's a Combition of Looks & being Socially Awkward, it is either one ugly looks or Social Awkwardness or in many cases both",./viewtopic.php?f=4&t=29852
39,cerebral_barrier,2019-06-23 18:13:26.729471,2017-04-03 09:58:00,588583,[],2010-04-27 07:08:00,[],2868,40,Elite Contributor,"Actually, more often than not, I find that any issues that pop up when dealing with women are due to your looks and/or their social awkwardness.    If you fail the looks test, your behavior and personality will never even be seen.   One of the main reasons your behavior or personality can be brought to light in a bad way is if they refused to meet you half way.   After all; someone has to take the blame and it's not like women want to take responsibility for their half of an interaction.",./viewtopic.php?f=4&t=29852
40,The Geek,2019-06-23 18:13:26.729517,2017-04-03 15:57:00,588591,[588583],2010-09-26 21:28:00,[],755,41,Contributor," This is very well said. The truth is that young women have a very fluid ""situational"" character/personality - they are virtually not the same person relating to different people, especially different men. Girls sort of mirror the guy they are dealing with. As an UGLY ""boring"" D-rated guy you will never know the better (or more interesting) part of a GOOD-LOOKING girls personality. She would immediately spring to life if she meets a GOOD-LOOKING ""exciting"" guy.",./viewtopic.php?f=4&t=29852
41,Fairly shy,2019-06-23 18:13:26.729547,2017-04-06 13:59:00,588674,[585185],2009-08-09 17:37:00,[],1407,42,Super Contributor," Hi IceCat7, I take it that you have got back into trying to find another girlfriend again - which is good! I think with luck, the second time around will still be tough, but not quite as tough as before. FS",./viewtopic.php?f=4&t=29852
42,IceCat7,2019-06-23 18:13:26.729576,2017-04-06 19:58:00,588689,[],2014-05-06 04:03:00,[],7442,43,LS.com Legend,"Hey FS yes of course i must get back on the saddle, no other option really. I still talk with my ex and yearn of having her back though, i suppose I'm a pretty pathetic guy.",./viewtopic.php?f=4&t=29852
43,cerebral_barrier,2019-06-23 18:13:26.729614,2017-04-09 12:55:00,588785,[588583],2010-04-27 07:08:00,[],2868,44,Elite Contributor," I have a perfect example of this in progress. Over the years, I've had a LOT of women visit my profile or ""like"" me on POF/Okcupid.   They almost never message first but when they do, all I get are one word greetings.    I messaged one of these likes/visitors the other day to see what would happen.   Her response and all her subsequent messages we're painfully short; as if she either didn't want to talk or didn't know how to talk.   Leaving me with a big WTF in my head. I got rid of my social awkwardness in my mid-20s and don't have any major hangups about my looks.   While I can see her being overlooked by some guys due to her weight, she has a cute face and should be, by no means unable to find a man.   I have no particular interest in this woman other than ""why not?"".   I'm about to pull the plug on our interaction if she doesn't start acting like she's interested in getting to know me. This is a common pattern with women I've been meeting online these days.   They're too scared/lazy to let a man know they're interested, so they wait for you to message first so that they can have the power to reject/ignore you to boost their own ego.  If they do talk to you, they offer absolutely nothing to the conversation; as if ""Ing-glish"" isn't their first language. If I am to remain alone, I am now absolutely certain that it is not because there is something wrong with me, but rather, because DSR is purposely rigged against men and most women have the social skills of a brick.",./viewtopic.php?f=4&t=29852
44,nookie monster,2019-06-23 18:13:28.344352,2017-04-09 18:58:00,588798,[588785],2011-08-13 02:11:00,[],1291,45,Super Contributor,"I understand your frustration well. One thing I've noticed since dipping my own toe in the dating pool (a mighty shallow pool at that) recently is that many women complain in their dating profiles that men only send trite simple/one-word greetings or that men can't carry a conversation, yet women are just as conversationally challenged. I seldom run across women who are capable of initiating a conversation at all and, on those rare occassions I do stumble across such a woman, they can't muster a conversational opening more sophisticated than 'hi' or 'how are you?'. Women are hypocrites that all seem to live by the same ""do as I say, not as I do"" mentality.",./viewtopic.php?f=4&t=29852
45,ukshygirl,2019-06-23 18:13:28.344494,2017-04-09 20:36:00,588802,[588785],2009-08-20 18:03:00,[],3424,46,Moderator Femme Fatale," When I tried online dating, I used to dislike the ""hey"" or ""how are you"" type intros as like you, I prefer a conversation and for people to show skills of enjoying engaging through the written word. The times I messaged someone first I would write something like, ""Hi - I like your profile and have a feeling we might get along. I noticed that you're interested in X and Y. Me too. Feel free to message back if you fancy a chat sometime"". That to me is a perfectly adequate intro when responding to a profile. I don't think it's about us being hypocrites as much as it is about the women who only message with ""hey"" to you are just not the same ones who post to moan about it in their profiles. Lots of women want a meaningful chat exchange, but just they might be ones found through you messaging them, rather than your choice of ones who approach you on the sites.",./viewtopic.php?f=4&t=29852
46,metalized,2019-06-23 18:13:28.344590,2017-04-09 21:16:00,588807,[584864],2009-07-09 11:11:00,[],2012,47,Elite Contributor,  ,./viewtopic.php?f=4&t=29852
47,metalized,2019-06-23 18:13:28.344663,2017-04-09 21:21:00,588808,[],2009-07-09 11:11:00,[],2012,48,Elite Contributor,Also women dont like men who smoke. I feel less anxious when smoking and that is a big turn off for women.,./viewtopic.php?f=4&t=29852
48,SuperJeff,2019-06-23 18:13:28.344724,2017-04-11 19:06:00,588870,[],2013-11-07 22:25:00,[],2205,49,Elite Contributor,"Many Women smoke , what does DSR stand for ?",./viewtopic.php?f=4&t=29852
49,Fairly shy,2019-06-23 18:13:28.344801,2017-04-13 18:38:00,588946,[],2009-08-09 17:37:00,[],1407,50,Super Contributor,"I think it might be worth setting up a dating profile that actually explains that you are socially awkward (LS would be more specific, but I doubt if many people know what it means). FS",./viewtopic.php?f=4&t=29852
50,SuperJeff,2019-06-23 18:13:28.344868,2017-04-13 23:23:00,588951,[],2013-11-07 22:25:00,[],2205,51,Elite Contributor,"I think often times it is Both, and what does DSR stand for ?",./viewtopic.php?f=4&t=29852
51,letmethink,2019-06-23 18:13:28.344935,2017-04-14 07:22:00,588966,[588951],2011-12-02 01:27:00,[],3932,52,Elite Contributor," Dating, sex, relationship",./viewtopic.php?f=4&t=29852
52,incel200,2019-06-23 18:13:28.345000,2017-04-16 02:27:00,589009,[],2011-10-30 23:38:00,[],1179,53,Super Contributor,"Why is there this desperate attempt to deny women care about looks? If it was just about social skills then I should never have had close female friends, but I have. Strange that my social skills in your opinion are so poor, yet these women have been willing to spend so much time with me. Hell I have got the you will make a great boyfriend/husband/father speech more times than I care to remember. I wasn't rejected because of my social skills, I was rejected, because I wasn't good looking enough for them. It is that simple.",./viewtopic.php?f=4&t=29852
53,Onceshy,2019-06-23 18:13:28.345063,2017-04-16 10:18:00,589014,[589009],2016-10-30 15:44:00,[],114,54,Poster," Good starting point of another discussion, it's not that simple at all! Social skills are basic tools but there is a major difference between good friends and romantic partners: Attraction. Now this is a very complicated and unpredictable social factor. There is no clear description how physical attraction works. Looks are only one component in a personality. Somehow it has a lot to do with how you behave and body language. And one must not forget it only works with a few potential partners! Every one can have more ""just"" friends relationships without a chance of ever changing into a sexual relationship. Finding a match can be very hard even for not LS's! I have read about women having more than 40 dates without finding mr. right. The best ones were very nice to talk to but not more than that, somehow a special component fails. Beside that, there are a few important hints I have read about the subject. 1: It is possible for a man or woman to act rather sexless. This has to do with self image. If one doesn't allow himself to be a sexual human being this ""message"" can be radiated on an unconcious level. Perhaps this can be seen as not having sexual polarity or sex appeal. 2: When two potential partners meet I think it is better to initiate the contact in a ""sexual"" manner right away. So instead of how you behave with friends there must be some flirting, a little mystery, making a compliment, teasing etc. 3: Although I was very late with it because of some fear, it is very common to get gradually physical with a potential partner at the right moment. This starts with being closer and subtle (non sexual) touches. Physical contact is a clear difference between friends and romantic partners. I saw a very good youtube video about the friendzone and it states that is a choice from the beginning. One puts him or herself into it because of fear and not acting the way you should to be seen as a romantic partner.",./viewtopic.php?f=4&t=29852
54,Sylva,2019-06-23 18:13:28.345123,2017-04-16 14:58:00,589015,[],2016-05-25 04:25:00,[],274,55,Poster," I only discovered this very recently but you put it in simple terms. I was never raised to be so respectful or restrained to sexual innuendo, I guess that's just what I am. I always thought being this way will make you look like a creep, and in many cases it does; but I think I wasted many potential chances by not presenting myself as flirty since the beggining. After that is really hard to make women change their perception about you.",./viewtopic.php?f=4&t=29852
55,metalized,2019-06-23 18:13:28.345184,2017-04-17 05:33:00,589048,[],2009-07-09 11:11:00,[],2012,56,Elite Contributor,"Havin the ""IT"" personality is what i lack (and many other love-shys). I am a boring conversationalist (during conversations, ""I think that word does not exist""). I am teen stuck in a mans body. I can´t handle serious conversations at all. Thats a big turn of for all women in general. Women at some point when they want to settle will seek for a man that has some intellect in him etc. I don´t have the ""IT"" when it comes to women.",./viewtopic.php?f=4&t=29852
56,Onceshy,2019-06-23 18:13:28.345230,2017-04-17 06:11:00,589049,[],2016-10-30 15:44:00,[],114,57,Poster,"I am not sure about the meaning of ""IT personality"". But the capability of keeping a conversation going at a pleasant level is important. You know it should be better, can't you work on that?",./viewtopic.php?f=4&t=29852
57,metalized,2019-06-23 18:13:28.345290,2017-04-17 06:52:00,589052,[589049],2009-07-09 11:11:00,[],2012,58,Elite Contributor," Keeping a converstation going is easy when you have alot of information and experience going for you. I am like a little kid trapped in an older body. I don´t have other topics to discuss other than sports, some music and thats about it. I suck at conversations with women. ""IT"" personality is just having real witts and being experienced and not anxious around women you like. Its the ""COOL"" (colder) factor which i dont have. Work on that? That would involve being rejected once again and its not funny when you have an 95% of rejection rate under your shoulders. Thanks four your intention though. Greets",./viewtopic.php?f=4&t=29852
58,Onceshy,2019-06-23 18:13:28.345356,2017-04-17 07:04:00,589053,[589049],2016-10-30 15:44:00,[],114,59,Poster," Okay, I understand. You automatically connect working on that with being rejected. Practicing conversation skills can be done in a normal setting, partially with men as well. In my late twenties I talked to a lot of women in bars and so but did not feel the intention of trying to score with most of them, or I felt it wasn't going to match anyway. Not all of them are big speakers themselves too. Because of technical interest, friends and school I experienced girls and women as a special species which kept them on a pedestal for a long time. Changing this view took me a long time due to lack of conversations with them. Did you miss regular female friends as well in school and or work?",./viewtopic.php?f=4&t=29852
59,Onceshy,2019-06-23 18:13:29.182992,2017-04-17 08:03:00,589055,[584884],2016-10-30 15:44:00,[],114,60,Poster," I quoted this earlier posting because of recognition. This was very true for me in my younger years. Taking only a few rejections of girls, which I truely adored, really personal lead to long time withdrawel, enhanced shyness and a bad self image as potential partner. Being more sensitive can be a good thing but one has to recover the lost faith in finding someone who will appreciate that. Trying to overcome shyness and gain self confidence is important but difficult though. As a man you certainly do not have to be cool or overdosed manly. I am in a different situation right now and see the devastating effects of the stereotype ""bad guy"" who easily scored but keeping ex wife and kids in fear. This is not the type of man to look up to.",./viewtopic.php?f=4&t=29852
60,cerebral_barrier,2019-06-23 18:13:29.183040,2017-04-17 13:20:00,589058,[],2010-04-27 07:08:00,[],2868,61,Elite Contributor,"It amazes me how many people here have started talking about our supposed bad conversation skills when the truth is that most men and women really don't have much in common to talk about.   That's not our fault, yet we get penalized for it. Essentially, what these social skills people are saying, is that we men should play make believe to trick the woman into thinking that we have some other reason to be around them besides being sexually interested in them when in reality, (whether you are aware of it or not) we really don't.  I can comfortably talk to anyone about any subject; even if I'm unfamiliar with the topic but when talking to women for social purposes (outside of a work/business setting), I consistently run into the following issues. 1) The woman can't or won't hold her end of a conversation.   These means she's either not interested or she's a bad conversation partner. 2) She only cares about her own conversation topics and never once considers talking about something we both enjoy. 3) She's never honest; instead expecting me jump through hoops and guess at her intentions.   Like I said before; today's women are entitled dishonest and psychologically lazy.   They want men to bear the risk of rejection and any subsequent pain that may cause.   They expect men to initiate a conversation and compensate for their own lack of social skills.   They expect us to only talk about things that interest them but are of no importance to us.   They expect us to correctly guess their intentions then act on them.   Yet they reserve the right to just walk away and ghost your ass for no reason. Failure or refusal to do ALL of these things results in us being labeled as social misfits.   That's bullshit.",./viewtopic.php?f=4&t=29852
61,Onceshy,2019-06-23 18:13:29.183072,2017-04-17 14:02:00,589059,[],2016-10-30 15:44:00,[],114,62,Poster,"@ cerebral_barrier: Reading your comment I do not expect any social issue on your side. I don't know I you have ever met guys to who this is applicable? I think being able to keep a conversation going is the least thing anyone should be able to manage. Furthermore, behaving very shy is seen as awkward too. I agree to a certain degree on this. But again, this doesn't apply to you. You even signalize women having bad manners in conversations. In this case these women are simply no potential partners for you. No, you should not play a trick to hide your sexual attraction. The main problem is fear or not showing this attraction.  Besides that, maybe you can look at flirting as another kind of social skill. Blaming women te be lazy and expect men to initiate the contact, bearing risk of rejection and pain I disagree. I have long been waiting for a woman te approach me this didn't happen. Being able to approach or simply have a nice conversation is a freedom that I am happy to have learnt in the end. The problem is taking a rejection personal. If it is a rejection at all because the best contacts are without any expectations.",./viewtopic.php?f=4&t=29852
62,cerebral_barrier,2019-06-23 18:13:29.183115,2017-04-17 20:25:00,589076,[589059],2010-04-27 07:08:00,[],2868,63,Elite Contributor," So what you're saying is; we should conform to these archaic traditions because and put up with this inequitable nonsense because...   ""that's just the way it goes""?   No.   I won't accept that.   Women ARE lazy at dating.   They expect men to take all the risks; both in the beginning and through marriage.    They expect us to attempt to bribe our way into their pants.  And yes; that IS what asking a woman out amounts to in the end.    Assuming we get their attention, they want us to entertain them and take all the responsibility for what comes next.  It's really a one-sided deal when you break it down and strip away all the fairytale illusions. This situation didn't pop up over night.  I remember a time when shy guys actually had a chance.   That was before apps like tinder; where everyone is reduced to a left or right swipe in a fraction of a second.   Couple this with the constant distraction of social media and you'll never get a woman's attention again. Also,  flirting is bullshit.   Common sense says; if you like the girl and she likes you, one of you asks the other out and the two of you date.   The end... But no.    We have to play all these stupid mind games.    - Don't call her too soon or she'll think you don't have any other options.   Don't want to give her the impression you have no social value.    - Just went on a date?   Better wait 2-3 days to call her afterward otherwise, you're clingy or creepy.    - She didn't answer your call?   Don't ever call her again.   MAKE her call you... otherwise you're just desperate. - Oh...   she rejects/ignores you when she really likes you?   Too bad, you should have asked her out again until she called the police.   After all, you should just know these things...",./viewtopic.php?f=4&t=29852
63,ukshygirl,2019-06-23 18:13:29.183158,2017-04-17 21:39:00,589077,[589059],2009-08-20 18:03:00,[],3424,64,Moderator Femme Fatale," Myself and many of my friends are not lazy in dating. Some of us are dating very long distance to find connection or are putting ourselves out there and equally face rejection many times over. Most women want a quality man looking for something beyond sex, though. We want those who see us, understand us or those we can feel at ease to be ourselves with. We want emotional connection as well as sexual attraction. Is this an unfair ask in itself? Clingy isn't sending a nice follow up to say you enjoyed meeting a person, even if an hour after the meet. Clingy is more sending several messages without waiting for feedback on the other person over how they felt over a date.",./viewtopic.php?f=4&t=29852
64,Onceshy,2019-06-23 18:13:29.183201,2017-04-17 21:54:00,589078,[589059],2016-10-30 15:44:00,[],114,65,Poster," I have to correct something first: I was talking about real life approaching and sometimes flirting. Getting a date through Internet is a different situation. I am afraid you are right. I read about it from other men on other forums as well that things changed in a wrong direction since dating apps showed up. But even before that I read a single coach stating that 1 reaction out of 10 attempts is a very good score but 1 out of 30 seems realistic... You claim women are lazy at Internet dating. I can only guess what went wrong and as far I am somebody to say something about it the problem is a major unbalance in women to men ratio. Basic market rules. The enormous amount of men who react/ spam or swipe almost every female right. Women can afford to be picky and demanding so they will. I don't agree with this situation because it is grim to men with sincere intentions who try to react personal on a few. Some men will struggle to get through the competition and find a female in the end. But somehow it is how nature always was like, women are the ones who choose. But using dating apps isn't required, I didn't have a chance to use them either.  Sometimes I almost think that Internet did not bring any progress at all, that men will have to return to flirting in real life again. Don't know if this is true. On the other hand: Statistics show that about half of Internet couples came out of true dating sites/ apps. The other half could be anything from wordfeud to a forum. So I hope fair chances remain without becoming some sort of beggar.",./viewtopic.php?f=4&t=29852
65,cerebral_barrier,2019-06-23 18:13:29.183230,2017-04-18 02:31:00,589085,[],2010-04-27 07:08:00,[],2868,66,Elite Contributor,You people are clueless.   I'm out of here.,./viewtopic.php?f=4&t=29852
66,metalized,2019-06-23 18:13:29.183264,2017-04-18 05:53:00,589090,[589049],2009-07-09 11:11:00,[],2012,67,Elite Contributor, All women i find in general to be superior to men and I still make that mistake with the girls i like since i put them all on the pedestal. I feel they are too good for me and the few chances i´ve had to connect with them i fucked it all up by being too shy.,./viewtopic.php?f=4&t=29852
67,metalized,2019-06-23 18:13:29.183292,2017-04-18 06:13:00,589091,[],2009-07-09 11:11:00,[],2012,68,Elite Contributor,"Also part of my social awkardness is because i was an overprotective and spoiled child. I still am in many ways. Thats a major turn off for women. They wan´t someone independant, strong, manly, with a career etc. Anyone of you find themselves in the same situation or before you became independant?",./viewtopic.php?f=4&t=29852
68,IceCat7,2019-06-23 18:13:29.183319,2017-04-18 13:50:00,589094,[589085],2014-05-06 04:03:00,[],7442,69,LS.com Legend," you have to admit he has a point though its a seller's market. Women are the gatekeepers, they hold the keys, it's only natural they act accordingly.",./viewtopic.php?f=4&t=29852
69,Onceshy,2019-06-23 18:13:29.183353,2017-04-18 15:35:00,589095,[589085],2016-10-30 15:44:00,[],114,70,Poster," Perhaps, I don't have reliable figures on the whole online dating market. But I still believe it would improve if men became more selective as well. I fully agree on the reaction of ukshygirl, she clearly descibes normal search criteria to me. Some people say Internet is only another method of finding someone. Required social skills or dating market value remain the same (except for some active flirting perhaps). Thus anyone succesful in finding a partner in real life will also be succesfull online. Personally I think meeting a potential partner in real life is in fact more ""economic"" if it happens in terms of effort and time. A lot of communication takes place in a very short time but it fails on the statistical chance of being in the right place and time.",./viewtopic.php?f=4&t=29852
70,Onceshy,2019-06-23 18:13:29.183409,2017-04-18 16:04:00,589096,"[589090, 589091]",2016-10-30 15:44:00,[],114,71,Poster," Still I must admit that it somehow feels good to see women that way and true, they are sweet and attractive. But keep it reasonable. It may sound silly but the best way of lowering this pedestal is getting into a relationship,  or have more common contact idk. metalized wrote:Also part of my social awkardness is because i was an overprotective and spoiled child. I still am in many ways. Thats a major turn off for women. They wan´t someone independant, strong, manly, with a career etc. Anyone of you find themselves in the same situation or before you became independant? True and this is confirmed by research but partial applicable to me. The protection was more like getting away with avoiding a lot of social activities such as sports or dancing. I preferred going to sort of older nerd friends with complete different interests then females, it felt safe. I became more self confident, manly and exposing my self a lot after my mid twenties with an LS friend who suffered from insecurity. Going out together taking alcohol and drugs was a complete different experience. Despite colatteral damage it really helped leaving my comfortzone.",./viewtopic.php?f=4&t=29852
71,LonelyMan,2019-06-23 18:13:29.183459,2017-04-18 21:39:00,589107,[589058],2010-08-11 17:59:00,[],3378,72,Elite Contributor," I think one of the principal reasons most people don't understand these concepts is because none of these scenarios haven't happened to them. And in my life experiences, people have a hard time relating to things they haven't personally endured. The social, popular guy who's always been good at wrapping women around his finger hasn't ever been walked out on or ghosted by a woman, or if they have, they can easily move on, which explains their popularity. Another way to look at it is that we'll always be the ones to shoulder the blame for getting ghosted -- that it's our fault that bad things happen to us. It's not that we aren't somehow partially responsible for our dating lives, but there's too much blame spent on men and not enough accountability from women. (Literally; if we're talking about ghosting, the first attempt you make to reach out to her and ask her where she went to, and you're labeled a harasser.)",./viewtopic.php?f=4&t=29852
72,metalized,2019-06-23 18:13:29.183497,2017-04-19 00:31:00,589119,[589058],2009-07-09 11:11:00,[],2012,73,Elite Contributor,   The only time i was succesfull with a girl i liked is when i was a total insensitive asshole. When i was myself? 100% rejection rate.,./viewtopic.php?f=4&t=29852
73,Catapault55,2019-06-23 18:13:29.183530,2017-04-19 20:07:00,589164,[],2015-03-27 17:59:00,[],4127,74,Women are Better than Me,"Here's what you guys need to do more often: Let yourself go crazy. Be unhinged. Be silly. Be wacky. That's why you guys are miserable and I'm not. That's the point I have been trying to make ever since I first joined this forum, but you boneheads won't listen. I guess you just like being miserable. ""Laugh and the whole world laughs with you.""  - The Joker",./viewtopic.php?f=4&t=29852
74,LonelyMan,2019-06-23 18:13:30.929066,2017-04-20 05:15:00,589179,[589164],2010-08-11 17:59:00,[],3378,75,Elite Contributor, Has it helped in your romantic pursuits?,./viewtopic.php?f=4&t=29852
75,Catapault55,2019-06-23 18:13:30.929113,2017-04-20 05:32:00,589180,[589164],2015-03-27 17:59:00,[],4127,76,Women are Better than Me, It has made me stop caring.,./viewtopic.php?f=4&t=29852
76,LonelyMan,2019-06-23 18:13:30.929156,2017-06-22 04:42:00,591092,[589164],2010-08-11 17:59:00,[],3378,77,Elite Contributor," But if you stop caring, why even bother socializing? What value do you receive from it if you don't care about the outcome?",./viewtopic.php?f=4&t=29852
77,silvereagle,2019-06-23 18:13:30.929193,2017-06-22 12:11:00,591101,[],2017-06-01 06:49:00,[],358,78,Poster,"Gilmartin touches on the fact that a lot of us were loners in school,  never popular. So social awkwardness becomes a symptom of poor self-esteem issues. It then becomes a self fulfilling prophecy as we expect the worst in any social situation, and that is exactly what happens. Girls care about how a guy is perceived by his peers, and you can't blame them. This problem is best nipped in the bud, in high school.  Of course it is only in hindsight one sees this, and then one just gets older. And increasingly desperate, awkward and even borderline crazy. By the time you are past 35 the problem of awkwardness seems minor and trivial compared to the now other severe neuroses that one has picked up over the years.",./viewtopic.php?f=4&t=29852
78,Onceshy,2019-06-23 18:13:30.929226,2017-06-22 23:06:00,591119,[591101],2016-10-30 15:44:00,[],114,79,Poster, This is a good description how the vicious circle is created. Looking back I recognize that I used drugs to ease the neurotic effects.,./viewtopic.php?f=4&t=29852
79,cerebral_barrier,2019-06-23 18:13:30.929266,2017-06-23 01:54:00,591123,[],2010-04-27 07:08:00,[],2868,80,Elite Contributor,So...   What do you call it when you naturally grow out of your social awkwardness only to find that everyone else around you is too obsessed with social media to understand social skills in the first place?,./viewtopic.php?f=4&t=29852
80,Justmegirl,2019-06-23 18:13:30.929299,2017-06-23 04:13:00,591126,[],2017-06-22 02:28:00,[],3,81,New Poster,"I've decided the exact opposite. I am female. I can sit in the same vacated chair at the same social event another woman sat in. She had relentless attention. I have none. I see men climbing over each other to strike up conversations with women in the grocery store. Not with me. It has been exhausting over the years trying to look attractive. Sometimes people just aren't beautiful. Once I came to that conclusion, I actually became happier. I don't spend money on this useless pursuit anymore. I'm financially better off. I watch insecure women make fools of themselves to keep spouses who are cheats. I never have disappointments anymore from cheaters. The drama is gone. Calmness is bliss.",./viewtopic.php?f=4&t=29852
81,LonelyMan,2019-06-23 18:13:30.929334,2017-06-23 05:39:00,591131,[591101],2010-08-11 17:59:00,[],3378,82,Elite Contributor," I've always wondered, after high school/college, the playing fields are even; loners and social people alike go out into the world and must make new social connections. So, what does the once socially popular person do that the shy loner doesn't? I have no idea how people meet each other.",./viewtopic.php?f=4&t=29852
82,LonelyMan,2019-06-23 18:13:30.929370,2017-06-23 05:42:00,591132,[591123],2010-08-11 17:59:00,[],3378,83,Elite Contributor," Enlightenment? Wisdom? Seeing people and the world for what they really are? The majority will think that their social media usage *is* being socially skilled. They generally won't ever perceive it as a crutch. (And when you point that out to one of them, prepare to get blocked from said social media page.)",./viewtopic.php?f=4&t=29852
83,AKU,2019-06-23 18:13:30.929410,2017-06-23 06:24:00,591133,[591126],2011-11-05 22:29:00,[],1844,84,Extensive Contributor, As a former clothes horse I agree it's very tiring and expensive trying to look your best and very damaging to what (in my case)  little self esteem you might have had when people don't care or even notice.,./viewtopic.php?f=4&t=29852
84,silvereagle,2019-06-23 18:13:30.929449,2017-06-23 07:56:00,591134,[591131],2017-06-01 06:49:00,[],358,85,Poster," The thing is it is when we are youngsters, that among the normals, social bonds are formed, peer networks are made, there is dating and fornicating, one gets used to girls and young women in a sexual and intimate way. In other words, one is maturing as one should. With the incel, there is this arrested development. So one does not have the esteem, the self-belief to be gregarious or forward enough with people, with women, after university or school. Whereas the normals have this confidence, faith in themselves, so they continue to meet people, meet and attract women, because it's what they are used to. It's what they expect, and so their lives conforms to such expectations. You could see it as positive self-fulfilling prophecies.  It is harder to meet people when one is no longer a youngster, even the normals tend to continue with the same friends and networks they had at university or school, if they don't leave their hometowns; but if need be, they can just turn on the charm and attract people, contrive the circumstances and situations where they meet people, meet women. Because it's what they are used to, they expect no less, and their lives conform to that accordingly. They make their own luck. If you have charisma and high self-esteem, people pick up on that, and respond accordingly. If however you are incel, your body language, your mannerisms will be all off, and people pick up on that, and so the incel continues in his isolated ways.  This is why it is so important to address these problems when very young, the older you get the harder it gets to change. Time waits for no incel.",./viewtopic.php?f=4&t=29852
85,LonelyMan,2019-06-23 18:13:30.929493,2017-06-23 15:46:00,591138,[591131],2010-08-11 17:59:00,[],3378,86,Elite Contributor," The thing I wonder, though, is where social people find these opportunities. It's not as simple as just stepping out onto the street. Where do they go and who do they come across? Is it through work? Random public encounters in line at the store? At the person sitting next to you at a restaurant? I go out to cafes and find myself out and about and don't meet a single soul. Any woman I'd want to talk to is with someone else. If I even knew where to meet people, I could at least try and talk to them, but when you don't know where to begin, you stay alone and the time passes by.",./viewtopic.php?f=4&t=29852
86,IceCat7,2019-06-23 18:13:30.929523,2017-06-23 16:41:00,591141,[591123],2014-05-06 04:03:00,[],7442,87,LS.com Legend, A cosmic joke where the punchline is you?,./viewtopic.php?f=4&t=29852
87,IceCat7,2019-06-23 18:13:30.929564,2017-06-23 16:50:00,591143,[591131],2014-05-06 04:03:00,[],7442,88,LS.com Legend," Well I would have thought many kept old high school social circles and such. People make friends through friends, it's exponential, which is why being good socially early in life is such an advantage. That said, if you DO have good social skills I don't think it's hard to make new friends in 2017 at all. Many clubs, nights and meets can be found online quickly where you can find people to talk to, who might share common interests, whether music, sports, or films or books. We're in the age of information LonelyMan - use it!",./viewtopic.php?f=4&t=29852
88,silvereagle,2019-06-23 18:13:30.929602,2017-06-24 09:58:00,591173,[],2017-06-01 06:49:00,[],358,89,Poster,"What IceCat7 says, people make friends through friends. It's exponential. Loners on the other hand don't have baseline sociable friends to start with, so there is no foundation to hook up to other people through. You cannot meet friends through friends when you are friendless or nearly so, to start with. However I don't know if it is so easy in the age of social media to just meet people at clubs or parks, what-have-you. In theory yes. But the reality is with the loner incels, we are talking broken and damaged people, who are socially awkward or a little off, at best lacking esteem and self belief.  People pick up on that vibe, and one can easily be rejected. This is not done deliberately by other people, it is something they do automatically to a man who comes off as desperate or weird or similar. This only makes things worse for the already shy or easily downhearted incel. The issue here is not other people, it is oneself.  A  confident man can find himself stranded in a foreign country where he doesn't speak the language, and he will be the center of attention, have women hovering all over him within 24 hours; a typical incel can be in a bustling  vibrant city where he attended school and university, and works there too, and he will be the one sitting in the corner by himself at any party, club or event. You have to look beyond mundane superficials here. There is stuff going on at a hidden level, there is the power of the subconscious mind, there is body language, tone of voice, facial expressions we make without being aware of it. Heck the way you walk, posture. There are subconscious self-destructive drives. Until the typical incel gets to grips with the deeper and yes scary stuff (including our damaged childhoods), he is shuffling deck chairs on the Titanic. Until you do this, it won't matter if you are the last man in your town or city, and are locked in the change room of a women's only gym filled with a hundred horny hotties who haven't fucked in a year, you will still struggle mightily hard to get laid.  Getting to grips with our damaged psyches is easier said than done. I for one haven't done it. But it is the only chance many of us incels stand at ever changing our status. This is especially the case if you are older than 35. And once you are an older incel, bar and club hookups and similar are no longer feasible.",./viewtopic.php?f=4&t=29852
89,LonelyMan,2019-06-23 18:13:32.721990,2017-06-25 00:10:00,591205,[591143],2010-08-11 17:59:00,[],3378,90,Elite Contributor," Who says I haven't? Meetups and special interest groups have been nothing but dead ends for me. And no, I'm not just the quiet wallflower who comes to the meetings and sits there saying nothing. Some of us actually do put forth effort and take away no lasting connections from it. There is something else at play.",./viewtopic.php?f=4&t=29852
90,LonelyMan,2019-06-23 18:13:32.722095,2017-06-25 00:16:00,591206,[591173],2010-08-11 17:59:00,[],3378,91,Elite Contributor," No, the confident man or woman won't become the center of any attention in a situation, not in a foreign country or on an alien planet. Even they'll get lost in the shuffle. And shy people can put forth plenty of effort and still come out with nothing. I think this is a case of stereotyping and assuming. There are plenty of good looking, functional, smart, intelligent, career oriented people on here like me who have nobody and nothing. I'm not some high school level guy who gives off weird vibes and creeps everyone out. So what would the problem be, when you go out, join clubs and groups, and try your best to socialize and end up with nobody? We're operating too much in the assumption that it's entirely our fault when it's everybody else's. They can choose to change their perspective and accept people who aren't quite as social or don't have those baseline friends. This is not high school; we're grown adults who should be past judging people on that paradigm. Perhaps it's the attitude of looking to get laid with ""horny hotties"" that keeps socially isolated men alone. For me, I look for lasting, realistic relationships.",./viewtopic.php?f=4&t=29852
91,SickSadWorld,2019-06-23 18:13:32.722122,2017-06-25 01:28:00,591213,[],2017-04-22 21:06:00,[],153,92,Poster,"The fact is we have bigger brains than the majority of the population, intellectually WE ARE ANOTHER SPECIES and inter-species breeding is arduous and difficult",./viewtopic.php?f=4&t=29852
92,silvereagle,2019-06-23 18:13:32.722155,2017-06-25 08:43:00,591225,[],2017-06-01 06:49:00,[],358,93,Poster,"LonelyMan I don't see how you interact with people, with available attractive women, so I don't know what you are doing wrong, if anything. Certainly my lack of success with girls and women has been my fault (a terrible fear of intimacy, lack of esteem, other neuroses), I am so messed up, and it is more difficult for me to change, as it is for anybody, now that I am well into middle-age. If the problem is other people, then why do other guys succeed with women? If hetero men seeking to score so eagerly with horny female hotties is the problem, why do other guys succeed in scoring with horny hotties? Every day, every hour, as I type this up. I mean in the millions in every city in the West.  The dynamics of high school don't really change that much as we get older, the games men and women play just get more sophisticated, sometimes. But they are still the same games, the same cliques. The same subconscious dynamics. The same superficiality and sham. I finished high school thirty years ago, and I tell you nobody really grows up (okay a very few). Guys want attractive mates and women want men who have high self-esteem and decent looks, whilst looks become far less important as we get older, they are still something of an issue. If you want attractive women that is, who are not gold-diggers (and don't care if you look like shit, so long as you have money). The guys who were popular with girls in high school are still popular with women, even if they are married and not cheating, women still like them is what I mean. The guys who couldn't get a date in high school, such as myself, still don't get dates. Those unpopular guys who managed to find a woman, eventually, and settled down with them, if they got divorced or broke up, they would probably be screwed (not literally!). I know a few guys like this, and let me tell you the women wear the pants, because these unpopular guys (who were unpopular as teens) are scared stiff of their wives leaving them. They often settled for the only women who would fuck them (often when they were older than 25), often unattractive females, and just held onto these women for dear life.",./viewtopic.php?f=4&t=29852
93,Fonduman,2019-06-23 18:13:32.722188,2017-06-25 14:59:00,591237,[591213],2010-11-25 19:51:00,"[('http', 'love-shy.com', '/lsbb/download/file.php?id=3435')]",13619,94,LS.com #1 Poster, Time to bow down to your whale overlords Attachment: whale-human-brain.jpg [ 28.4 KiB   Viewed 164 times ] ,./viewtopic.php?f=4&t=29852
94,SuperJeff,2019-06-23 18:13:32.722212,2017-06-27 22:19:00,591280,[],2013-11-07 22:25:00,[],2205,95,Elite Contributor,"Many Different causes for our Poor Luck with Women, Let's all Hope & Pray there is Sex in Heaven, The Christian Heaven",./viewtopic.php?f=4&t=29852
95,SuperJeff,2019-06-23 18:13:32.722236,2017-06-28 19:21:00,591292,[],2013-11-07 22:25:00,"[('https', 'www.youtube.com', '/watch?v=LBBHaPtjn6o'), ('https', 'www.youtube.com', '/watch?v=LBBHaPtjn6o')]",2205,96,Elite Contributor,"And would always take Money over Men, is that True ? Do we agree with this video, https://www.youtube.com/watch?v=LBBHaPtjn6o",./viewtopic.php?f=4&t=29852
96,ukshygirl,2019-06-23 18:13:32.722270,2017-06-28 21:25:00,591298,[591131],2009-08-20 18:03:00,[],3424,97,Moderator Femme Fatale," For me the only social outlets that have worked somewhat have been the internet or writing with penpals. Beyond that, there IS no way for me to meet people and never has been, especially beyond a friendship level. I was completely invisible in school and had no way of building real social skills. When being bullied over my lack of relationship experience, to get them off my back I once said I did have a boyfriend for a while in another school. They knew I was lying and bottom of the social pecking order. It was a no win, really in the situation.",./viewtopic.php?f=4&t=29852
97,Onceshy,2019-06-23 18:13:32.722297,2017-06-28 22:19:00,591299,[591138],2016-10-30 15:44:00,[],114,98,Poster," Extraverted social people use coïncidental situations to talk to people and it is possible to exchange an adress or number. Better is seeing the same person more often! But, this is absolutely not a common chance for getting a date of relation. I found my wife in the supermarket but telling what I did to normal people find it great but very unusual. I guess the normal ways are known here. Nowadays I know several people who succeeded with Internet. For the age group above 40 years this is a very important way of finding a partner. It's not easy but I needed Internet in my days desperately and didn't have it because it wasn't grown to that point yet.",./viewtopic.php?f=4&t=29852
98,Onceshy,2019-06-23 18:13:32.722322,2017-06-28 22:21:00,591300,[591298],2016-10-30 15:44:00,[],114,99,Poster, Exactly... The bastards! I hope they are out of your system now?,./viewtopic.php?f=4&t=29852
99,Proud Male Feminist,2019-06-23 18:13:32.722350,2017-06-30 17:31:00,591320,[],2015-03-23 21:06:00,[],265,100,Poster,"Bull fucking shit! It is the elephant in the room that NO ONE wants to acknowledge, the men because they don't want to live with a sense of doom, the women because if men realized it is all about looks and ugly men stand no chance, they would have no incentive to pamper women anymore. If you're lonely, if women never express interest in you, IT'S BECAUSE YOU HAVE AN UGLY FACE. PERIOD. Anyone who believes otherwise is living in complete denial. Even a six years-old child knows this! And yet you grown adults are too delusional to look at reality in the face?",./viewtopic.php?f=4&t=29852
100,cerebral_barrier,2019-06-23 18:13:32.722387,2017-07-01 02:11:00,591327,[],2010-04-27 07:08:00,[],2868,101,Elite Contributor,"See this guy here?   He gets it. I have become the antithesis of socially awkward.   I have no problem talking to women online or in person; provided I have a legitimate reason.   Online,  women reject/ignore me based on my looks and/or race.   In person, whenever I muster the courage needed to approach, their guard goes up since approaching women in person is a taboo in the 21st century.   ...And there's a reason for that. It's because men will NEVER be able to come up with a reason to talk to women romantically that isn't based on biology.   Men don't talk to women to be their friends.   We talk to them for a chance at fucking them.  Might be today;  Might be two weeks from now;   Might be after you put a ring on her finger but eventually, we want to fuck.   All men know this; even if only subconsciously, and you better believe that women know it as well.  And because they know it, they're always on guard whenever a man starts talking to them for any reason. So with an obviously sexually interested man on one side and a woman (who is completely aware of his agenda) on the other, it all comes down to whether or not she wants to let you fuck her.   If you don't even get a chance to show off your wealth, status, personality, etc, then you didn't pass the looks test.   That's it.  Game over.   The end. Your social awkwardness will never be an issue until after you pass the looks test.   Need proof?   Try tinder/online dating and look at how many women have the following ""must haves"" listed in their profile... - Must be ""X"" height - Must not be overweight - Must be muscular/athletic - Must be the ""right"" color - Must have tattoos - Must have all your hair - Must have perfect teeth - whatever other bullshit demand they can come up with...",./viewtopic.php?f=4&t=29852
101,The Geek,2019-06-23 18:13:32.722419,2017-07-02 14:07:00,591357,[591327],2010-09-26 21:28:00,[],755,102,Contributor, THIS. The whole story of INCEL  is about GOOD-LOOKING women having NO MOTIVATION whatsoever to copulate with UGLY or SEMIUGLY guys. There is no way to come around this (no pun intended).,./viewtopic.php?f=4&t=29852
102,LonelyMan,2019-06-23 18:13:32.722460,2017-07-02 19:44:00,591364,[],2010-08-11 17:59:00,[],3378,103,Elite Contributor," Apart from the tattoos, I fit all those criteria, but I still don't get interest from women (at least not from first physical impression). I think I come across too gentle, not cheeky or wry enough. Even one's smile can put forth too much honesty and integrity that puts women off.",./viewtopic.php?f=4&t=29852
103,cerebral_barrier,2019-06-23 18:13:32.722496,2017-07-03 02:10:00,591365,[],2010-04-27 07:08:00,[],2868,104,Elite Contributor," That means you probably passed the looks test but got nailed by their other unrealistic standards.   You know; the ones for everything else.   - not assertive enough/too pushy - not funny enough/too funny to take seriously - not generous enough/obviously trying to buy their love - not flirty enough/Eww! He flirted with me!  What a creep! - didn't like what you were wearing, what car you drove, etc. - whatever other bullshit excuse they can come up with...",./viewtopic.php?f=4&t=29852
104,LonelyMan,2019-06-23 18:13:34.427994,2017-07-04 04:18:00,591391,[591365],2010-08-11 17:59:00,[],3378,105,Elite Contributor," You hit the nail of those standards right on the head, especially the first four with the huge, wide extremes. Where exactly is the midpoint we're expected to reach, that perfect balance? It's ridiculous. Meanwhile, other guys just need to show up and hardly open their mouths, and they find success with women wherever they go, with whomever they meet. It's like some cruel joke is being played on us.",./viewtopic.php?f=4&t=29852
105,incel200,2019-06-23 18:13:34.428046,2017-07-04 23:26:00,591443,[591365],2011-10-30 23:38:00,[],1179,106,Super Contributor," Those guys are good looking, I really don't get the desperate attempt to deny how important looks are. We live in a shallow society and in my experience women are far more shallow than men. Most guys would be perfectly OK with miss average or even miss below average. Even unattractive fat verging on obese women think they deserve Henry fucking Carvill. At a work do they were lamenting that the only vaguely fuckable guys were leaving. One of these guys had a build you could only achieve with steroids and the other looked like the lead from a CW show. Every other guy at our work was too unattractive to consider. Most of the women saying this weren't lookers themselves. One was so overweight she was slowly turning into a human space hopper. Her neck and arms were disappearing into the fat blob of her body. Yet she still expected 6 foot plus with muscles and a tiny body fat percentage.",./viewtopic.php?f=4&t=29852
106,IceCat7,2019-06-23 18:13:34.428087,2017-07-05 00:39:00,591450,[591365],2014-05-06 04:03:00,[],7442,107,LS.com Legend, The person you replied to says he already passed the looks test to the lady. Helps if you read the thread before replying.,./viewtopic.php?f=4&t=29852
107,SuperJeff,2019-06-23 18:13:34.428121,2017-08-26 21:25:00,593032,[],2013-11-07 22:25:00,[],2205,108,Elite Contributor,"It is about looks, being socially awkward,  some of us are obese, or cursed with rotten luck, but what do we think, one of my friends said to get a new girlfriend I need to go out more, Socialize and Meet People with Common Interests and get a polite conversation going with women, maybe exchange phone numbers & E-mails, etc, what do we think ?",./viewtopic.php?f=4&t=29852
108,incel200,2019-06-23 18:13:34.428156,2017-08-28 00:15:00,593055,[593032],2011-10-30 23:38:00,[],1179,109,Super Contributor," I think that I have tried that a thousands and it hasn't worked. That I have had what I thought were close female friends and potential girlfriends, only to get nowhere. The same girls fall for a guy they have barely spoken to, who happens to be good looking. You want to pretend looks don't matter, but I consider that a joke. The OP may have passed the looks test, but good looking guys pass that test everyday. They get a thousand and one chances to fuck up. An ugly incel might get one chance a year, one a decade or one a lifetime.",./viewtopic.php?f=4&t=29852
109,Fairly shy,2019-06-23 18:13:34.428191,2017-08-29 18:23:00,593083,[593032],2009-08-09 17:37:00,[],1407,110,Super Contributor," I think advice from a friend is always worth listening to - particularly if they have seen how things go wrong for you. I know it is awkward, but it might help to talk your problems over a lot with him (I assume he is a man). If you discuss it all enough he may begin to realise that getting any sort of conversation going that is damn near impossible - by the time you are swapping telephone numbers the problem is almost behind you! A (non-LS) friend who really understands the jam you are in, might be able to set you up with a date. Have you ever looked at the lonely hearts column in the local paper? They still seem to exist, and you might find someone that way. FS",./viewtopic.php?f=4&t=29852
110,obiwan,2019-06-23 18:13:34.428227,2017-09-06 01:29:00,593323,[],2009-12-09 22:24:00,[],1861,111,Extensive Contributor,"I think it's a combination of your looks, social awkwardness and life circumstances. But what I can tell you for a fact is if you aren't even getting to first base, and using dating websites is a good indicator, then your looks are a problem. If you can get to first base and women are actually talking to you and noticing you then you can blame it on social awkwardness and life circumstances, etc. But if you aren't even getting an audition you can safely conclude women are determining you to be ugly in their eyes. Other factors can include how you will get women interested in getting to know you then they suddenly lose interest. This is because there's too many men out there. Too many men living TFL in the same boat as you.  That's my 0.02.",./viewtopic.php?f=4&t=29852
111,socialButterfly,2019-06-23 18:13:34.428260,2017-09-06 08:37:00,593327,[],2017-08-26 00:41:00,[],24,112,New Poster,"Changing yourself is so so difficult. Even if you want to change. Even if you're really motivated to change. It usually doesn't result in real, long-term change. We tend to go back to old, bad habits when we burn out or just had enough. I've learned this the hard way.  But I've also changed myself. I actually changed after a certain event - five years ago - what I consider the worst time of my life. Sometimes it takes something like that to get you to change. I also took a chance and did something I never thought I would have the courage to do and it took me places I could have never imagined before. I changed a lot from that too but it was as a result of my own actions. So sometimes - I feel like when there's something - something you know could potentially change you - you've got to just do it. Even if you crash and burn - like worst case scenario - you've just got to believe that the experience will change you for the better, not worse. You'll have more experience, you'll be wiser, you'll have better judgement, you'll do better next time. So sometimes, when I take that perspective - I feel like I'm even glad that worst period of my life happened - hell I might be in an even worse place now if it didn't happen. I learned so much and grew so much from it. If I had remained ignorant - I might have remained on a really bad path for me.",./viewtopic.php?f=4&t=29852
112,IceCat7,2019-06-23 18:13:34.428290,2017-09-06 14:32:00,593332,[],2014-05-06 04:03:00,[],7442,113,LS.com Legend,"5 years ago? So you were about 20, alot of ppl make big changes around this age",./viewtopic.php?f=4&t=29852
113,AKU,2019-06-23 18:13:34.428325,2017-09-07 13:21:00,593337,[],2011-11-05 22:29:00,"[('https', 'i.pinimg.com', '/564x/0a/6e/4c/0a6e4cb64b090e54f882c21e43c7066f.jpg')]",1844,114,Extensive Contributor,"I know I don't get approached because of my RBF, so in my case it's about my looks ",./viewtopic.php?f=4&t=29852
114,letmethink,2019-06-23 18:13:34.428357,2017-09-07 21:36:00,593344,[593337],2011-12-02 01:27:00,[],3932,115,Elite Contributor," RBF isn't a matter of looks, its a behavioral trait.  RBF is something people have when they are generally mildly annoyed or uncomfortable in public. Its not some innate physical trait the internet would have you believe.",./viewtopic.php?f=4&t=29852
115,AKU,2019-06-23 18:13:34.428395,2017-09-07 23:01:00,593346,[593337],2011-11-05 22:29:00,[],1844,116,Extensive Contributor," Sorry but with me it IS a physical characteristic, several members of my family have it also, I used to be terrified of one of my uncles when I was little because he looked like he wanted to kill you but he was the most gentle and funniest man I ever knew.  Eh believe what you want, I know what I see in the mirror.",./viewtopic.php?f=4&t=29852
116,cerebral_barrier,2019-06-23 18:13:34.428433,2017-09-07 23:37:00,593347,[593337],2010-04-27 07:08:00,[],2868,117,Elite Contributor," AKU is right.   It's called ""resting"" bitch face for a reason.   You aren't exerting energy on any of your facial muscles to smile or frown so that's what your face looks like naturally.    I too have a degree of RBF.   It has no reflection on my mood and since I'm usually indifferent about most things, I'm not very expressive so it's hard to judge my mood until I speak.  In the past, people often have mistaken me for annoyed or angry, so after a while, I learned to use that to my advantage to ward off or intimidate people who I find irritating or might want to start trouble with me.  Since I'm a minority, living in the US, this works surprisingly well.   In contrast, once I begin to speak, the social atmosphere around me changes.   it's like people give off a vibe that says ""Oh thank God!   He's actually safe!""    It would be nice if it landed me a quality date once in a while.",./viewtopic.php?f=4&t=29852
117,letmethink,2019-06-23 18:13:34.428476,2017-09-08 04:51:00,593355,[593337],2011-12-02 01:27:00,"[('http', 'www.cnn.com', '/videos/entertainment/2016/02/03/resting-bitch-face-software-celebrity-analysis-kristen-stewart-orig.cnn'), ('http', 'www.cnn.com', '/videos/entertainment')]",3932,118,Elite Contributor," No RBF is just pop culture BS. A real test of whether RBF is real or not is when you are alone at home, in a relaxed environment and someone see's your natural facial expression state. I ve known people who claim to have RBF but when I sneak up on them at their home they don't have it, they only have it in public because they are mildly uncomfortable. Here this clip even says that people with RBF have an underlying degree of contempt for the public in their mind, when they have the expression. http://www.cnn.com/videos/entertainment ... t-orig.cnn",./viewtopic.php?f=4&t=29852
118,Sylva,2019-06-23 18:13:34.428520,2017-09-08 19:41:00,593369,[],2016-05-25 04:25:00,[],274,119,Poster,Bad looks can make you socially awkward.,./viewtopic.php?f=4&t=29852
119,cyberbob,2019-06-23 18:13:35.265988,2017-09-22 21:58:00,593661,[589085],2017-09-21 12:20:00,[],4,120,New Poster," You talk about having good social skills, but from everything I've read from you it's clear that you have an extremely self-pitying personality. Social skills aren't just about not getting nervous around people or being super shy. If you go on these same misogynistic tirades in real life that you do on here, then I have some news for you, you have absolutely shit social skills. You said earlier that you're a nice guy but you're clearly arrogant and have the same ""the world is against me"" attitude as creepers like Elliot Rodger.",./viewtopic.php?f=4&t=29852
120,IceCat7,2019-06-23 18:13:35.266029,2017-09-22 23:30:00,593665,[],2014-05-06 04:03:00,[],7442,121,LS.com Legend,^ strong first post,./viewtopic.php?f=4&t=29852
121,Fairly shy,2019-06-23 18:13:35.266068,2017-09-23 10:30:00,593671,"[593661, 589085]",2009-08-09 17:37:00,[],1407,122,Super Contributor," I agree, and unfortunately, your observation applies to many men here. The problem is, that as men discuss their problems mainly in terms of shortcomings of women, they reinforce a totally incorrect set of ideas in their head. I have read accounts from a number of men on this forum of encounters with women were probably progressing in a favourable way, but were then spoiled by a burst of temper against a woman that was poised to become their first girlfriend! I think some women can manage a guy who is shy - particularly if they are shy themselves, but they can't manage someone who is also creepy (i.e. doesn't stay in character - e.g. acts shy and then suddenly asks for sex on the first date) and/or angry - they just give up and go elsewhere. If men here would train themselves to be a bit more empathic towards women - particularly the less obviously attractive ones - they might make a whole lot of progress. FS",./viewtopic.php?f=4&t=29852
122,SuperJeff,2019-06-23 18:13:35.266096,2017-09-23 20:52:00,593676,[],2013-11-07 22:25:00,[],2205,123,Elite Contributor,"As a Christian, when I ultimately pass away, in Heaven I don't want to be Ugly or Socially Awkward, I want to be Normal,  I mean I'm OK looking in this life , but the damn OCD I have makes life difficult for me at times",./viewtopic.php?f=4&t=29852
123,cerebral_barrier,2019-06-23 18:13:35.266131,2017-09-24 00:24:00,593681,"[593661, 589085]",2010-04-27 07:08:00,[],2868,124,Elite Contributor, So you can read but you can't comprehend; knowing nothing and assuming whatever is convenient for the time being.   How typical for the modern generation.    Tell me newcomer; what exactly do you think you know about me?   Go ahead and spew some pretentious nonsense so I can proceed to dismantle your fairy ass. I'm waiting.,./viewtopic.php?f=4&t=29852
124,cyberbob,2019-06-23 18:13:35.266163,2017-09-24 02:59:00,593686,"[593661, 589085]",2017-09-21 12:20:00,[],4,125,New Poster," LMAO at you calling me pretentious. Projecting much? All I know is what I've read from you in this thread. It's the same old toxic, whiny bullshit that comes out of every stereotypical incel's mouth. You can dismantle what I say, I really don't care. I just pity you",./viewtopic.php?f=4&t=29852
125,cyberbob,2019-06-23 18:13:35.266191,2017-09-24 03:02:00,593687,[593676],2017-09-21 12:20:00,[],4,126,New Poster, Have you considered going to see a psychiatrist and/or therapist? OCD is treatable.,./viewtopic.php?f=4&t=29852
126,cerebral_barrier,2019-06-23 18:13:35.266232,2017-09-24 06:17:00,593690,"[593661, 589085]",2010-04-27 07:08:00,[],2868,127,Elite Contributor," Yeah...  You're clueless alright.     In only two posts you've managed to demonstrate that you have nothing to back up what you say; but rather just another shitty attitude from another online wannabe know it all.    Unlike you, I don't waste time speaking from feelings or opinions.  Come back when you want to discuss proven facts, personal observations or experience. ...or you can continue to use buzzwords like ""misogynist"" and ""toxic"" like an SJW snowflake, and bury your own argument.     Either way, you're more than welcome to make a fool of yourself for the forum's amusement.",./viewtopic.php?f=4&t=29852
127,LonelyMan,2019-06-23 18:13:35.266270,2017-09-24 06:32:00,593691,"[593661, 589085]",2010-08-11 17:59:00,[],3378,128,Elite Contributor," In my observations and my own personal behavior, we don't go around in public on misogynistic or woman-hating tirades. Most of us on this forum go out into the world, put on our best faces, put our best foot forward, and do the best we can to integrate, fit in, and be accepted for who we are ... sometimes in spite of who we are. It's on here, under the (relative) anonymity and security of the forum, that we can open up and speak freely about how we feel.  The irony is that despite our lack of social or dating success, many of us here have better social skills than the posters who march in and proclaim we have no social skills. The Elliot Rodger comparisons are as tired and stale as the ones for Ted Bundy or (insert serial killer name here). Stop comparing us to those guys and maybe we wont have such a huge chip on our shoulders.  Who gave anyone the right to lecture us? Give us some clarity, understanding and insight into the problem of chronic, forced isolation and datelessness, and maybe we'll start to enact change in our lives. The tough love act rarely works.",./viewtopic.php?f=4&t=29852
128,Fairly shy,2019-06-23 18:13:35.266307,2017-09-24 11:43:00,593697,[],2009-08-09 17:37:00,[],1407,129,Super Contributor," If you see someone picking up regular injuries because of the way they behave, you try to change what they do. I certainly had the problem of ""chronic, forced isolation and datelessness"" but I escaped. It is the people who experienced LS but escaped who potentially have a useful message for LS men here. Practically no one goes on to commit mass murder because they are LS (thank goodness) but the misogyny soaks into the way you view the problem of getting a girl. It is present, for example, in the discussions about rating girls.  You may see these as amusing, but in reality that attitude is part of what keeps people stuck in the LS hell. FS",./viewtopic.php?f=4&t=29852
129,IceCat7,2019-06-23 18:13:35.266334,2017-09-24 13:08:00,593699,[],2014-05-06 04:03:00,[],7442,130,LS.com Legend,"To the newbie Cyberbob - alot of bark, not enough bite",./viewtopic.php?f=4&t=29852
130,LonelyMan,2019-06-23 18:13:35.266373,2017-09-24 14:37:00,593700,[],2010-08-11 17:59:00,[],3378,131,Elite Contributor," I've always found the rating system ridiculous. You'll never see or hear me calling someone a '4' or a '10.' I'm aware that people are people, not objects or things to be critiqued. But that still doesn't help escape the loneliness. How did you do it?",./viewtopic.php?f=4&t=29852
131,cerebral_barrier,2019-06-23 18:13:35.266416,2017-09-24 14:59:00,593701,"[593700, 593697]",2010-04-27 07:08:00,[],2868,132,Elite Contributor," It's simple actually.   He's from a former generation that was not as greatly impacted by technology and social media as we are.   With the advent of online dating, there are endless opportunities for women while men become ""a dime a dozen"".   I find a lot of older men try to give advice because they sincerely do care.   Unfortunately, while it may have worked when they were our age,  their advice is usually 20 years (at minimum) out of date for millennials and Gen-Xers.    Ask any older man who's suddenly found himself back on the dating market after a divorce, how to meet women in the 21st century.   Shy or not, you'll likely get a very different answer from what we're seeing here. Fairly shy wrote:If you see someone picking up regular injuries because of the way they behave, you try to change what they do. I certainly had the problem of ""chronic, forced isolation and datelessness"" but I escaped. It is the people who experienced LS but escaped who potentially have a useful message for LS men here. Practically no one goes on to commit mass murder because they are LS (thank goodness) but the misogyny soaks into the way you view the problem of getting a girl. It is present, for example, in the discussions about rating girls.  You may see these as amusing, but in reality that attitude is part of what keeps people stuck in the LS hell. FS Just an FYI; You quoted both members wrong in your last post. While I agree that 'forced isolation"" and datelessness can be the result of one's personality, it is not by any means, limited to those kinds of people.    As we've established, you're from an older generation.  As such, while you've long since gotten out of your shy/dateless rut, you aren't going to be able to fully relate to the younger love-shys and incels here.  Yes; the basis of your struggle was the same as ours but the obstacles our generation faces are very different from the ones you had to deal with when you were our age.    The only way you'll be able to fully understand what's happening in the here and now is to go chasing after 20-30-something year old women or 40-50 year old women who stlil think they're in their 20s-30s.  If you can still pull these kinds of women in today's society, more power to you but the rest of us Gen-X/Gen-Y crowd are stuck competing with a much larger group of people than ever before, due modern electronics and social media.   Sometimes, we even have to compete with the electronics themselves; as was the case in my last relationship. With regard to ""misogyny""; Do not mistake recognizing negatively impacting behaviors that are frequently displayed by women for actual hatred of women.   There is a difference, despite what hot-headed SJWs may want you to believe.",./viewtopic.php?f=4&t=29852
132,Sylva,2019-06-23 18:13:35.266449,2017-09-24 15:26:00,593703,[],2016-05-25 04:25:00,[],274,133,Poster," Yeah, this. Today it looks like any criticism of women, no matter how small, is misogyny. About the rating, humans like to categorize, that's how our brain works. I always thought of the rating system as a purely looks-based tool. Is not to be taken too seriously since is kinda subjective. It doesn't take into account other variables and no one follows it like a bible. I'm sure women rate men too, maybe not so organized but it's obvious they also have a hierarchy of looks for men. Besides, I've noticed that is never women on the extremes that complain about the ratings. Extremely unattractive women can't really escape their low rating and extremely attractive women really don't care because rating or not they have a lot of demand. It's always between 4 and 7 where these complaints come from, probably because they want to be perceived as higher.",./viewtopic.php?f=4&t=29852
133,Onceshy,2019-06-23 18:13:35.266481,2017-09-24 15:52:00,593704,[],2016-10-30 15:44:00,[],114,134,Poster,"True that the dating scene changed heavily under social media and dating sites like Tinder. I am from another generation as well but very active at non specific LS forums for younger people. After several years of joining and posting I can conclude that Internet is a contributing possibility of finding a partner which I lacked big time! From official stats it can be seen that my generation and even older aquire half of the rationships through the Internet. Simply beacuse there is a very small pool of available singles and social mobility slows down with age. Although it may look like younger people get relationships by Internet the serious sources are still the old ones like school, friends, going out/ recreation and work. These common places to find a partner are only slightly influenced by things like WhatApp to keep in touch. Psychological issues didn't change over the years at all. Shyness/ social anxiety, autism, attachment disorders, nerdyness, bullying. Although bullying is changed a lot by the use of social media they are all still present.",./viewtopic.php?f=4&t=29852
134,Mr C.,2019-06-23 18:13:36.255275,2017-09-24 18:42:00,593706,[593691],2008-01-29 06:42:00,[],7120,135,Site Admin," I don't think one can make this statement without objective data. You aren't watching every poster here in real life social interactions, you don't know what they are like. It's true that everybody puts on their best face in public but I have serious doubts that one can harbor some of the cynical and misogynistic views seen on this site and not have it effect their interactions with women at some point. Maybe not on the first, second or even 10th date, but if you try to have anything beyond a superficial relationship than it will become a problem. Cyberbob might not be an elegant wordsmith and maybe he's just here to troll and condemn rather than discuss but I don't think his criticism is off at all.",./viewtopic.php?f=4&t=29852
135,Sylva,2019-06-23 18:13:36.255341,2017-09-24 18:54:00,593707,[],2016-05-25 04:25:00,[],274,136,Poster,"First, you have to demonstrate they are misogynistic.",./viewtopic.php?f=4&t=29852
136,cyberbob,2019-06-23 18:13:36.255396,2017-09-24 21:33:00,593719,[593706],2017-09-21 12:20:00,[],4,137,New Poster," I'm not trolling. And you're right, the attitude you have towards people influences the way you act all the time. If you're only pretending to respect women then it will show in your actions eventually. Like they say, you can fool some of the people some of the time but you can't fool all of the people all of the time And calling misogyny a buzzword and dismissing someone as an SJW is just further proof of having poor social skills. For the record I'm not an SJW. You won't see me marching in women's rallies, ranting about the patriarchy, etc. But misogyny does exist and it can be more subtle than someone who hits women or doesn't want them to vote, etc. If you rant on a regular basis about how the dating game is skewed in favor of women and how it's unfair and there are so many double standards then chances are that you possess at least a hint of misogyny. The truth is that, yes, things can be unfair for men. But women face their own unique challenges when it comes to dating. As an example, I saw someone casually dismiss the idea of dating single mothers. I've never dated a single mother so I don't know if it's harder than dating a single girl, but to just dismiss an entire group of women on that criterion is silly. Not all single moms want you to take care of their kid or expect you to fill a father role. I was raised by a single mom and she never went out looking for a guy to take care of her. And if you are a self-admittedly ugly guy or a guy who for whatever reason is absolutely unsuccessful at dating then it seems kind of silly to write of a whole group of women. Bluntly speaking, beggars shouldn't be so picky.  And that's just one example. Maybe the word misogyny is too strong. If y'all would like I could say that what some of you lack is empathy. If you're going into a date with the mindset that you will probably fail because the odds are stacked against you and the woman across from you will judge you unfairly then it is going to negatively influence how you act whether you realize it or not And I should clarify that the things I'm saying don't apply to all people in this forum or all incels in general. But enough of them that I thought it worth saying",./viewtopic.php?f=4&t=29852
137,cerebral_barrier,2019-06-23 18:13:36.255461,2017-09-24 22:55:00,593720,[593719],2010-04-27 07:08:00,[],2868,138,Elite Contributor," Trolling or not, if you disagree with something I said, quote me and we'll debate.   Don't hide it in your response to another forum member.   That just weakens your argument further. Regarding respect;  You don't get respect until you earn it.  If someone exhibits character traits that are worth respecting, more than likely, you will have little choice but to truly respect them; even if you don't want to admit it.   The question is; what makes a person worthy of any respect beyond simple common courtesy?  You don't know each other so it's not reasonable to assume that either of you 'deserve' the other's respect. Regarding buzzwords and SJWs as proof of social skills;  This is another asinine statement, as you have no way of knowing how good anyone's social skills really are.   The funny thing is that you ramble on about misogyny like it's some important key to to winning your argument when clearly don't even understand what it means.   It's bad enough to not know the basis behind someone else's point of view but you don't even understand the basis behind yours. Regarding single mothers; It's interesting that you call men ""silly"" for choosing to avoid complications you have yet to experience.   Go date or marry a single mother then get back to us and while you're at it, google the term ""equitable paternity"" for a special surprise. Regarding misogyny vs lack of empathy; In the current legal and sociopolitical climate, men are well within their rights (and common sense) to assess ALL women with a firm cost benefit analysis.   This is what intelligent people do to avoid going broke and ending up in jail.   Maybe you have nothing to lose from going in blind but that doesn't mean we need to risk our livelihood by following your fool-hardy fairy tale methods.    Regarding ""who this applies to""; You're not in any position to make that assessment.   You know nothing about the members here and you write that you have not experienced some of the things we have already experienced and made up our minds on.  Your blind assumptions make you look arrogant and uninformed and your words suggest that are either willfully ignorant of the obstacles love-shys/incels (and virtually all men) face as well as the substantial advantages that women have in today's society.   Maybe it's even a bit of both.",./viewtopic.php?f=4&t=29852
138,LonelyMan,2019-06-23 18:13:36.255503,2017-09-25 14:33:00,593727,[593707],2010-08-11 17:59:00,[],3378,139,Elite Contributor," And also define what it truly means, too. I'm angry at the constant patterns of irresponsibility and immaturity in women I meet, and bitter over how poorly I've been treated by them over the years. but by no means do I hate them. We're allowed to be angry or dissatisfied in what we see or because of what we've experienced. I'm in my 40s now, and I'm no more a misogynist than women in my age group I see who are supreme misandrists and hate on men all day.",./viewtopic.php?f=4&t=29852
139,Onceshy,2019-06-23 18:13:37.098906,2017-09-27 20:03:00,593775,[],2016-10-30 15:44:00,[],114,140,Poster," How many dates did you pay, or had to pay for? Does the professor mean that you focus on the cost instead of an evening out (which obviously costs money). I hope you find other more creative ways to get into contact with women who are not looking for men throwing money around to buy them expensive dates.",./viewtopic.php?f=4&t=29852
140,cerebral_barrier,2019-06-23 18:13:37.098960,2017-09-27 21:52:00,593779,[],2010-04-27 07:08:00,[],2868,141,Elite Contributor," In the U.S.   Child support liability is strictly enforced.  There is no way to avoid it.   ""Equitable paternity"" is where a man must pay child support for children that aren't his.   This can be ordered by the courts just for dating a single mother. Regarding trouble with those kids;  Everything is fine.  My ex's nephews were running around nude and jumped on me while I was sleeping on her couch.   With all men (supposedly) being potential rapists/child molesters, I wasn't having any of that nonsense, so I left.   Ironically, my ex and her sister were clueless about why I left.   I don't think they would have made a big deal out of that incident but I chose to do the smart, responsible thing by removing ANY possibility of it being misinterpreted for something perverse. Regarding cost/benefit and my disdain for modern dating;  It's not the dates that I resent.   It's the fact that dating is essentially a business transaction where you almost never get what you pay for...    If I knew for a fact, that every time I met a woman who openly said she thought I was good looking and seemed to enjoy talking with me on the phone, that I would actually get to progress toward a relationship, I'd have no problem with spending money on dates.   Unfortunately, that is almost never the case.   The way it really works is;  I meet someone, we (supposedly) like each other, we go on a date, then she disappears and stops returning my calls...   If I'm ""lucky"" she'll text me out of nowhere; tell me ""I've been thinking about you"", then attempt to start this ridiculous game all over again.   When this happens too many times, you will eventually begin to see women as having too high a cost for too low (or no) benefit.   In the U.S., unless you are very good looking, coffee dates tend to lead women to think you are cheap.  Most American women expect you to pay for their attention.  Unfortunately, they don't want to offer anything in return.   They especially don't want to give us what we all invariably ""pay"" for in the first place.   I got tired of wasting time and money so I eventually adopted the  attitude of; ""What's in it for me?"" As generous as your intentions may be, sometimes, the best advice is unfortunately only applicable to certain times and places.   As an American male in the year 2017, my time and place sucks but for what it's worth, I'm sincerely glad that you broke out of your rut.   P.S.   Your English is fine.   You write far better than the average American.    ",./viewtopic.php?f=4&t=29852
141,Onceshy,2019-06-23 18:13:37.099002,2017-09-29 14:50:00,593813,[],2016-10-30 15:44:00,[],114,142,Poster," I checked the difference between the US and the Dutch laws about Equitable paternity. The situation here is quite clear; You only will be held responsible financially from the moment you marry a women with kids of her ex, or become registrated partner. I am surprised how strange it has become in the US. I would rather expect this in a socialistic country like Sweden. It will have the big negative side effect of men thinking 10 times before the get involved with a single mother. Is it like this in all US states then? Okay, I assume all dates were simply no match. That can happen and will happen with most singles but I hope people have the guts to simply say it wasn't a match instead of leaving it without any response. Because the dating process involves a lot of dates it would be normal to share the costs in case of this outcome. It is not fair to let men always pay for the meal. If I would be in a woman's shoes I would feel unpleasant to be paid for. But I see this is way too idealistic and won't ever happen over there. I know advice hardly will do a lot, all people are in different situations and have different challenges. I also haven't got a clue whether I would succeed another time if I would become single again. Thanks for saying my English writing is okay!",./viewtopic.php?f=4&t=29852
142,LonelyMan,2019-06-23 18:13:37.099038,2017-09-29 14:57:00,593814,[593775],2010-08-11 17:59:00,[],3378,143,Elite Contributor," I lost count of the amount, but it was a combination of one-on-one outings, plus paying my own way through a meetup group where I met her. It was mostly women, and I always got treated like one of the girls as the meetups were always at expensive restaurants and brunches, never anywhere affordable. The first complaint about cost and they malign me with accusations about trying to buy into their favor. (Translated: You're just supposed to keep paying, and we don't care where you get the money from.) Quote:I hope you find other more creative ways to get into contact with women who are not looking for men throwing money around to buy them expensive dates. Me too. Online dating and Meetup.com are too contrived. You're meeting literal strangers and trying to force a connection with them. It's rarely worked for me, but I have few to no other outlets to meet people.",./viewtopic.php?f=4&t=29852
143,Onceshy,2019-06-23 18:13:37.099075,2017-09-29 18:54:00,593818,"[593775, 593775]",2016-10-30 15:44:00,[],114,144,Poster," Someone gave the advice to choose other meetups than social activities like these, for instance walking. I can understand that talking about costs is a fun killer but it has to be in balance. I still really don't get it; When you meet someone in a bar it is normal to buy eachother drinks or not? True. It is an unusual way and it doesn't suit all people. Most prefer to meet people casual without ""forced"" looking for a connection. I don't know whether I learned this in my years going out and approaching but I met my GF ""forced"" as well.",./viewtopic.php?f=4&t=29852
144,LonelyMan,2019-06-23 18:13:37.099109,2017-09-29 23:38:00,593822,"[593818, 593818]",2010-08-11 17:59:00,[],3378,145,Elite Contributor," I've heard the same as well. Picking a shared activity you can both participate in is one way to discover common interests. Attending social meetup groups with a bunch of other flaky, flighty women is like online dating with all the aggravation times 100. Onceshy wrote:True. It is an unusual way and it doesn't suit all people. Most prefer to meet people casual without ""forced"" looking for a connection. I don't know whether I learned this in my years going out and approaching but I met my GF ""forced"" as well. I've known plenty of people who met their future partners and spouses online, despite whatever forced connection it tends to foster. I'm not saying it can't happen, but for me, it's always been a matter of making a concerted effort to like someone -- a literal stranger -- before I even get to know anything about her.  It should really happen the other way around first. Familiarity should breed liking; liking (albeit forced) shouldn't breed familiarity.",./viewtopic.php?f=4&t=29852
145,Fairly shy,2019-06-23 18:13:37.099139,2017-09-30 09:09:00,593829,[],2009-08-09 17:37:00,[],1407,146,Super Contributor,"The problem is that there are hurdles whatever way you try to meet a girl. Meeting a girl online (or equivalent) at least means when you do meet, you know she is actually looking for a relationship! I found that really helpful.  If you can afford it, I think it is best to keep a trickle of dates going by going with online dates. They really help you to learn to relax a bit (i.e. not tense up as much) with a woman.  The problem with meeting women on an activity, is that: 1)        You can't just join and start asking girls out - you have to get to know them, and that can make it more difficult. It is also hard to know how long to wait, and being LS makes you wait and wait. 2)        Most of the women you feel like inviting out will already have partners. 3)        A lot of people here are most interested in things that don't attract a lot of girls! Maybe learn something like horse riding or ice skating (somewhat girly activities), and then add that to your profile. That might give you a girl with a shared interest AND a desire for a relationship. Honestly, don't give up on online dates - they work, but not quickly. I honestly think that without them (or their pre-internet equivalent) I'd be here like Alone99, only about 13 years older than he is! FS",./viewtopic.php?f=4&t=29852
146,LonelyMan,2019-06-23 18:13:37.099172,2017-09-30 15:19:00,593834,[593829],2010-08-11 17:59:00,[],3378,147,Elite Contributor," If I met women through shared activities, I think I'd have a better chance with them than the meetups that are socially driven. When all you do is go to expensive brunches, restaurants and wine bars, and you're the only male there at a table of females, you get treated like one of the girls. I got singled out, teased and even mocked. And these were by no means attractive women. With a shared interest, I'd have a bit more to go on. The thing with learning a feminine type of activity is that's where being shy is the worst. I don't do salsa dancing and I've never taken a cooking class. The activities I have tried just attract the tough chicks who might as well be men.",./viewtopic.php?f=4&t=29852
147,Sylva,2019-06-23 18:13:37.099206,2017-09-30 18:39:00,593836,[],2016-05-25 04:25:00,[],274,148,Poster,"The thing about meetups is that is not used to hookup by normal people, so you won't see young single people on activities that can sound interesting. Book clubs, game clubs, or some sports activity, you can only find people who just want to do these things. Sure, they also want to meet new friends, but any girl knows she won't find a guy who is attractive to her on a place for indoor hobbies. Even worst, I saw myself going to clubs with people two times my age and they still have more things to do to assist all the time. For them is just a side activity to not get bored after retiring. These people already have their lives fully lived, most had grandchildren already. A controlled environment is not the real way to make strong connections, people know each other through life and luck has a lot to do. I have to go for scraps to find some sort of social club in this dull city and it's still a dead end because my demography is busy knowing and dating each other like normal people.",./viewtopic.php?f=4&t=29852
148,LonelyMan,2019-06-23 18:13:37.099243,2017-09-30 20:51:00,593837,[593836],2010-08-11 17:59:00,[],3378,149,Elite Contributor," This. Scraps would be an understatement. It's ridiculous when you're in your 20s through your 40s and the only people you meet through meetup groups are already older who you have nothing in common with. And the age appropriate people have already coupled up or have social circles and won't even give you the time of day no matter how hard you may try.  Most groups I see are:  1. either more similar shy losers getting together; 2. Mostly men vying for the few token women -- women who usually never come to future meetups; 3. Mostly women, who will treat the one or two guys who show up like one of the girls, if they even acknowledge you at all. I tried socializing in one group I've described and it was mostly number three. The sad thing was that these women would spend the whole time bitching and moaning about men, even though there were always one or two perfectly decent guys there (usually me and someone else). Apart from that, it's more of the same groups, or online dating, and none have really gone anywhere.  As for special interest groups, I found there's still a hierarchy and pecking order. Cliques are still formed no matter whether you're stand up paddle boarding, or hiking, or whatever. You could even be pretty good at the activity you're participating in (as I discovered in one group), and I still got ignored in favor of other men and women who were funnier and sillier. It's like it doesn't matter what the group's theme is about, or if you're skilled at it; people want to be around other people who are funny, quick witted and easygoing, not serious or shy. Even the older generations want that. If you can't display any of those traits, you'll be ignored and nobody will take notice of the shy guy standing in the corner.",./viewtopic.php?f=4&t=29852
149,Sylva,2019-06-23 18:13:37.099276,2017-10-01 00:10:00,593841,[],2016-05-25 04:25:00,[],274,150,Poster,"My groups always consisted of N° 3 but only old people. At least there wasn't complaining about men but I tried to make the most of the actual focus of the activity. The only girl close enough to my age was an overachieving workaholic who was still waiting for a perfect man. I also should mention that I come from a low-income family and I soon discovered how it's mostly upper to middle-class people who can take the time to attend these meetings. This was another barrier to connect with them. I was never discriminated or anything but I could see the difference in mentality. I could have never been considered by this woman and her lifestyle. She had everything, great career, house, car, a full schedule and an entrepreneur mentality that probably wanted an equal to date. We all know women only date up and I was at the level of the guy who cleans the condo where she lives. This is no joke, later I discovered I used to work as a janitor on a condo where one of the old ladies from the book club lived. It's not strange that she didn't recognize me since the working class is invisible to them.",./viewtopic.php?f=4&t=29852
150,SuperJeff,2019-06-23 18:13:37.099301,2017-10-01 19:58:00,593856,[],2013-11-07 22:25:00,[],2205,151,Elite Contributor,"It's about Looks, Social Awkwardness, Bad Heredity, etc",./viewtopic.php?f=4&t=29852
151,The Geek,2019-06-23 18:13:37.099329,2017-10-08 13:56:00,594059,[],2010-09-26 21:28:00,[],755,152,Contributor,"The core fallacy in the ""meeting girls through activities"" idea is the ""sniper tactic"": the UGLY guy thinks he can gradually build up trust and closeness with a GOOD-LOOKING girl because now he has got a pretext to interact with her within a seemingly informal setting. But it never workds this way. Women know from the start they are not going to be intimate with the UGLY guy and no amount of common activities is going to change it. All he may get is friendzone (a polite form of REJECTION). Besides:  1) If the activity is more nerdy or academic (a language course), the decent LOOKING women will be few and far between and they will be the first to QUIT. Often the only one or two genuinely ATTRACTIVE girls dont show up for the second time! 2) If it is some pursuit more popular with GOOD-LOOKING people - there will be GOOD-LOOKING men to compete with and an instant pecking order arises where the UGLY  guy gets pushed to the periphery of the group.",./viewtopic.php?f=4&t=29852
152,wornaki,2019-06-23 18:13:37.099357,2017-10-08 16:56:00,594064,[594059],2007-03-31 00:32:00,[],695,153,Contributor," You know, it's hard to take you seriously when you never even attempt to define your terms. What is GOOD LOOKING or UGLY? Can you even sustain an argument without defining the terms? My take is no and I don't disagree per se with your lookism. I just want it properly defined.",./viewtopic.php?f=4&t=29852
153,Sylva,2019-06-23 18:13:37.099394,2017-10-08 18:25:00,594067,[],2016-05-25 04:25:00,[],274,154,Poster," Too true, they abandon pretty quickly to meet with their good looking equals.",./viewtopic.php?f=4&t=29852
154,maverick,2019-06-23 18:13:37.903221,2017-10-10 01:53:00,594119,[584864],2017-09-26 20:27:00,[],40,155,Poster," Not exactly, I mean if it is your plan to date for the sake of dating sure, but if it is your plan to meet the right girl with little dating as possible, social skills wont matter, they WILL BE into YOU regardless, only your perspective of it, and your behavior that follows, that can only turn them off. There is nothing more awkward than silence  repeatedly, and yet the same girls, a few select, I see repeatedly in the supermarkets I shop at, are yet still smiling at me, and on and on. If they are really into you they WONT CARE. and it is not a lack of social skills that make you awkward it is inhibition, but I have experienced one girl myself, I am one of the least sociable, and yet shes smiling at me we converse without me even thinking about it, and one thing led to another, point is if the girl is REALLY into you it wont matter, she is as nervous as WE ARE, and I keep telling myself this to HELP me. Bottom line you have to really screw up to have a girl who is really into you not want to be into, because you come out nervous and what not. Ofcourse those girls are one out of maybe 10, but they get them selves out there to run into us everyday. You just have to be looking.",./viewtopic.php?f=4&t=29852
155,maverick,2019-06-23 18:13:37.903280,2017-10-11 01:08:00,594136,[584864],2017-09-26 20:27:00,[],40,156,Poster," ALL though very plausible, you are looking at the issue psycologically, rather than spiritually. Not exactly, I mean if it is your plan to date for the sake of dating sure, but if it is your plan to meet the right girl with little dating as possible, social skills wont matter, they WILL BE into YOU regardless, only your perspective of it, and your behavior that follows, that can only turn them off. There is nothing more awkward than a field of repeated silence, and yet the same girls, a few select, I see repeatedly in the supermarkets I shop at, are yet still smiling at me, and on and on. If they are really into you they WONT CARE. and it is not a lack of social skills that make you awkward it is INHIBITION, but I have experienced one girl myself, I am one of the least sociable, and yet shes smiling at me we converse without me even thinking about it, and one thing led to another, point is if the girl is REALLY into you it WONT MATTER, she is as nervous as WE ARE, and I keep telling myself this to HELP me. Bottom line you have to really screw up to have a girl who is really into you not want to be into, because you come out nervous and what not. Ofcourse those girls are one out of maybe 10, but they get them selves out there to run into us everyday. You just have to be looking.[/quote] I am not rich, tall, I drive an old truck, a flimsy income, a paltry education, and yet I am getting attention, yes i am eccentric, I may be good looking, attractive and fit, unique in my fashions, but asides this, I have  nothing else, with exception to perhaps an illuminating mind. Inhibition is the culprit I believe, alcohol helps, provided you control the substance without it controlling you. Once your inhibitions are gone, your talking to these girls like your talking to your BEST FRIEND.  MY FINAL WORD TO ALL ON THIS Final word is, it is INHIBITION that is the culprit to any failure of a girl who is TRULY into you. and you ask how do you know if they are TRULY into you, by the clues they give, you must identify the common signals, and acquaint yourself some with the  4 temperaments, we have all been turned on to girls who are not turned on to us, maybe it is that tight skirt they are wearing for someone else you dont see, or are aware of, maybe your out of their temperament, you nevertheless may make the attempt with them and others like this, and find out you fail, not because of your conduct, but because you failed to distinguish those who are interested in you, from those that are NOT. The emphasis of Being YOU, is far more important than them liking YOU for YOU. Because if you can demonstrate this, you demonstrate both your unswerving character, and the confidence to convey it, and they become swayed, most of the time, if they need to. We all have these characters, the struggle is demonstrating, by eliminating the inhibition, or it's underlying cause. ONCE We, including me, identify it's cause it can then be suppressed or obviated. A GREAT PIECE OF ADVICE TO ELIMINATING INHIBITION IS A HUGE piece of advice I tell myself as often as possible that will help in eliminating inhibition, to at least some degree, if not a lot is, none other than, that those girls who ARE REALLY into you or me, after you learn how to easily identify them, are just as NERVOUS as us, if not MORE, therefore, look at it as an ADVANTAGE, and act in the role as the stronger, and it may make ALL the difference after. And do not look at yourself in an approach gone wrong every-time as the failure, if you at least have tried, look at them as failing with many guys that approach them.",./viewtopic.php?f=4&t=29852
156,Fairly shy,2019-06-23 18:13:37.903325,2017-10-13 11:17:00,594221,[],2009-08-09 17:37:00,[],1407,157,Super Contributor,"Sorry, but I think all this talk about girls who are 'truly into you' is romantic nonsense. Being socially awkward means that you don't project much about yourself. Your face is probably unfriendly, you speak without passion (whatever you may feel inside), and you simply waste any opportunities that you may be given. The notion of love at first sight may be valid for some normal people, but it is clear that even some normals take time to decide that someone is really for them. If an LS person comforts themselves that they don't need to do anything, because THE girl will ultimately come along and break through their shell (sometimes well meaning people will even tell you that), they may simply waste endless years, becoming even less likeable. Ask yourself what you do if a girl smiles at you. It probably causes you acute embarrassment because you don't know for sure what she means, or how to respond, so you turn away. Now ask yourself how that will appear to the girl - however much she may be into you. Think for a moment of people who are scared of spiders. One form of treatment is to expose the person to progressively stronger spider-related experiences, until perhaps they can tolerate a spider walking on their arm.  LS men are desperately scared of the whole process of asking a girl out and the initial dating process, and in the absence of useful counsellors, they have to find a way to expose themselves to progressively more dating experiences.  My answer was to go on enough arranged dates (pre-internet equivalent of web dating) that I became just a bit less anxious, and eventually got lucky. I can tell you, the first few dates were excruciating, but fortunately I didn't give up. There may be other ways to expose yourself to this fear - such as going to lots of dances if you are still young enough - but theorising about the perfect girl just isn't going to work! FS",./viewtopic.php?f=4&t=29852
157,SuperJeff,2019-06-23 18:13:37.903354,2017-10-14 19:30:00,594257,[],2013-11-07 22:25:00,[],2205,158,Elite Contributor,We need to Define what Social Skills are and aren't,./viewtopic.php?f=4&t=29852
158,Fairly shy,2019-06-23 18:13:37.903384,2017-10-14 21:16:00,594264,[594257],2009-08-09 17:37:00,[],1407,159,Super Contributor," Yes we do, and in this context, I would say that they refer to the ability to express one's tentative sexual attraction to a woman in a socially acceptable fashion. For LS people, I think part of the problem is that they feel too shy to do this, but also some of them literally do not know how to express their feelings (I would include my former LS self in that). FS",./viewtopic.php?f=4&t=29852
159,Onceshy,2019-06-23 18:13:37.903417,2017-10-14 21:50:00,594267,[],2016-10-30 15:44:00,[],114,160,Poster,"I see a couple of social skills: Active listening, broad interest so a lot to talk about, smalltalking and flirting. But I agree that expressing attraction and feelings is the most difficult part.",./viewtopic.php?f=4&t=29852
160,maverick,2019-06-23 18:13:37.903458,2017-10-19 05:36:00,594355,[594221],2017-09-26 20:27:00,[],40,161,Poster," and WHy does one not project much of themselves, speak without passion,(whatever they feel inside) ALL THE MORE, and waste opportunities, could it be because they are inhibited? Put one of these men under the influence of alcohol , or engaged or immersed in a stimulating activity with one of those girls , and see how this behavior of his CHANGES! Social awkwardness does not come FROM any of those things you describe, they are merely characteristics of it, the cause is INHIBITION. I give you the underlying cause. Maybe you have not had ones truly into you, so non sense it will be for YOU, but some of us perhaps have been more fortunate, when the same girl  is following you around a festival for 3 days, when you have seen girls at the same place you have gone to repeatedly, showing there skin to you, numerous times, without you ever uttering a syllable, having bizarre things like woman walking down the street towards you, with high heels in a swim suit smiling at you,that you NEVER knew or expected. Going to the same bar and seeing girls you see dressing better everytime you go, with no guys around them, and at each time getting closer to engaging with them, meeting 4 girls in one night at a bar, including a phone number you never asked for, maybe if you have had these things happen to you, you may not think it's non sense. You seem to be like a lot of other people today, you think everything is so complex, and at chance, as if these things are not meant to happen, or do not happen, but you are very wrong, just because they do not happen to you, does not mean they do not happen to others. Who ever suggested that a guy does not need to do anything? READ my words above please! I said simply that if a girl is truly into you, it is all the more consoling for ONE TO BE THEMSELVES! Because once one is them self, and they like the girl, that there probably will be no REASON, they will there inturn FAIL. Do you not understand sir, that everything you explained above about not socially projecting, which is a mumbo jumbo psycho term, and not speaking with passion, and missing opportunities, all STEMS from NOT being YOURSELF? and not being yourself comes from INHIBITION? Who is theorizing about the perfect girl? because a girl is truly into one, that means it is fantastic? Maybe the girls that I come across in my travels, of which have been many, must have known I was into their sort because nearly always it was that sort signaling me. To you it is all a dream, but some of us, it has never been a dream.  Arranged dates do not work, if the two are not right for each other, if they are then fine, but understand if the guy is inhibited it is a date gone bad. INHIBITION is the cause, what underlies it is the answer, if it can be combated.",./viewtopic.php?f=4&t=29852
161,maverick,2019-06-23 18:13:37.903492,2017-10-19 05:46:00,594356,[584864],2017-09-26 20:27:00,[],40,162,Poster," Oh please, bury yourself with your psychiatrist then. Call it quits, it's all so ridiculous. Socially undeveloped? maybe you are not attractive to these girls, because before new girls know your not good with them, they will nevertheless still give you opportunity, if they are truly into you, To say that guys had to attend partys and social gatherings to make it with a woman is utterly ridiculous.  What development do you need in your personality? You have one like everyone else, you simply CONCEAL it! because you are inhibited inside from showing it, maybe this inhibition is from fear or anxiety of failing. Your personality, do you not know yourself? Are you vegetated?",./viewtopic.php?f=4&t=29852
162,maverick,2019-06-23 18:13:37.903529,2017-10-19 06:01:00,594357,[594221],2017-09-26 20:27:00,[],40,163,Poster," ""Ask yourself what you do if a girl smiles at you. It probably causes you acute embarrassment because you don't know for sure what she means, or how to respond, so you turn away. Now ask yourself how that will appear to the girl -however much she may be into you"" I do not have to think sir, I have experienced, the smilers especially will all the more be patient, because the smilers are sending a much stronger and bolder signal, than the average woman, which only admits their greater interest in YOU. Whats not to understand in this expression of theirs? If you turn away it is not crucial, just do not give them a signal of disinterest like a frown, which I have ONLY done to rare few that were inappropriate for me, otherwise an acknowledgment or smile back is fine, but they are waiting for the approach, ofcourse if you realize, a dead on smile at guy from a girl, is a remote invitation for approach. So it is up to the guy at that point. This is where some guys have to muster up the courage, but if they are not themselves in the approach all is generally lost, if you fail to show them who you truly are, which is what they WANT to see and meet, nothing will help you after this. I call it  "" having the courage without the confidence""",./viewtopic.php?f=4&t=29852
163,maverick,2019-06-23 18:13:37.903564,2017-10-19 06:14:00,594358,[594221],2017-09-26 20:27:00,[],40,164,Poster," I have KNOWN good looking guys down and out, with NOTHING, no career, I mean nothing, but that beautiful babe was STILL with him, thick or thin! Relationships and the natural attraction that causes them, is not going to happen like it be in that absurd HBO or hollywood movie you watch about wives or woman leaving their husbands and men because they went bankrupt, or lost their careers, or fortunes, and had to leave the suburbs for the country.",./viewtopic.php?f=4&t=29852
164,maverick,2019-06-23 18:13:37.903606,2017-10-19 06:27:00,594359,[594221],2017-09-26 20:27:00,[],40,165,Poster," More profitable it would be for him to get rid of his inhibition, rather than arranged dates, because if he was socially awkward in the first place, it began with his inhibition  , therefore inhibition is the direct point ONLY worthy of focus.",./viewtopic.php?f=4&t=29852
165,maverick,2019-06-23 18:13:37.903647,2017-10-19 18:39:00,594362,[594257],2017-09-26 20:27:00,[],40,166,Poster," Yes we do, and in this context, I would say that they refer to the ability to express one's tentative sexual attraction to a woman in a socially acceptable fashion. For LS people, I think part of the problem is that they feel too shy to do this, but also some of them literally do not know how to express their feelings (I would include my former LS self in that). FS[/quote Here you go wrong once again, to communicate ones attraction for another,especially a sexual one, of which may be deemed TOO FORWARD and AGGRESSIVE in a first approach, is not confined in the summary of words , as it is conveyed by MERE BODY LANGUAGE. Again the endeavor for one to triumph over their inhibition by BEING THEMSELVES is the WAY. Otherwise how are they EVER TO DO IT AT ALL? A woman can detect finely what you feel about them by mere looks, she does not need you to stand there to tell her how you feel about her, if you express it poeticly or with eloquence she will truely admire it, but she simply WANTS the man to be the MAN he IS. NOT someone else when you see her. Flirtation is an art in which to do this, but flirtation can be conveyed by both body language and words, but the verbal expression is never direct, the words are always sly indirect suggestions. When I have been comfortable enough I have done this some.  A story but I recall a time I was on a brief date, get together with a pretty blonde I saw at a bar, from afar, when I was with a friend. After an hour of me smiling and she smiling, I said I am going home, I DID IT PURPOSELY, dropped my friend off and went BACK to the bar, she was still there, and we both resumed the conveyance of our expressions, with a few drinks in me, and me being loose enough , I FINALLY went up to her, introduced myself with maybe a little grace, she introduced herself, we chatted the best we could in the loud noisy bar, although it was frustrating, I tolerated it, and remained in good spirits and humor. She was with a friend of hers, it was about 1130PM, she said I believe, she was thinking about going down to a bar down the road, which was of walking distance. I remember going back to my stool at the bar table, I noticed her leaving, with the bottle in my hand I thought nothing BUT following her, I went for the door, one of the GOOD MEN there grabbed my arm at the exit and said kindly, you cant take that BOTTLE out of here, I looked at him with an affirmitive nod and went back to the bar table to leave it. ,I thanked him, and Erica the pretty blonde was laughing some as she was walking out with her girlfriend. You may think I was drunk , but I was NOT, I was and am extremely ignorant of city codes, and bar rules, due to my lack of being in either. Sure I was loose and buzzed and the like, but I was not drunk. I left the bar and followed her walking, she was with her girlfriend. I remember clearly me speeding up to her to take her hand while we walked, of which she shrugged off a few times. So I stayed contented in just following from a distance. They stopped at an ATM, I stayed a little distance back. They left the ATM to go walk to this other bar. I followed at a distance. I got there, saw her talking with her friend and having a drink, I thought to shoot a game of pool at the bar table after I got my drink. She went into the dance room. After a game of pool, I went to see her, I asked how she liked the music and what not, she said it was good, she was dancing some. She WANTED me to dance with her, I thought about it, and said well lets see what they play, I only really want to slow dance, the music was not the most agreeable for it, so I really did not, while she did, no big deal. I remember telling her, about a half hour later, for I had a feeling I would see her again , of which I did, that I was going to call it a night, and gently shook her hand with a dignified smile, she smiled ,but seemed a little disappointed for me to go, but I had things to do the next day. I saw her again a few nights later at the first bar, i was with a friend of mine. I sat myself near her when the opportunity was given me, we chatted, I did not like what she was wearing at the time, I therefore really wanted her to dress like a lady, or to see skirts on her, but she wore only modern outfits, like many typical woman of our day, she had a daughter from what I gathered, and me being an EXTREME IDEALIST at the time, I had my doubts of a future with her, the way I look at it, and still today is, I would do best with a childless girl.   My point being in this story here is you have REAL encounters by a guy, who has had minimal experience in dating, HARDLY EVER ATTENDED PARTIES, OR GATHERINGS, except for a few small family, or friend ones, and here I am doing what I am doing. Alcohol helped in suppressing INHIBITION, I triumphed over it at the time, and it helped to have a friend to go with for moral support no doubt, but I do not recall at ANY TIME together with Erica, me expressing to her in any words, my attraction for her, in any way, other than my mere body language, by my mere smiling, approaching, conversing, following her in the bar hop, and the like. YOU GUYS HAVE TO STOP LOOKING AT EVERYTHING SO SOPHISTICATIVELY and COMPLEX, some say by my story that I am a mild to border line love shy, because I have defied some of the things that so many others have not done, but I still struggle, and can strongly relate with the INHIBITION, But when you understand that it becomes somewhat neurological, when one has doubts or lack of confidence, INHIBITION quickly sets in the NERVES, we therefore lose OURS to do what we otherwise would with a girl we become allured by. Alcohol, wine, will help suppress this INHIBITION, so will moral support from friends and family.",./viewtopic.php?f=4&t=29852
166,cerebral_barrier,2019-06-23 18:13:37.903687,2017-10-20 14:44:00,594376,[],2010-04-27 07:08:00,"[('http', 'love-shy.com', '/lsbb/download/file.php?id=3483')]",2868,167,Elite Contributor,"For all the people who are still drinking the Disney Land KoolAid, let's break this down. ...again. For the purpose of DSR, women prioritize looks and money first, then they may take into consideration your social value and personality. 1) If you don't pass a woman's standards for face, hair body, height, build type, and race (in other words; if you don't pass the looks test), you are done.   Your personality will not be taken into consideration when the woman is not at all physically attracted to you. 2) If the woman isn't physically attracted to you, there is a chance that you might get some attention if you demonstrate substantial earning potential.   For everyday guys, most women will just waste your money and then flake out.  However, your chances increase with the amount of money you (appear to) have or or may some day, potentially have (med/law students).    3) The demonstration of social value is a very powerful tool for those who actually have it so you can further increase your chances with women if you appear to ""know people"".   Unfortunately,  if you are too low on the looks scale, women will likely use you for your status then flake out when they meet whoever it is they were trying to meet. Attachment: Joker2.jpg [ 59.79 KiB   Viewed 38 times ] ",./viewtopic.php?f=4&t=29852
167,IceCat7,2019-06-23 18:13:37.903720,2017-10-21 17:31:00,594420,[],2014-05-06 04:03:00,[],7442,168,LS.com Legend,"Good post CB. Your posts, like this one, could for sure be compiled or summarised, re-written into some kind of Redpill handbook or pdf",./viewtopic.php?f=4&t=29852
168,SuperJeff,2019-06-23 18:13:37.903746,2017-10-28 02:23:00,594600,[],2013-11-07 22:25:00,[],2205,169,Elite Contributor,"I admit that,",./viewtopic.php?f=4&t=29852
169,Fairly shy,2019-06-23 18:13:38.708123,2017-10-28 17:37:00,594613,[594359],2009-08-09 17:37:00,[],1407,170,Super Contributor," You talk as though getting rid of 'inhibition' is a matter of flipping a switch! Unless you know how to do it, you aren't saying much. Also, it isn't just about inhibition, it is also about knowing about what to do and when. I messed up one date because I put my arm around her before we had really talked. I only did it because I thought it would be the right thing to do, and she didn't like it. Forget about defining exactly what the problem is. If you can get a decent number of arranged dates, you will start out clumsy, and gradually improve with practice (a bit like riding a bike), and then suddenly you will find yourself with a girl in your arms - just as I did. FS",./viewtopic.php?f=4&t=29852
170,wornaki,2019-06-23 18:13:38.708186,2017-10-28 18:31:00,594615,[],2007-03-31 00:32:00,[],695,171,Contributor,"I admit to it being impossible, but the thing about awkwardness is that it's something you don't even need to fully avoid. You only need to either: a) find a woman who won't mind it (good luck with finding her and being the guy she prefers) or b) Just getting it right at least the first couple of times you hang out with her. If you can get into any of those situations, you'll be fine, even if you're socially awkward in all other areas in life...",./viewtopic.php?f=4&t=29852
171,SuperJeff,2019-06-23 18:13:38.708216,2017-11-24 21:32:00,595175,[],2013-11-07 22:25:00,[],2205,172,Elite Contributor,"with women, the Awkwardness is a Major part of the Problem",./viewtopic.php?f=4&t=29852
172,Stannis,2019-06-23 18:13:38.708261,2017-12-01 02:12:00,595485,[],2016-04-25 21:10:00,[],254,173,Poster,"I think it's both.  I always looked at it like selling a car. Looks being the car, while personality is the selling skills (which in the context of romantic dynamics only encompasses lack of inhibition and general extroversion as well as sexual aggressiveness, everything else is negligible at best, if not completely unimportant). If the car is shit below a certain threshold, no one is going to buy it no matter your salesmanship. If the car is above that threshold the amount of salesmanship needed is inversely proportionate to the quality of the car. If you got a great car to offer, no people will even come to you and request to buy it. At that point it should be a pretty straightforward process unless you fuck things by acting like the poster child for Asperger's or something in that vein. No matter how great the car seems, in the above case potential, even actively interested buyers will assume that there's something wrong with the car that's not immediately apparent and just abscond after a certain point. In my case, well, I'm somewhat short, overweight and my hairline is receding something fierce, but I don't think I'm fundamentally bad looking. I've had some women actively express interest in me for prolonged periods, some I had pretty strong feelings for even. I drove them away by either acting like a complete asshole, getting nervous and freezing up, being explicitly or implicitly dismissive or by simply being to passive and not playing into it. If I were better looking, they probably would have held out quite a bit longer, but only up to a certain point until they moved on. Women don't need to invest time in men and generally will only do so for good looking ones. They are completely oversaturated with dating opportunities due to most men being indiscriminate, base, thirsty fucks with no sense of pride. The demand far exceeds the offer. And consequently, even if a woman is intensely interested, moving on will be comparatively easy for her as opposed to a guy. For a woman sex is a phone call. For a guy it's 'dance, monkey, dance', it's a competition even if he's the frontrunner. Even if a woman generally likes him, she's still expecting him to jump through all the hoops as her natural inclination towards self-entitlement is greatly exacerbated by the current dating climate. If he seems incapable, unwilling or even if minimal complications arise early on, they tend to move on to the next in line without giving it much second thought.  I don't know... Looks are the  foremost thing that make you desirable. Without them primal, authentic attraction can't happen. But they don't do anything if you're inherently incapable of capitalising on the opportunities they bring with them. Right, enough rambling. Off to bed.",./viewtopic.php?f=4&t=29852
173,The Geek,2019-06-23 18:13:38.708292,2017-12-01 16:11:00,595497,[],2010-09-26 21:28:00,[],755,174,Contributor,"I often think the members here dont fully realize the nature of DSR amongs GOOD-LOOKING  people. They still imagine GOOD-LOOKING people have similar inhibitions and insecurities and have to actively seek relationships as UGLY and SEMIUGLY people do. But no, ATTRACTIVE people kind of drift into relatioships. UGLY people cannot imagine the huge difference that a MUTUAL ATTRACTION can make. ATTRACTIVE people are PRETTY much aware of their charm for the opposite sex. They are not riddled by self-doubt and know they can put enough sexual market value on the table. Knowing this makes you feel dramatically different about DSR.",./viewtopic.php?f=4&t=29852
174,SuperJeff,2019-06-23 18:13:38.708321,2017-12-01 20:03:00,595499,[],2013-11-07 22:25:00,[],2205,175,Elite Contributor,Sometimes some of us are obese or not great looking,./viewtopic.php?f=4&t=29852
175,Fairly shy,2019-06-23 18:13:38.708351,2017-12-03 18:36:00,595533,[595499],2009-08-09 17:37:00,[],1407,176,Super Contributor," The problem is that you can walk down any high-street and see ugly men with reasonable looking women. Clearly you don't have to be good looking to succeed in this game. Maybe women are right when they say that personality counts for a lot more than good looks. The problem is that women never really get to see the personality of an LS man. Beyond the obvious, you can't do much to improve your appearance without spending ridiculous amounts of money with a low chance of success. On the other hand, changing your behaviour is rather easier. One avenue that I'll bet few of you have tried is to go to a hypnotist. Maybe if you describe being LS as rather like having a phobia (which I think is an accurate description), that might help them to do something useful. FS",./viewtopic.php?f=4&t=29852
176,Stannis,2019-06-23 18:13:38.708395,2017-12-04 01:08:00,595535,"[595533, 595499]",2016-04-25 21:10:00,[],254,177,Poster," I don't believe that for one second. A lot of relationships are flat out transactional, if she is physically more attractive than the guy she is either settling and aware of it or has for whatever reason a very distorted view of her own attractiveness and thinks they're on the same level looks-wise. Either way, genuine, primal attraction can't occur in that constellation and she's getting something out of it, even if it's only the fact that she doesn't have to label herself as single. She might fuck him, she might even delude herself into thinking that she wants to but she doesn't authentically desire him. When women say that personality matters more than looks they lie, probably unknowingly. For the sole reason that they don't want to perceive themselves as shallow. Society (the hivemind) tells them that shallow is bad, and they're not a bad person, ergo personality>looks. I think it's a deeply ingrained paleolithic survival mechanism. Conforming to whatever the consensus in whatever tribal collective was ensured that you weren't cast out, thus maximising your survival chances.  If they see a guy they're attracted to (because he's good looking) they rationalise every single one of his actions in that light so that they can convince themselves that they want him because of his personality. Like for instance everything he says makes them giggle 'Oh, I must like him because he's funny'. The female mind is an incredibly elaborate apparatus of self-deception.  I would also disagree with the notion that changing your behaviour is easy in any way. I would even go as far as to say that consistent changes take foot is nearly impossible after a certain point. Exercising or plastic surgery are much more straightforward approaches then trying to modulate behavioural patterns derived from recurring experiences you've internalised over years.",./viewtopic.php?f=4&t=29852
177,cerebral_barrier,2019-06-23 18:13:38.708440,2017-12-04 04:23:00,595538,[],2010-04-27 07:08:00,[],2868,178,Elite Contributor,"So you guys are still at it? Ok; time for a personal example.   So... I recently logged into my online dating profile and saw a message from a woman claiming to be looking for a ""suga daddy"".   Her message to me? ""ur handsome..."" Really?       I'm on a dating site where the vast majority of women glance over my profile, without saying anything and ignore my messages.  The only messages I get these days there are from used up single moms and spinsters with a bunch of pets.   Yeah... I must be really fucking handsome.     Fact: If you are naturally good looking, your personality doesn't mean a damn thing when trying to meet women.   You'll have no shortage of women either coming directly to you or trying to bait you with their lame attempts at 'flirting'.   Alternatively, you can pay for sex like most men do.    If you're truly handsome, you get a discount on dat ass.   If you're not, you have to pay a pussy surcharge.   The less attractive you are, the higher that surcharge will be until you cross the threshold of true involuntary celibacy.   At that point, not much will get a woman to talk to you, much less sleep with you.    It's time to wake up from your fairy tales.   Beauty doesn't fuck the beast; nor does she fuck the idiot who says shit like ""It's what's inside that matters"".  ...Otherwise, they wouldn't all looking for ""Prince charming.""",./viewtopic.php?f=4&t=29852
178,letmethink,2019-06-23 18:13:38.708481,2017-12-04 09:19:00,595539,[595538],2011-12-02 01:27:00,[],3932,179,Elite Contributor," Its not black and white, just cause a guy isn't model tier good looking doesn't mean a decent looking girl won't find him attractive. You guys act like the same dynamic doesn't hold true for women. Whenever a girl is super hot men go to crazy lengths to appease them or turn a blind eye to their faults. The only reason you guys feel like men have it worse is because we have to face rejection more than women.",./viewtopic.php?f=4&t=29852
179,Reanimated,2019-06-23 18:13:38.708517,2017-12-04 11:33:00,595542,[595538],2014-06-16 04:38:00,[],959,180,Contributor, ur handsome...,./viewtopic.php?f=4&t=29852
180,cerebral_barrier,2019-06-23 18:13:38.708569,2017-12-04 15:25:00,595544,[595538],2010-04-27 07:08:00,[],2868,181,Elite Contributor," Your response is self-contradictory and ignores the reality of our situation.   While women may each have their own standard for attractiveness, their actions are (almost) always the same. If you are super-attractive by most women's standards, they will either come to you or make it easy for you to get them.   Your money and your personality will never be an issue until you actively fuck things up.  If you are somewhat attractive but not top notch, looks-wise, women will make you 'play the game'; meaning you have to either flaunt your wealth or demonstrate the kind of manipulative behavior they admire in order to ""sell yourself"" to them.  This is where your fairy tales come from.   Men mistakenly believe that their 'personality' is important when what is actually important is your ability to tell women the lies that they enjoy the most.   The supposed ""social awkwardness"" you guys so strongly believe in, is your unwillingness and/or inability to convincingly and consistently tell the kinds of lies women want to hear.    When you are the best looking, most popular, and most wealthy guy around, you don't have to play these games. My point is further demonstrated by the fact that men are still expected to make the first move, pay for everything and engage in the marriage/divorce legal market.   DSR is and always has been a business transaction.   Looks get you a discount on women, wealth allows you to buy them and your 'personality' is nothing more than a tool to get them to lower the price on their 'goods'.     The sooner you accept this, the sooner you'll be able to either work out a plan to successfully engage in DSR or simply move on without the hassle of dealing with DSR.",./viewtopic.php?f=4&t=29852
181,cerebral_barrier,2019-06-23 18:13:38.708608,2017-12-04 15:32:00,595545,[595542],2010-04-27 07:08:00,"[('http', 'love-shy.com', '/lsbb/download/file.php?id=3496')]",2868,182,Elite Contributor, Attachment: ugly-guy.jpg [ 10.16 KiB   Viewed 43 times ] Thanks...   You're not so bad yourself...   ,./viewtopic.php?f=4&t=29852
182,LonelyMan,2019-06-23 18:13:38.708643,2017-12-05 01:05:00,595550,[],2010-08-11 17:59:00,[],3378,183,Elite Contributor," This may be one of my most fatal flaws. What we think is an extreme case of avoidant social behavior is in actuality a heightened awareness and ability to see through the phoniness of people. When you think about it, it's no surprise that a lot of socially unsuccessful guys (or aspies and the like) are higher on the intelligence scale; we're smart enough to see through people's games and bullshit, and we find it hard to play along.  My problem is that I end up getting rejected when I speak up and point out these things to women, and I assume it's my problem that I'm socially inadequate. Then the shaming and rejection begins simply because you've refused to go along with them. It really makes you wonder if being a social outcast is a case of being stronger -- not weaker -- than the people who are successful only because they go along with people rather than seeing the truth for what it is.",./viewtopic.php?f=4&t=29852
183,cerebral_barrier,2019-06-23 18:13:38.708683,2017-12-05 02:17:00,595552,[],2010-04-27 07:08:00,[],2868,184,Elite Contributor," Of all the men on this forum, I knew you'd understand this.      This is THE key issue any true love-shy, male needs to recognize.   Whether it be inhibition, disinterest or active defiance, we do not typically engage in the dishonest games inherent of DSR.  We simply aren't 'wired' for it; and instead tend to see (and address) things as they really are.   No games, no illusions or other B.S.; just two people at face value.   In short; we either refuse to be manipulative bastards or we never learned how to in the first place.   That's not social awkwardness or a personality disorder.   It's called being an honest, decent human being. We are not the problem here.  Unfortunately, dishonesty, greed and corruption are the norm in DSR and have been for quite some time so we are now the minority.",./viewtopic.php?f=4&t=29852
184,letmethink,2019-06-23 18:13:39.540163,2017-12-05 09:03:00,595557,[],2011-12-02 01:27:00,"[('http', 'berserk.wikia.com', '/wiki/Idea_of_Evil'), ('http', 'berserk.wikia.com', '/wiki/Idea_of_Evil')]",3932,185,Elite Contributor," I don't know what you are getting at here. Social awkwardness isn't about being frank and straight forward, its about feeling out of place and out of your element in a situation you are not very experienced in. The reason why awkwardness can be a repellent for women (and people in general) is that awkwardness manifests itself as distress in the awkward person and dealing with another person's apparent distress is an inherently uncomfortable experience.  You don't need to go into grand statements about societal greed, dishonest, etc to explain any of that. There's plenty of that in this world but in all likeliness such elements play a very minor role in your dating life. The desire to have some entity (a person or society at large) be responsible for most of our troubles is a pretty well known feature of the Human experience and its been explored in entertainment a number of times, ex: http://berserk.wikia.com/wiki/Idea_of_Evil and there's definitely elements of this in your and others' posts on this forum.",./viewtopic.php?f=4&t=29852
185,cerebral_barrier,2019-06-23 18:13:39.540241,2017-12-05 16:33:00,595558,[],2010-04-27 07:08:00,[],2868,186,Elite Contributor," You really don't get it. If you have social anxiety disorder or you feel socially awkward or out of place, that's fine; go take care of yourself and do what it takes to get yourself a date.   On the other hand, don't mistakenly assume that all the men on this forum are alone because there is something socially/mentally wrong with them.   The fact is; modern society is specifically designed to capitalize on men's efforts to sleep with women and women are encouraged to make this process as expensive and difficult as possible.    - With regard to love-shys: Men are never taught how to play these stupid ass games so some of us don't get an opportunity to learn.   As we age, some of the more perceptive men start to see DSR for what it really is and simply refuse to engage in the B.S.  If we somehow get lucky in DSR by doing things our way, great; but some of us aren't going to torture ourselves with these mind games. - With regard to incels: Libtard, SJW nonsense like feminism and fat acceptance have sent women's natural hypergamous tendencies into overdrive.  Now virtually all women think they are models or princesses; deserving of only the richest, most handsome men out there.   Today's women have collectively raised the threshold at which you can use personality or wealth to attract them and priced themselves out of the market for many men. The reason for our disagreement is two fold: 1)  You have mistaken the inability or refusal to engage in the kind of dishonesty required to succeed in DSR for for ""social awkwardness"".   Food for thought; if everyone around you is a lying sack of shit who can't be trusted, but you're not like that,  then things will get awkward; especially as you get tired of their shit and start to call them out on it. 2)  You don't seem to understand that ""normal"" is relative to what the majority of people are doing.   If Machiavellian behavior is the new norm and is practically required to attract women, then that's a problem with society, not the individuals who don't display this behavior.",./viewtopic.php?f=4&t=29852
186,LonelyMan,2019-06-23 18:13:39.540281,2017-12-05 19:06:00,595559,[595552],2010-08-11 17:59:00,[],3378,187,Elite Contributor," I'm paraphrasing, but I think the term goes something like: You can love or understand women ... but you can't do both.",./viewtopic.php?f=4&t=29852
187,cerebral_barrier,2019-06-23 18:13:39.540319,2017-12-05 23:51:00,595568,[595552],2010-04-27 07:08:00,"[('http', 'love-shy.com', '/lsbb/download/file.php?id=3497')]",2868,188,Elite Contributor, Attachment: Nailed it.gif [ 735.75 KiB   Viewed 123 times ] You never disappoint me.    ,./viewtopic.php?f=4&t=29852
188,Stannis,2019-06-23 18:13:39.540360,2017-12-06 01:11:00,595573,[],2016-04-25 21:10:00,[],254,189,Poster,"That only works if you abide by universal objective morality, which I personally think is ingrained in the human mind. I think it's called Natural law or something. In any case, that would give us the capacity to actually distinguish between right and wrong through intuition. Surprisingly a lot of people seem to actively reject their capacity and go through life as amorals.  In my opinion, the greater an evil, the less wrong and more moral it is, with the sheer magnitude of it implying that there was some agenda or deliberation behind it. True corrupt is found in the frivolous, the instinctive, people subjecting themselves to their baser nature. And all three are effectively the driving forces behind Western society. Women, having no capacity for the abstract, are especially prone to those ways of living. If we declare an objective standard of moral innate to every person, then those ignoring it and going actively against it in favour of the frivolous and the base can consequently only be regarded as evil. Which in effect, would make women evil as they organically and recurrently act against all established objective moral standard. Society demands two things of a person to fit in:  1) be base and frivolous 2) maximise your functionality Those who are unwilling of the former get just as much ostracised as those incapable of the latter. Ostracisation taps into some primal recognitive mechanism in the female brain that tells them= undesirable. Being one of the few good elements in a rotten system might be the right way to live, but it doesn't entail happiness. Although I think that most of us have transcended the capacity for happiness by now.",./viewtopic.php?f=4&t=29852
189,cerebral_barrier,2019-06-23 18:13:39.540404,2017-12-06 01:46:00,595576,"[595573, 595573]",2010-04-27 07:08:00,[],2868,190,Elite Contributor," A very thoughtful and concise response.    I think the ""universal objective morality"" you mentioned is based on a fear of others doing unto us as we do unto them.   The concept of morality itself is based on fear of punishment for deeds that negatively affect another; even if that punishment comes from none other than the party you wronged.   Unfortunately, there are those among us who are intelligent, strong or attractive enough to get their way without any morale concerns.  Modern society tends to reward these kinds of people at the expense of everyone else; which results in the wide spread emulation of their behavior.   You are yet another person who understands this concept and how it relates to our lives as love-shys. Thank you for chiming in.   Your response was refreshing to read.    I also think you've come up with a good 'moral' for our 'story'.   It certainly sums up my life pretty well. Stannis wrote:Being one of the few good elements in a rotten system might be the right way to live, but it doesn't entail happiness. Although I think that most of us have transcended the capacity for happiness by now.",./viewtopic.php?f=4&t=29852
190,SuperJeff,2019-06-23 18:13:39.540433,2017-12-13 00:26:00,595810,[],2013-11-07 22:25:00,[],2205,191,Elite Contributor,"Let me say, we are NOT ""Losers"" or ""Pathetic"" we are just Less Fortunate, maybe part of the Problem is that alot of us are Socially Awkward, and too into things like  Science Fiction or Video Games or TV shows, Movies we like, and we get addicted/distracted by these Hobbies & Interests, Someone said we need to go out there more to places like Bookstores, Malls, and other public places and confidently & in a Friendly manner approach women, get a conversation started, and exchange phone numbers , and hopefully get dates, am I right ?  I think a lot of our problem is being socially awkward, but also a Negative Defeatist attitude about getting Women,",./viewtopic.php?f=4&t=29852
191,TheCounter,2019-06-23 18:13:39.540477,2017-12-13 23:26:00,595872,"[595533, 595499]",2013-01-08 19:35:00,[],2772,192,Elite Contributor," So many people say that ""I see ugly guys wit super model all da time"" as a fking cope and can never provide proof to back it up. I sat out side of subway enjoying a sandwich seeing many couples walk by. Guess what?? All looks matched.",./viewtopic.php?f=4&t=29852
192,Stannis,2019-06-23 18:13:39.540516,2017-12-13 23:48:00,595876,[],2016-04-25 21:10:00,[],254,193,Poster,"I recently made a contrary experience with my oneitis, and while she is slightly chubby, she now moved in with her boyfriend of five months who is quite far below her on the looks scale. While I wouldn't necessarily call him hideous, he's not attractive by any stretch and a skinny, bespectacled, balding ginger with a nasal voice.  I used to think looks were the most important factor, but I think they are an advantageous variable at best. Propinquity and being sexually aggressive are probably the things that determine whether anything comes to pass. Being socially maladapted is a death sentence, and while being wealthy might help generate interest, I would not think of it as a precursor for authentic attraction.  Attraction is much more opaque than usually assumed. She and that guy had on-off-thing for the past year and are strongly physically mismatched. I can't really tell what the main factor in the mutual attraction is. His parents are loaded but he has a lower position at work than her. I'm sure he is nice to her sometimes and I'm sure he's acting like a dick on occasion. He just capitalised on her having a momentary sexual need and things took off from there. The fact that this went from friendship over casual sporadic flings to a stable relationship showcases that people can settle for each other and that neurochemical reactions associated with and the extended periods of physical closeness and sex self-perpetuate. And that that 'She knows in the first five seconds of meeting whether she'd fuck you or not' is bullshit. While I'd genuinely consider myself objectively better looking than him, I just (if they were actually authentic, which is impossible to tell at this point) dismissed her advances for months and never entertained a continuous interaction with her. Which in retrospect was a good thing because it would have exacerbated matters and caused more problems down the road considering that she was even more of a degenerate slut than I initially assumed and I wouldn't want someone who tries to get with someone else while already involved, no matter how casually. Still the point stands, he was around, stimulated something in her, made his sexual intent clear which was even more straightforward because they had a drunken stint in the past and probably the occasional hook-up as well and he wasn't sidetracked by her coming on to other guys.  There is some x-factor neurotypicals and adequately socialised people are tapped into that love-shys and incels seem completely divorced from. It's just extremely hard to pinpoint. Maybe there is some superimposed collective evolutionary consciousness modulating world population and that just wants certain lineages to die out no matter their aesthetic potential? Who knows. Continuous exposure while displaying clear sexual intent in the right moments (which is very easy if you have naturally low inhibition) seems to be the primary determinant. Everything else is just icing on the cake and superfluous when an acute need exists. Honestly, I think it just comes down to: When a girl wants to fuck (you), you fuck her or you miss the boat. The less genuine and rigid and the more frivolous and uninhibited you are about sex and intimacy the higher your potentiality for success. Looks definitely matter, but they can be circumvented. I used to think of the redpill guys as try hards and show boats full of false bravado and confabulating their 'field reports', but they seem to be on to something. Personality matters, not in the sense of being a decent human being but being uninhibited, outgoing and sexually forward. Being meek and cautious will leave you out in the cold, no matter your other qualities. Women are not good and reflected people that value traditionally moral traits, but they are generally very base and their prime imperative is the fulfilment of their immediate necessities in the pursuit of which they throw everything else out of the window. Morals, as far as they're capable of having them, social propriety and even standards to an extent. You don't have to be the best choice, just the best choice that is immediately accessible to her.",./viewtopic.php?f=4&t=29852
193,socialButterfly,2019-06-23 18:13:39.540573,2017-12-14 05:30:00,595889,[595876],2017-08-26 00:41:00,[],24,194,New Poster," I don't know how other women think. I only know how I think. With that being said, looks do matter to me. I don't think I've ever met any woman where looks do not matter even a little. But looks are not the most important thing to me. The most important thing to me is chemistry. I really don't know any other way to put it. Let me use a guy I have a crush on at the moment as an example. He's almost 20 years older than me. He's balding. He's a little chubby. He is not that good looking (3ish). But I'm attracted to him. Ultimately, I won't end up asking him out because a 20 year age gap is just too much for me. I don't mind his age attraction-wise, but I want someone that can stick around for a long time and can keep up with my misadventures. I can't say why exactly I'm so attracted to him. The only thing I can say is that I just have so much fun being around him.  That's the thing that matters to me the most. I don't care if you're a Calvin Klein model, if I'm not having fun around you, I'm not going to date you. I really don't get people who date purely based on looks. I mean, if I wanted eye candy, I'd watch Magic Mike. I'm an introvert who can't stand people's presence for too long. I'm not going to waste my precious social tolerance quota on someone I don't like being around. Now money is something I can understand. Unfortunately, Mr. 20yearagegap is not rich (too bad). Even though money is a plus, it's also not the most important thing to me. For one thing, he's very charismatic. Everyone in our major knows him or at least knows him as ""that loud guy"". Everyone likes him. I find him funny (In fact, I find his jokes hilarious even though he's not that funny). But the thing is, I've met funnier and more charismatic guys (and better looking) at my college but I've never liked them as much as I like this guy. I don't even care that he: 1. Does not have any friends. (He says it's because he's been out of work since moving here 5-6 years ago). 2. Has 2 DUIs on his record 3. Voted for Hillary Clinton Okay, I know that he sounds like a really shitty guy at this point but if you guys were to meet him, you'd understand right away. He's just so damn likable. So I can't say the important thing for me is ""being funny"" or ""charismatic"", all I know is that I enjoy his company. On this forum I hear sometimes: Women don't want an ugly incel guy, they want the top 10%. But I disagree. Yes, if you're hideous I wouldn't want to date you. (I'm sorry, eye candy aside, if you make my eyes want to retreat into my God damn esophagus, I'm not going to have that aforementioned fun while around you) (I know, unfair, life sucks). But that's not the only issue. If you're kinda wimpy, shy, annoying to be around, have no goals in life (I mean even the tiniest goals) I'm not going to enjoy being with you romantically. Sorry.    It's just my preference (and I believe at least some women share that preference). I tried being friends with two incel guys (a guy I knew from college and his friend). At first I thought his awkwardness was cute, but there's only so much I can encourage a guy before it starts being less than cute. I told him he was fun to talk to and gave him so many complements (all perfectly true, we conversed all throughout the night many times, he is genuinely fun to talk to most of the time) but man, he was like a wilted plant. You water him, pick him up, then he goes right back down. It got tiring really fast. And in the end, I have to look out for myself. If I'm not enjoying being with someone, I've got to call it quits. I'm a human being, not a saint. I have preferences. I can't change who or what I like that easily. Don't even get me started on ""nice guys"". Anyway, if I turn down an incel or loveshy guy, it's not because I want some shiny Ken doll, it's because I don't have that much fun being around him.  (If we're talking about someone I don't even know, I'd turn them down because: 1. I've got shit going on and no time / energy to stress over some random guy that asks me out (yes even models) 2. They're hideous (sue me)) Anyway, that's all I wanted to say. Sometimes, you just can't help who you're attracted to (and who you're not). EDIT: Also, this is purely my opinion only and you'd be arrested if you try this with a random chick but I'm in the ""It's not sexy to ask for permission"" camp    IF I'M DATING THE GUY. If I'm dating the guy (bears repeating) and they ask me permission for everything I'd probably lose interest really fast (Us women are such pain in the asses, aren't we?).  ""Can I touch you?"" ""Can I kiss you?"" ""Can I throw you down on the bed and have my way with you?"" Ew EW EWWWW! RIP ladyboner.  Don't ask - read the mood (impossible for some guys I know). My standards are sky high. Also, I just wanted to add that I'm being 100% honest with you guys, no bullshit. This is how I believe things are with me. If anything here is not true, it's because I'm lying to myself. Who knows? Maybe tomorrow some unbelievably hot hunk will swoop down and he'll be so goregeous that I'll turn into a giggling, bubbling nutcase in his arms, personality be damned. But can any MGTOW say for absolute certain that they wouldn't either if a grop-dead gorgeous woman showed real interest in him? If you want to criticize anything I said or my way of thinking, okay. Go ahead. You might be right and I'm open to it. Just know that I didn't want to offend anyone or start a flame war, I'm just giving my honest viewpoint.",./viewtopic.php?f=4&t=29852
194,cerebral_barrier,2019-06-23 18:13:39.540674,2017-12-14 10:56:00,595893,"[595889, 595889, 595889, 595889, 595889, 595889]",2010-04-27 07:08:00,[],2868,195,Elite Contributor," This statement absolutely demolishes any other statement you make about women and what women want from a man.   The fact is that most women make the process of dating more difficult and expensive than it needs to be; for reasons even they don't understand.   What you just wrote suggests that you don't understand the ""why"" behind your desires.   This is important because it is the ""why"" that dictates how men should proceed with a woman.   If you don't understand your motives, then we sure as hell can't and this can make some men see you as you a potential hazard in the long run.  I understand that this is an effort to describe you specifically but it would be unwise to continue to compare yourself to other women like this for reasons I'm about to demonstrate. socialButterfly wrote:With that being said, looks do matter to me. I don't think I've ever met any woman where looks do not matter even a little. But looks are not the most important thing to me. The most important thing to me is chemistry. I really don't know any other way to put it. Let me use a guy I have a crush on at the moment as an example. He's almost 20 years older than me. He's balding. He's a little chubby. He is not that good looking (3ish). But I'm attracted to him. Ultimately, I won't end up asking him out because a 20 year age gap is just too much for me. I don't mind his age attraction-wise, but I want someone that can stick around for a long time and can keep up with my misadventures. I can't say why exactly I'm so attracted to him. The only thing I can say is that I just have so much fun being around him.  That's the thing that matters to me the most. I don't care if you're a Calvin Klein model, if I'm not having fun around you, I'm not going to date you. I really don't get people who date purely based on looks. I mean, if I wanted eye candy, I'd watch Magic Mike. I'm an introvert who can't stand people's presence for too long. I'm not going to waste my precious social tolerance quota on someone I don't like being around. Now money is something I can understand. Unfortunately, Mr. 20yearagegap is not rich (too bad). Even though money is a plus, it's also not the most important thing to me. So this leads to a few questions; - Barring age and finances from the equation, would you sleep with this guy?  If the answer is ""No"", then anything else you say about him is rendered meaningless. - Why exactly is his age a problem with regard to dating?   Is this guy elderly or something? - How/why exactly is money a ""plus""?   Why should his finances be of any concern unless he is incapable of consistently paying his own bills? socialButterfly wrote:For one thing, he's very charismatic. Everyone in our major knows him or at least knows him as ""that loud guy"". Everyone likes him. I find him funny (In fact, I find his jokes hilarious even though he's not that funny). But the thing is, I've met funnier and more charismatic guys (and better looking) at my college but I've never liked them as much as I like this guy. I don't even care that he: 1. Does not have any friends. (He says it's because he's been out of work since moving here 5-6 years ago). 2. Has 2 DUIs on his record 3. Voted for Hillary Clinton Okay, I know that he sounds like a really shitty guy at this point but if you guys were to meet him, you'd understand right away. He's just so damn likable. So I can't say the important thing for me is ""being funny"" or ""charismatic"", all I know is that I enjoy his company. ...But would you sleep with him?   Being funny, likeable and charismatic is great.   I'm all three of these things, have friends, and I'm financially stable.   My record with the law is cleaner than Pine-Sol and I was smart enough to stay out of that circus posing for an ""election""; yet most women don't notice me unless I'm fixing their computer. Also; you mentioned not having any friends like it's automatically a disqualifying trait.   Why exactly is a man having friends (or not) even worth worrying about? socialButterfly wrote:On this forum I hear sometimes: Women don't want an ugly incel guy, they want the top 10%. But I disagree. Yes, if you're hideous I wouldn't want to date you. (I'm sorry, eye candy aside, if you make my eyes want to retreat into my God damn esophagus, I'm not going to have that aforementioned fun while around you) (I know, unfair, life sucks). But that's not the only issue. If you're kinda wimpy, shy, annoying to be around, have no goals in life (I mean even the tiniest goals) I'm not going to enjoy being with you romantically. Sorry.    Annoying is annoying and I get that no one respects a wimp but I think it's kind of hypocritical to hate on shy guys when (most) women act shy and their mixed message behavior is the primary cause of men to become shy in the first place. Also; what is with women's preoccupation with men's goals?   Short of guys like Nikola Tesla, (who ironically died a virgin), most men have only one real ""goal"".   Quite literally everything else is a means to an end with regard to that one goal.   Men who see DSR as more trouble than it's worth aren't going to waste time money and energy putting on a show like that to impress women. socialButterfly wrote:It's just my preference (and I believe at least some women share that preference). I tried being friends with two incel guys (a guy I knew from college and his friend). At first I thought his awkwardness was cute, but there's only so much I can encourage a guy before it starts being less than cute. I told him he was fun to talk to and gave him so many complements (all perfectly true, we conversed all throughout the night many times, he is genuinely fun to talk to most of the time) but man, he was like a wilted plant. You water him, pick him up, then he goes right back down. It got tiring really fast. And in the end, I have to look out for myself. If I'm not enjoying being with someone, I've got to call it quits. I'm a human being, not a saint. I have preferences. I can't change who or what I like that easily. This leads to two questions: - You said you tried being ""friends"".   Do you really think an incel man wants female ""friends""?   I know I don't and I'm not even incel. - On the off chance that you wanted more than just friendship with one of these guys;  Compliments aside, how obvious did you make it that you were romantic/sexually interested in this man?   Think about that for a second then think back to my previous statements about ""mixed messages"" and DSR being ""more trouble than it's worth"".   Now think about what it means to be an incel man.   Incel men take it for granted that anything positive you say is politeness and not true attraction.  If you don't spell it out or physically do something to them, they are not going to take action. socialButterfly wrote:Don't even get me started on ""nice guys"". Really?      So what you're saying is you want men who will manipulate your emotions but not make it totally obvious; men who don't buy your love but schmooze their way into it instead.   Both sound kinda sleazy to me but, hey, whatever floats your boat. socialButterfly wrote:Anyway, if I turn down an incel or loveshy guy, it's not because I want some shiny Ken doll, it's because I don't have that much fun being around him.  (If we're talking about someone I don't even know, I'd turn them down because: 1. I've got shit going on and no time / energy to stress over some random guy that asks me out (yes even models) 2. They're hideous (sue me)) Anyway, that's all I wanted to say. Sometimes, you just can't help who you're attracted to (and who you're not). EDIT: Also, this is purely my opinion only and you'd be arrested if you try this with a random chick but I'm in the ""It's not sexy to ask for permission"" camp    IF I'M DATING THE GUY. If I'm dating the guy (bears repeating) and they ask me permission for everything I'd probably lose interest really fast (Us women are such pain in the asses, aren't we?).  ""Can I touch you?"" ""Can I kiss you?"" ""Can I throw you down on the bed and have my way with you?"" Ew EW EWWWW! RIP ladyboner.  Don't ask - read the mood (impossible for some guys I know). My standards are sky high. Also, I just wanted to add that I'm being 100% honest with you guys, no bullshit. This is how I believe things are with me. If anything here is not true, it's because I'm lying to myself. Who knows? Maybe tomorrow some unbelievably hot hunk will swoop down and he'll be so goregeous that I'll turn into a giggling, bubbling nutcase in his arms, personality be damned. I'm making my WTF face at you now...   You really don't understand the DSR motivations of men or how women's behavior impact our actions with regard to DSR.   I can't say that's unusual since most other  women don't understand either.    I've always found it ironic how women openly encourage rapey behavior (something that is both conventionally immoral and illegal) but expect men to know when their specific brand of rapey behavior is or is not welcome.  ...or when they simply aren't good looking enough, wealthy enough, or popular enough to get away with it.   Is it really such a surprise that some men don't want to play this game? The bottom line is; your half of the species literally controls how our half deals with you in DSR.   This isn't men being ""wimpy"", it's the LAW. socialButterfly wrote:But can any MGTOW say for absolute certain that they wouldn't either if a grop-dead gorgeous woman showed real interest in him? I'm formerly love-shy, not a MGTOW and not an incel but I can honestly say that I'd be skeptical of any women (attractive or not) who showed any interest (real or pretend) in me. Reasons: - What women say and what they DO are two different things.   Throughout my life, I've had girls/women flirt with me for the sole purpose of fucking with my head.  Likewise, I've had girls/women treat me like dirt; only to tell me they had a crush on me later on.   In short; the old saying is true; ignore what a woman says and pay attention to what she does. - What most women consider ""hints"" are basically cold war spy codes.  Love-shy or not, men truly don't know what the hell you want until you either kiss us or start undressing in front of us.   - Regardless of how good a time we have or how much she appears to like me right now, Briffault's Law is always in effect.   A wise man will always remember this. - Experience in dating (including my last relationship) has taught me that EVERYTHING has a price and that there's ALWAYS a catch. - Regarding MGTOW specifically; my understanding is that they'd sleep with her as much as she'd allow but never marry her or have kids with her.  However, that's a discussion for another forum.",./viewtopic.php?f=4&t=29852
195,incel200,2019-06-23 18:13:39.540728,2017-12-14 19:00:00,595901,[595893],2011-10-30 23:38:00,[],1179,196,Super Contributor," It is amazing how women have chemistry only with good looking men. I wouldn't bother asking a women for advice, they are simply incapable of being honest with themselves or others about their behaviour.",./viewtopic.php?f=4&t=29852
196,cerebral_barrier,2019-06-23 18:13:39.540769,2017-12-14 21:14:00,595912,[595889],2010-04-27 07:08:00,[],2868,197,Elite Contributor," I agree that women give the absolute worst dating advice but to be fair, she did say that the ""fun"" guy wasn't all that good looking.   I've given her an opportunity to demonstrate that she's not the typical A.W.A.L.T.;  trying to pretend she's ""special"".   I'm hoping she takes it; as it would be a refreshing change of pace. She gets the benefit of the doubt if she currently has or had any real interest or intent on sleeping with these guys rather than just hanging around; friend-zoning them.  Otherwise; the usual A.W.A.L.T. rules apply.",./viewtopic.php?f=4&t=29852
197,TheCounter,2019-06-23 18:13:39.540813,2017-12-14 23:07:00,595927,[595893],2013-01-08 19:35:00,[],2772,198,Elite Contributor, Wtf cerebral_barrier is a woman? ,./viewtopic.php?f=4&t=29852
198,cerebral_barrier,2019-06-23 18:13:39.540853,2017-12-15 00:19:00,595930,[595893],2010-04-27 07:08:00,"[('http', 'love-shy.com', '/lsbb/download/file.php?id=3500')]",2868,199,Elite Contributor," That would be an interesting twist wouldn't it?     But... Attachment: Austin Powers.jpg [ 5.98 KiB   Viewed 26 times ] Look a few posts above the one you quoted.   You'll see that he just quoted Socialbutterfly's post; apparently, using my screen name in her place by accident.",./viewtopic.php?f=4&t=29852
199,socialButterfly,2019-06-23 18:13:40.382533,2017-12-15 07:00:00,595937,[],2017-08-26 00:41:00,"[('http', 'i64.tinypic.com', '/2a6302e.jpg')]",24,200,New Poster," Yep, true. I knew when I joined this forum that I wouldn't be able to give any decent advice about women. Women are so hard to understand. That's why I put that as sort of a disclaimer. Sorry for comparing myself to other women. I can't speak for other women. cerebral_barrier wrote:So this leads to a few questions; - Barring age and finances from the equation, would you sleep with this guy?  If the answer is ""No"", then anything else you say about him is rendered meaningless. - Why exactly is his age a problem with regard to dating?   Is this guy elderly or something? - How/why exactly is money a ""plus""?   Why should his finances be of any concern unless he is incapable of consistently paying his own bills? - Sorry for not being clear. For me ""I'm attracted to him"" means I want him to violate me. - He is 43 years old. He's almost old enough to be my dad. I don't mind a 10 or so year gap but that's a little much. Men die earlier than women. I don't want my guy to die way before me. - I mentioned that money doesn't matter to me as much as whether or not there's a connection. But I won't lie and say that it doesn't matter at all. I do have fantasies about being filthy rich and just buying everything I ever wanted but that's just a silly fantasy of mine. I know that won't make me happy. I'd rather be dirt poor with an amazing guy. I don't care if he doesn't have a job, car, or house as long as it's not because he's incredibly lazy or a leech. That's why I consider it just a ""plus"", an extra. Nice if he has it, but not a requirement. I would love it if my future boyfriend has a little extra cash to invest in my business.  (There it is, my ulterior motive) (But I would love it even more if my future boyfriend is a programmer and has enough interest in my project to HELP me with my business :O) As for the guy in question, he has enough to take care of himself. cerebral_barrier wrote:...But would you sleep with him?   Being funny, likeable and charismatic is great.   I'm all three of these things, have friends, and I'm financially stable.   My record with the law is cleaner than Pine-Sol and I was smart enough to stay out of that circus posing for an ""election""; yet most women don't notice me unless I'm fixing their computer. Also; you mentioned not having any friends like it's automatically a disqualifying trait.   Why exactly is a man having friends (or not) even worth worrying about? Yes, I was thinking that even if we don't get together I wonder if he'd accept a FWB relationship. I'm the type that only wants to sleep with someone I know and enjoy being around (no strangers). I just found his lack of friends really surprising considering how likable he is.  It's not necessarily a bad thing, it's just for me personally, I like my space. I like when a guy has friends to drag him off sometimes and give me space. cerebral_barrier wrote:Annoying is annoying and I get that no one respects a wimp but I think it's kind of hypocritical to hate on shy guys when (most) women act shy and their mixed message behavior is the primary cause of men to become shy in the first place. Also; what is with women's preoccupation with men's goals?   Short of guys like Nikola Tesla, (who ironically died a virgin), most men have only one real ""goal"".   Quite literally everything else is a means to an end with regard to that one goal.   Men who see DSR as more trouble than it's worth aren't going to waste time money and energy putting on a show like that to impress women. True. I don't hate shy guys. It's just that I'm shy as well so I want a guy to lead the conversation sometimes. With this guy in particular, I'm always the one talking about myself or driving the conversation along while he just responds. I don't mind a shy guy as long as the conversation is interesting. I misspoke. By tiny goals, I meant really tiny. I even told him, my goals after graduating are to finish watching a show I started but never finished, finish an art project I put on hiatus, and get a boyfriend. He still told me that he had no such goals and he has done nothing since the last time I saw him. I went to his graduation party last semester. He lives with his family. He doesn't seem motivated at all to get a job or do anything. He only even got his degree in Computer Engineering because his parents pushed him to. I only asked him about his goals because I was talking for a long time about what I was up to and I felt like it was time to shift the conversation to him. But I can't help but feel awkward about being around someone who doesn't want to do anything. I just want to hear that a guy is passionate about something. He sits around playing videogames and watching porn. Which I spend a lot of time doing as well so I can't fault him, it's just I do that to relax in my free time, in between doing something that makes me feel like my life has meaning. Since I met him 8 months ago that's all he's been doing. cerebral_barrier wrote:. This leads to two questions: - You said you tried being ""friends"".   Do you really think an incel man wants female ""friends""?   I know I don't and I'm not even incel. - On the off chance that you wanted more than just friendship with one of these guys;  Compliments aside, how obvious did you make it that you were romantic/sexually interested in this man?   Think about that for a second then think back to my previous statements about ""mixed messages"" and DSR being ""more trouble than it's worth"".   Now think about what it means to be an incel man.   Incel men take it for granted that anything positive you say is politeness and not true attraction.  If you don't spell it out or physically do something to them, they are not going to take action. I don't date anyone I don't know. If I'm going to get a boyfriend, I'm going to befriend him first. And sorry, I shouldn't have called him incel since he doesn't really fit the term. I've been listening to him complain about his virginity and body issues so I completely forgot that he turned me down when I not-so-subtly asked if I could be his girlfriend. In highschool he was chased by this tall, hot blonde and she asked him to the prom (I saw the prom pictures so I know she was hot). But he turned her down after the prom. He also had some Japanese girl interested in him and they made out on his bed but he couldn't take it further. He's definitely love shy, not incel or incel because of extreme love shyness. He has some issues with his sub-par looks and his body (he's very skinny). I invited him swimming but he didn't want to come because he doesn't want to take off his shirt in front of me. I don't know why the other girls were chasing after him but I asked him if we could be friends because I found that we had a lot in common and that talking to him was fun. I became friends with him hoping it would turn into something more. Later on, I realized that he had absolutely no goals in life (as we discussed), so in addition to the wilting flower thing I mentioned  where no matter how many genuine complements I gave him, he just couldn't stop criticizing himself and being a downer, in the end, I'm glad we didn't go out. I became friends with his friend because he hangs out with him a lot so it was unavoidable. He's been making obvious passes at me but he's not my type (although he's better looking than Mr. Loveshy). He's definitely incel, not loveshy though (I don't know why, he's not bad-looking) (And he has a bigger dick) (I only know that because I asked Mr.Loveshy to tell me his size and Mr.Friend texted me a CLOTHED pic of his boner in response to a joke) (He offered to send an unclothed pic. I said no.) (What is  it with you guys and dick-pics?). (They're both 23 year old virgins). cerebral_barrier wrote:Really?      So what you're saying is you want men who will manipulate your emotions but not make it totally obvious; men who don't buy your love but schmooze their way into it instead.   Both sound kinda sleazy to me but, hey, whatever floats your boat. That's why I put ""nice"" in quotes. I meant guys who complain that no girl wants him, even though he's ""nice"". To me, a truly nice guy wouldn't say that. They remind me of 12 year olds who complain that their mom didn't buy them the game they wanted for Christmas even though they've been on their best behavior, washing dishes and cleaning their room. I'm weary of guys that are only nice to you because they think they'll get laid. Being ""nice"" is not hard at all. Literally everyone can do this. Name one person on this planet who cannot be ""nice"" if they wanted something. I like the real nice guys. The guys you catch doing something nice for someone when they don't know you're watching and who never bring it up or ask for a reward or recognition. The niceness that is purely motivated by their desire to see you well and succeed. Assholes and jerks can just go screw themselves.  cerebral_barrier wrote:I'm making my WTF face at you now...   You really don't understand the DSR motivations of men or how women's behavior impact our actions with regard to DSR.   I can't say that's unusual since most other  women don't understand either.    I've always found it ironic how women openly encourage rapey behavior (something that is both conventionally immoral and illegal) but expect men to know when their specific brand of rapey behavior is or is not welcome.  ...or when they simply aren't good looking enough, wealthy enough, or popular enough to get away with it.   Is it really such a surprise that some men don't want to play this game? The bottom line is; your half of the species literally controls how our half deals with you in DSR.   This isn't men being ""wimpy"", it's the LAW. Non-con is just one of my fetishes. I know it's weird, your WTF face is justified. However, if someone tried to rape me in real life I would beat the shit out of him and sic the cops on him. My fetish is just a fantasy, it has nothing to do with real life. I tried to make it clear that I realize that this particular preference of mine is unreasonable. I know you guys are horrible at reading the ""mood"" (whatever that  is), there have been studies that show that men aren't as adept at women at that kind of thing. But I don't care how good looking, wealthy, or popular a guys is, if he tries something non-con while I don't know him, he's going to get arrested. But, only if he tries to physically force me to do something after I clearly said no. I don't believe in overreacting to a guy who fails to read the mood right or for simply saying something sexual. He'd have to keep going after I said ""no, don't do that"" for me to get mad at him.  One guy texted me apologizing after we had hung out at the movies because he had wrapped his arms around me from behind unexpectedly when we were horsing around. I told him that if I didn't like it, I would tell him. No harm done. So yes *sigh* this is just an unreasonable dream of mine to have a romantic moment like Han Solo and Princess Leia when he grabbed and kissed her. He did that because he KNEW she liked him, even though she denied it. Now guys are too scared to try something like that. I blame fucking feminists! Give me back my butt poses and slutty outfits in video games!  cerebral_barrier wrote:I'm formerly love-shy, not a MGTOW and not an incel but I can honestly say that I'd be skeptical of any women (attractive or not) who showed any interest (real or pretend) in me. Reasons: - What women say and what they DO are two different things.   Throughout my life, I've had girls/women flirt with me for the sole purpose of fucking with my head.  Likewise, I've had girls/women treat me like dirt; only to tell me they had a crush on me later on.   In short; the old saying is true; ignore what a woman says and pay attention to what she does. - What most women consider ""hints"" are basically cold war spy codes.  Love-shy or not, men truly don't know what the hell you want until you either kiss us or start undressing in front of us.   - Regardless of how good a time we have or how much she appears to like me right now, Briffault's Law is always in effect.   A wise man will always remember this. - Experience in dating (including my last relationship) has taught me that EVERYTHING has a price and that there's ALWAYS a catch. - Regarding MGTOW specifically; my understanding is that they'd sleep with her as much as she'd allow but never marry her or have kids with her.  However, that's a discussion for another forum. Er. Sorry to bring up a sore subject. Yeah, really, the guy would have to be so attractive that just looking at him would be entertaining and never get dull. I've never seen someone that attractive. That's why I was saying, that's probably not going to be the case and I'd never be with someone purely for their looks. I want to have fun and enjoy life. Being with my boyfriend should be fun. I don't see how looks has anything to do with that. Money I get. You can do fun things with money (but it's not everything). Sigh. How I wish guys would just get our spy code. I'm afraid of rejection as well, though I suppose I have less to lose if things go wrong. (Guys....don't call the cops on women.........do they?) I'm love shy though. So I'll only be able to do that as a last resort. For example if we went on a hundred dates, I slather him with sexy looks and innuendo, I ""accidentally"" feel him up twenty times and if he still doesn't get it..... last resort!   I admit, I like the social norm that men have do all the initiating because I'm selfish. But, can you blame me; you want women to do all the work. If you want men and women to meet each other halfway, then I can respect that. Anyway, thanks for the chat! It gave me a lot to think about.",./viewtopic.php?f=4&t=29852
200,cerebral_barrier,2019-06-23 18:13:40.382611,2017-12-17 07:21:00,596016,"[595937, 595937, 595937, 595937]",2010-04-27 07:08:00,[],2868,201,Elite Contributor," No biggie.   This is what we have to deal with in general.   If you're different and you know your different, then that's cool.  No harm no foul. socialButterfly wrote:- Sorry for not being clear. For me ""I'm attracted to him"" means I want him to violate me. - He is 43 years old. He's almost old enough to be my dad. I don't mind a 10 or so year gap but that's a little much. Men die earlier than women. I don't want my guy to die way before me. - I mentioned that money doesn't matter to me as much as whether or not there's a connection. But I won't lie and say that it doesn't matter at all. I do have fantasies about being filthy rich and just buying everything I ever wanted but that's just a silly fantasy of mine. I know that won't make me happy. I'd rather be dirt poor with an amazing guy. I don't care if he doesn't have a job, car, or house as long as it's not because he's incredibly lazy or a leech. That's why I consider it just a ""plus"", an extra. Nice if he has it, but not a requirement. I would love it if my future boyfriend has a little extra cash to invest in my business.  (There it is, my ulterior motive) (But I would love it even more if my future boyfriend is a programmer and has enough interest in my project to HELP me with my business :O) As for the guy in question, he has enough to take care of himself. - Regarding Sex/violation; If you're serious, you need to go hit that.   But lose the ""non-con"" angle, it will scare him away in the current political climate. - Regarding age;  That is the most logical response I could have expected.   On the other hand, you've got on average 25-40 years of him if you decide to take a chance.  Also, age won't really matter if you do the FWB thing you mentioned. - Regarding Money; While it is unfortunate that you are like most women in this regard, you do get points for honesty and for it not being a hard requirement. socialButterfly wrote:Yes, I was thinking that even if we don't get together I wonder if he'd accept a FWB relationship. I'm the type that only wants to sleep with someone I know and enjoy being around (no strangers). I just found his lack of friends really surprising considering how likable he is.  It's not necessarily a bad thing, it's just for me personally, I like my space. I like when a guy has friends to drag him off sometimes and give me space. Seriously; go hit that.   Get off of this site, go out to lunch/dinner with the guy and let the rest happen. socialButterfly wrote:True. I don't hate shy guys. It's just that I'm shy as well so I want a guy to lead the conversation sometimes. With this guy in particular, I'm always the one talking about myself or driving the conversation along while he just responds. I don't mind a shy guy as long as the conversation is interesting. I misspoke. Fair enough.   Just keep in mind; we men aren't handed an instruction manual on how to approach women.   Likewise we typically don't know how to read when a woman is interested in us either. socialButterfly wrote:By tiny goals, I meant really tiny. I even told him, my goals after graduating are to finish watching a show I started but never finished, finish an art project I put on hiatus, and get a boyfriend. He still told me that he had no such goals and he has done nothing since the last time I saw him. I went to his graduation party last semester. He lives with his family. He doesn't seem motivated at all to get a job or do anything. He only even got his degree in Computer Engineering because his parents pushed him to. I only asked him about his goals because I was talking for a long time about what I was up to and I felt like it was time to shift the conversation to him. But I can't help but feel awkward about being around someone who doesn't want to do anything. I just want to hear that a guy is passionate about something. He sits around playing videogames and watching porn. Which I spend a lot of time doing as well so I can't fault him, it's just I do that to relax in my free time, in between doing something that makes me feel like my life has meaning. Since I met him 8 months ago that's all he's been doing. Goals shouldn't matter at all.  Your issue is that the guy bores you.  It's important that you understand the difference. Example: on paper, I am probably in incredibly boring person.   All I do is work, play video games, surf the web, cook and go to the gun range.  Any ""goals"" I develop are entirely dependent on what opportunities I have immediately available at the time.   However, this does not prevent me from joining in on someone else's adventures and improving them.   This is how I lasted 2 years with my ex, despite us having so little in common. socialButterfly wrote:I don't date anyone I don't know. If I'm going to get a boyfriend, I'm going to befriend him first. And sorry, I shouldn't have called him incel since he doesn't really fit the term. I've been listening to him complain about his virginity and body issues so I completely forgot that he turned me down when I not-so-subtly asked if I could be his girlfriend. In highschool he was chased by this tall, hot blonde and she asked him to the prom (I saw the prom pictures so I know she was hot). But he turned her down after the prom. He also had some Japanese girl interested in him and they made out on his bed but he couldn't take it further. He's definitely love shy, not incel or incel because of extreme love shyness. He has some issues with his sub-par looks and his body (he's very skinny). I invited him swimming but he didn't want to come because he doesn't want to take off his shirt in front of me. I don't know why the other girls were chasing after him but I asked him if we could be friends because I found that we had a lot in common and that talking to him was fun. I became friends with him hoping it would turn into something more. Later on, I realized that he had absolutely no goals in life (as we discussed), so in addition to the wilting flower thing I mentioned  where no matter how many genuine complements I gave him, he just couldn't stop criticizing himself and being a downer, in the end, I'm glad we didn't go out. I became friends with his friend because he hangs out with him a lot so it was unavoidable. He's been making obvious passes at me but he's not my type (although he's better looking than Mr. Loveshy). He's definitely incel, not loveshy though (I don't know why, he's not bad-looking) (And he has a bigger dick) (I only know that because I asked Mr.Loveshy to tell me his size and Mr.Friend texted me a CLOTHED pic of his boner in response to a joke) (He offered to send an unclothed pic. I said no.) (What is  it with you guys and dick-pics?). (They're both 23 year old virgins). - Regarding friends/vs dating: For you, I could see your strategy working since you seem to interests that are popular among men.  Most other women would fail miserably at this since they tend to make terrible friends. - Regarding your Love-shy guy:  Did you ever flat out tell him you were romantically interested in him?   Sometimes, that's the kick in the pants a shy guy needs. - Regarding dick pics.   That would be our friends ""lack of inhibition"" and ""social conditioning"".   ...Or as Stannis puts it ""Being base and frivolous"".   Not all men do this although it's unsettlingly common. socialButterfly wrote:That's why I put ""nice"" in quotes. I meant guys who complain that no girl wants him, even though he's ""nice"". To me, a truly nice guy wouldn't say that. They remind me of 12 year olds who complain that their mom didn't buy them the game they wanted for Christmas even though they've been on their best behavior, washing dishes and cleaning their room. I'm weary of guys that are only nice to you because they think they'll get laid. Being ""nice"" is not hard at all. Literally everyone can do this. Name one person on this planet who cannot be ""nice"" if they wanted something. I like the real nice guys. The guys you catch doing something nice for someone when they don't know you're watching and who never bring it up or ask for a reward or recognition. The niceness that is purely motivated by their desire to see you well and succeed. Assholes and jerks can just go screw themselves.  The idea of a ""real"" nice guy in dating is a fantasy.   Sure; generous men exist,  but you cannot deny that due to the fact that men date for sex, we alter our behaviors from what you'd expect outside of dating. Dating itself is basically a business transaction and by ""advertising"" and ""selling"" their ""goods"", women (by and large) encourage this ""nice guy"" behavior.   As such, there are many guys who know for a fact that most women will not give them the time of day so they go out of their way to lay it on thick with compliments and favors.   In the end, they're no different than the other men who are out to buy your attention.   They're just a bit more obvious about it. socialButterfly wrote:Non-con is just one of my fetishes. I know it's weird, your WTF face is justified. However, if someone tried to rape me in real life I would beat the shit out of him and sic the cops on him. My fetish is just a fantasy, it has nothing to do with real life. I tried to make it clear that I realize that this particular preference of mine is unreasonable. I know you guys are horrible at reading the ""mood"" (whatever that  is), there have been studies that show that men aren't as adept at women at that kind of thing. But I don't care how good looking, wealthy, or popular a guys is, if he tries something non-con while I don't know him, he's going to get arrested. But, only if he tries to physically force me to do something after I clearly said no. I don't believe in overreacting to a guy who fails to read the mood right or for simply saying something sexual. He'd have to keep going after I said ""no, don't do that"" for me to get mad at him.  One guy texted me apologizing after we had hung out at the movies because he had wrapped his arms around me from behind unexpectedly when we were horsing around. I told him that if I didn't like it, I would tell him. No harm done. So yes *sigh* this is just an unreasonable dream of mine to have a romantic moment like Han Solo and Princess Leia when he grabbed and kissed her. He did that because he KNEW she liked him, even though she denied it. Now guys are too scared to try something like that. I blame fucking feminists! Give me back my butt poses and slutty outfits in video games!  Be very careful about trying to fulfill this fantasy of yours.   You may scare away good men who may think you might try to get them arrested.   (I personally turn down BDSM/non-con type women) Or you might find a guy who doesn't know when to stop.   If you encourage rapey behavior, it's only a matter of time before you get what you're asking for and not in the way you want. socialButterfly wrote:Er. Sorry to bring up a sore subject. Yeah, really, the guy would have to be so attractive that just looking at him would be entertaining and never get dull. I've never seen someone that attractive. That's why I was saying, that's probably not going to be the case and I'd never be with someone purely for their looks. I want to have fun and enjoy life. Being with my boyfriend should be fun. I don't see how looks has anything to do with that. Money I get. You can do fun things with money (but it's not everything). Sigh. How I wish guys would just get our spy code. I'm afraid of rejection as well, though I suppose I have less to lose if things go wrong. (Guys....don't call the cops on women.........do they?) I'm love shy though. So I'll only be able to do that as a last resort. For example if we went on a hundred dates, I slather him with sexy looks and innuendo, I ""accidentally"" feel him up twenty times and if he still doesn't get it..... last resort!   I admit, I like the social norm that men have do all the initiating because I'm selfish. But, can you blame me; you want women to do all the work. If you want men and women to meet each other halfway, then I can respect that. Anyway, thanks for the chat! It gave me a lot to think about. Not sore.   Just a little irritated.   This is my past so I'm long since over it. - Regarding spy codes;  we're dealing with hundreds (if not thousands) of years of social conditioning.  Even still, women could stand to make the process of DSR suck less by just saying what's on their minds. - Regarding women having less to lose; currently, the law only seems to hold women accountable for child molestation and at a significantly lighter penalty than men.   In a world where no one cares that men get raped in prison, rest assured; you (as a woman) will most likely never be arrested for sexually ""harrassing/assaulting"" a man. - Regarding selfishness; this is not to be applauded but at least you're aware of your behavior; which is more than I can say for most people in the 21st century.",./viewtopic.php?f=4&t=29852
201,socialButterfly,2019-06-23 18:13:40.382681,2017-12-17 09:34:00,596020,[],2017-08-26 00:41:00,[],24,202,New Poster," Actually. On the day of our last final, we had decided to meet up and study with a group of 4 other guys. I woke up that day and realized that this is the last day that I would have to see him. I decided that I want to give him a hug (I'd never touched him before), snap his photo because my contact pic of him is still the default, and let him know that I still wanted to keep in contact with him after I graduate. After I had decided this, I could not stop from feeling incredibly giddy. As I was going up to our meeting place, I had pains in my chest and stomach and I was so very nervous. But before I could get the chance to hug him (thus breaking the ""touch barrier"" between us) he actually hugged me first and congratulated me (he still has one semester left before he graduates). After that while we were studying with the guys I tried so very hard but I couldn't keep from casually touching him on the shoulder or getting really close to him when he wanted to point out something to me. When everything was over and we had our last chat after the finals, I went home and crashed into bed, exhausted from all the studying. I had the weirdest dream where I confessed my feelings for him and we started making out, he wanted to have sex but being the way I am, I was too nervous about it. But he stopped and said that he would wait until I was ready. That was sweet but I got really horny and changed my mind.    Too bad I woke up before anything happened. I then spent the rest of the night rolling around in bed, thinking about him and calling out his name in my head. Ohhhh I've got it bad.    I don't know if everything is going to work out in the end but I have to try. He's going to Cali to be with his family over the holidays but I'm going to pounce him when he gets back. (Not really, ahem I will ask him to a movie or something). Oh sorry, by boyfriend I meant husband/SO. I'd never ask someone I was dating casually or a friend for a loan / to invest in my business. He would also benefit if my business works out (which I believe it will  and if it doesn't I would find a way to pay him back) But I'm also pretty crazy about this business right now and want it to succeed so I'm just thinking of every possibility. Most likely I will fund it on the side myself with my Computer Science degree salary. I don't like relying on others (it's not something I can easily fund on my own but it's possible). My goal is to have a business that runs itself so we work for ourselves and can spend more time together rather than working to make someone else rich. cerebral_barrier wrote:Seriously; go hit that.   Get off of this site, go out to lunch/dinner with the guy and let the rest happen. I've got some things to take care of first (my graduation ceremony for one thing) and I'm sure my heart will burst and I'll die if I go on a date with him but I'll try. cerebral_barrier wrote:Goals shouldn't matter at all.  Your issue is that the guy bores you.  It's important that you understand the difference. Example: on paper, I am probably in incredibly boring person.   All I do is work, play video games, surf the web, cook and go to the gun range.  Any ""goals"" I develop are entirely dependent on what opportunities I have immediately available at the time.   However, this does not prevent me from joining in on someone else's adventures and improving them.   This is how I lasted 2 years with my ex, despite us having so little in common. *Sigh* I think you're right and I did not want to admit it. We had such great conversations (well it was still mostly him responding to things but his responses were interesting) in the beginning but I've definitely gotten bored. I think the reason I didn't want to admit it is because I have a ton of hobbies. I would get really into a particular thing but then lose interest not soon after. I'm afraid that I'm like that with people as well. I don't want to think that even when I get a boyfriend that no matter how amazing it is at first and how much I'm in love with him that I will eventually get bored. That's too sad to even think about. cerebral_barrier wrote:- Regarding friends/vs dating: For you, I could see your strategy working since you seem to interests that are popular among men.  Most other women would fail miserably at this since they tend to make terrible friends. - Regarding your Love-shy guy:  Did you ever flat out tell him you were romantically interested in him?   Sometimes, that's the kick in the pants a shy guy needs. - Regarding dick pics.   That would be our friends ""lack of inhibition"" and ""social conditioning"".   ...Or as Stannis puts it ""Being base and frivolous"".   Not all men do this although it's unsettlingly common. Um, I believe I told him that I had ulterior motives when I befriended him and that I hoped to be the most important person in his life in the future (I just could not say the word ""girlfriend""   ) He said that only one person could hold that spot - his future girlfriend/wife. I said yes, that's what I'll aim for. There was no way he could have misunderstood, right? He said, ""Uh, you should leave your options open"". OUCH. It hurts just to remember.    I know I should have been more upfront about it but saying ""heyy, can I be your girlfriend"" and hearing ""no"" would have absolutely crushed me. This was the first time I had ever confessed to someone. So I cried about it for about three days and then I was over it. We're still friends though (which I'm not sure is a good thing) and we're going out for BBQ to celebrate my graduation. cerebral_barrier wrote:The idea of a ""real"" nice guy in dating is a fantasy.   Sure; generous men exist,  but you cannot deny that due to the fact that men date for sex, we alter our behaviors from what you'd expect outside of dating. Dating itself is basically a business transaction and by ""advertising"" and ""selling"" their ""goods"", women (by and large) encourage this ""nice guy"" behavior.   As such, there are many guys who know for a fact that most women will not give them the time of day so they go out of their way to lay it on thick with compliments and favors.   In the end, they're no different than the other men who are out to buy your attention.   They're just a bit more obvious about it. The guy I currently like is a nice guy. I'm sure of it. I've begun to realize what I like about him since making the first post on this thread. One of the reasons he's so popular is that he helps everyone at the college. He gets along with the students and teachers and is always there if you need anything. (He *ahem* also often gets homework answers in return but eh, he's adorable so I don't care). He once helped a guy out with his project over the phone while he himself was in the hospital. I think that's what attracted me to him. He treats everyone nicely, not just me. And, he criticized me when I was doing something inadvertently that he didn't think was very nice (I agreed and immediately corrected my behavior). This might be totally wrong of me but I speculate that he doesn't think I'd ever be romantically interested in him because of our age gap. So he doesn't preen around me. But, I also think that recently, he has noticed my um...fondness for him and he's been ""testing"" me. He mentions something about himself such as his two DUIs, his friendlessness, and the fact that he's a ""pothead"" and looks at me immediately for my reaction. How cute. cerebral_barrier wrote:Be very careful about trying to fulfill this fantasy of yours.   You may scare away good men who may think you might try to get them arrested.   (I personally turn down BDSM/non-con type women) Or you might find a guy who doesn't know when to stop.   If you encourage rapey behavior, it's only a matter of time before you get what you're asking for and not in the way you want. I'm sorry but everything you said after ""Or"" just made me wet. But I'll take your advice. It's not like I expect my boyfriend to play along with my strange fetish if he doesn't want to and I can have sex normally. I have a confession to make that will probably scare you even more: I'm a sadist (not a masochist). I enjoy when men are in pain. You guys are sooo sexy when you scream in pain, you have no idea. But, I'm talking about physical pain ONLY. I don't enjoy when men are depressed, frustrated, or crying (from mental pain). (I've heard before that men are uncomfortable around crying women, well I feel the same around crying (from mental pain) men). When I see a guy that's depressed, I just want to cheer him up. So I don't understand women that like to play with men's feelings. It's sick. I don't understand it at all. Is it some weird fetish? Rape, some weird power play over men where you fuck with their feelings, and other harmful fetishes should be restricted to porn (acting), video games, novels and other fictional mediums only. That's one reason why they exist, to live out fantasies that would be impractical, impossible, harmful to others, illegal, or downright dangerous in real life. That's why I'm so against the feminist agenda to censor everything. Some people need their outlets. I really don't care what crazy thing you're into as long as it doesn't hurt real people (and it's not pedophilia because come on, that's just messed up). I also like multiple guys at once (gangbang / gangrape) but that's the last of my strange fetishes, I swear.   Oh, but I don't like to be the cause of men's pain so no BDSM / whips or anything like that. Just that I reaaaally enjoyed that scene where Emperor Palpatine was electrocuting Luke. (God I'm so weird) cerebral_barrier wrote:Not sore.   Just a little irritated.   This is my past so I'm long since over it. - Regarding spy codes;  we're dealing with hundreds (if not thousands) of years of social conditioning.  Even still, women could stand to make the process of DSR suck less by just saying what's on their minds. - Regarding women having less to lose; currently, the law only seems to hold women accountable for child molestation and at a significantly lighter penalty than men.   In a world where no one cares that men get raped in prison, rest assured; you (as a woman) will most likely never be arrested for sexually ""harrassing/assaulting"" a man. - Regarding selfishness; this is not to be applauded but at least you're aware of your behavior; which is more than I can say for most people in the 21st century. - It will be hard (being cryptic is something encoded into our biology haha), but I will try my best  (I'm kidding of course, I'm sure some women are very straight-forward) - That saddens me but thanks for letting me know - A lot of it has to do with my dad. He's the most dishonest scumbag you have ever met on this planet and his utter lack of self-awareness could win him a gold medal in the ""head up their own arse"" Olympics.    It scares me that someone could be that out-of-touch with reality concerning who they are. As a result, I always try to analyze, criticize, and better myself. So I will be less cryptic and approach more rather than waiting to be approached because I do empathize with men when they say it's scary to approach women (after all, I find it scary to approach men). I think what you said about truly nice guys (in the way I described in my last post) is true. For the most part, we all have selfish tendencies and there are few if any truly selfless people in the world. However, I believe we can control our selfish tendencies and become better people if we are willing.",./viewtopic.php?f=4&t=29852
202,teppolundgren,2019-06-23 18:13:40.382716,2017-12-21 07:46:00,596153,[],2017-12-19 07:22:00,[],39,203,Poster,"I don't disagree with you. Social skills are vital when it comes to dating. And meeting people in general. But speaking for myself, I'm socially awkward BECAUSE I'm unattractive. I've never felt attractive or good enough, so I've always stayed at home, hiding away from the world. And how can anyone develop social skills if they don't socialize? So yeah, one thing feeds another. You want to date, but you need social skills. And you can't get social skills because you feel unattracive, so you can't get a date. Catch-22. Merry Christmas! ",./viewtopic.php?f=4&t=29852
203,cerebral_barrier,2019-06-23 18:13:40.382780,2017-12-24 22:06:00,596256,"[596020, 596020]",2010-04-27 07:08:00,[],2868,204,Elite Contributor," Yeah;   Definitely make a move on this guy.   First rule of love-shyness; Opportunity only knocks for so long.   I know you'd feel like crap if he showed up with some other woman on his arm because you waited too long.   The guy may be testing you because he's having trouble believing that someone half his age can have the hots for him. Go handle your business. socialButterfly wrote:*Sigh* I think you're right and I did not want to admit it. We had such great conversations (well it was still mostly him responding to things but his responses were interesting) in the beginning but I've definitely gotten bored. I think the reason I didn't want to admit it is because I have a ton of hobbies. I would get really into a particular thing but then lose interest not soon after. I'm afraid that I'm like that with people as well. I don't want to think that even when I get a boyfriend that no matter how amazing it is at first and how much I'm in love with him that I will eventually get bored. That's too sad to even think about. Points for understanding this concept.   Double points for admitting to it. My observation has been that women (by and large) tend to be on an endless search for new sensations.   This is why damn near every woman lists going out, eating out and traveling as their favorite things to do on their dating profiles.   I find it ironic how women (in general) can be so obsessed with the future (marriage, children, the ""goals"" of their significant other) and punish their men for not going along with their agenda for the future.   Meanwhile, the instant their man stops providing new and interesting experiences, poof!   ...they're gone with the wind. Now that you understand how this issue relates to you specifically, it's up to you to do what it takes to entertain yourself and bring whatever guy you choose along for the ride. socialButterfly wrote:Um, I believe I told him that I had ulterior motives when I befriended him and that I hoped to be the most important person in his life in the future (I just could not say the word ""girlfriend""   ) He said that only one person could hold that spot - his future girlfriend/wife. I said yes, that's what I'll aim for. There was no way he could have misunderstood, right? He said, ""Uh, you should leave your options open"". OUCH. It hurts just to remember.    I know I should have been more upfront about it but saying ""heyy, can I be your girlfriend"" and hearing ""no"" would have absolutely crushed me. This was the first time I had ever confessed to someone. So I cried about it for about three days and then I was over it. We're still friends though (which I'm not sure is a good thing) and we're going out for BBQ to celebrate my graduation. Two possibilities...  - He had mental hangups that no amount of overt signalling could overcome.  - He wasn't into you. Either way, it's time to move on and go get that first guy. socialButterfly wrote:The guy I currently like is a nice guy. I'm sure of it. I've begun to realize what I like about him since making the first post on this thread. One of the reasons he's so popular is that he helps everyone at the college. He gets along with the students and teachers and is always there if you need anything. (He *ahem* also often gets homework answers in return but eh, he's adorable so I don't care). He once helped a guy out with his project over the phone while he himself was in the hospital. I think that's what attracted me to him. He treats everyone nicely, not just me. And, he criticized me when I was doing something inadvertently that he didn't think was very nice (I agreed and immediately corrected my behavior). This might be totally wrong of me but I speculate that he doesn't think I'd ever be romantically interested in him because of our age gap. So he doesn't preen around me. But, I also think that recently, he has noticed my um...fondness for him and he's been ""testing"" me. He mentions something about himself such as his two DUIs, his friendlessness, and the fact that he's a ""pothead"" and looks at me immediately for my reaction. How cute. There's a line in the musical play, ""Wicked"" where the titicular character Elphaba (the witch) asks, ""Was I really seeking good, or just seeking attention?""   This is an existential question that anyone who considers themselves a ""good"" person really needs to ask.  It took  me over 30 years of wanting to play the good guy to realize that good and bad do not exist.  Everyone who personally knows me sees me as generous and kind but they also knows that I have the same capacity for ruthlessness and cruelty as the worst villains.   As a self-aware mind, I can honestly say that I do ""good"" things because, it benefits me (either directly or indirectly).   Sometimes the benefit is in good will or positive emotions only.   In contrast, I avoid doing ""bad"" things because I'm not interested in having to deal with the consequences for those things if my actions are ever discovered. This is not to say that your guy is ""bad"" or ""not nice"" but the fact is; you have no way of truly knowing what a nice guy is compared to a ""nice guy"". On he can know for sure and your only clue is how obvious the guy makes it. socialButterfly wrote:I'm sorry but everything you said after ""Or"" just made me wet. But I'll take your advice. It's not like I expect my boyfriend to play along with my strange fetish if he doesn't want to and I can have sex normally. I have a confession to make that will probably scare you even more: I'm a sadist (not a masochist). I enjoy when men are in pain. You guys are sooo sexy when you scream in pain, you have no idea. But, I'm talking about physical pain ONLY. I don't enjoy when men are depressed, frustrated, or crying (from mental pain). (I've heard before that men are uncomfortable around crying women, well I feel the same around crying (from mental pain) men). When I see a guy that's depressed, I just want to cheer him up. So I don't understand women that like to play with men's feelings. It's sick. I don't understand it at all. Is it some weird fetish? Rape, some weird power play over men where you fuck with their feelings, and other harmful fetishes should be restricted to porn (acting), video games, novels and other fictional mediums only. That's one reason why they exist, to live out fantasies that would be impractical, impossible, harmful to others, illegal, or downright dangerous in real life. That's why I'm so against the feminist agenda to censor everything. Some people need their outlets. I really don't care what crazy thing you're into as long as it doesn't hurt real people (and it's not pedophilia because come on, that's just messed up). I also like multiple guys at once (gangbang / gangrape) but that's the last of my strange fetishes, I swear.   Oh, but I don't like to be the cause of men's pain so no BDSM / whips or anything like that. Just that I reaaaally enjoyed that scene where Emperor Palpatine was electrocuting Luke. (God I'm so weird) I'm not here to judge.   Everyone has their kinks.  ...Just don't get your future BF arrested  socialButterfly wrote:- It will be hard (being cryptic is something encoded into our biology haha), but I will try my best  (I'm kidding of course, I'm sure some women are very straight-forward) - That saddens me but thanks for letting me know - A lot of it has to do with my dad. He's the most dishonest scumbag you have ever met on this planet and his utter lack of self-awareness could win him a gold medal in the ""head up their own arse"" Olympics.    It scares me that someone could be that out-of-touch with reality concerning who they are. As a result, I always try to analyze, criticize, and better myself. So I will be less cryptic and approach more rather than waiting to be approached because I do empathize with men when they say it's scary to approach women (after all, I find it scary to approach men). I think what you said about truly nice guys (in the way I described in my last post) is true. For the most part, we all have selfish tendencies and there are few if any truly selfless people in the world. However, I believe we can control our selfish tendencies and become better people if we are willing. Being self-aware is a wonderful thing.   It allows you to recognize negative behaviors in others, compare them to your own, assess your own behaviors and habits then adjust them accordingly.    Have a good holiday then go get that guy!",./viewtopic.php?f=4&t=29852
204,SuperJeff,2019-06-23 18:13:40.382809,2018-05-08 23:38:00,600128,[],2013-11-07 22:25:00,[],2205,205,Elite Contributor,"Search on these Google or Bing search Engines about the Incel Movement, or under ""News"" and it says that Incel/Love-Shy Men have the wrong psychological attitude, they say  no one should feel entitled to Sex, that Women don't deny Incel men Sex, but that certain Men because they are socially awkward etc, have difficultly getting dates and getting laid, that we need to Improve ourselves, that our View towards Sex & Relationships is distorted, that the Self-Worth of a person is Not how many people they are having Sex with , etc",./viewtopic.php?f=4&t=29852
205,Reanimated,2019-06-23 18:13:40.382839,2018-05-10 07:53:00,600146,[],2014-06-16 04:38:00,[],959,206,Contributor,I'm not reading 15 pages of nonsense.  The bottom line is looks are EVERYTHING.  /thread,./viewtopic.php?f=4&t=29852
206,SuperJeff,2019-06-23 18:13:40.382864,2018-05-12 19:10:00,600202,[],2013-11-07 22:25:00,[],2205,207,Elite Contributor,"It's about personality also, who is right ?",./viewtopic.php?f=4&t=29852
207,incel200,2019-06-23 18:13:40.382895,2018-05-13 10:51:00,600209,[600128],2011-10-30 23:38:00,[],1179,208,Super Contributor," Yeah, because non-incel guys are all feminist saints, who never feel entitled sex and never objectify women. I'm not sure how feminists explain all the gang members, wife beaters, criminals and general scum who have no problem getting laid. I suppose if reality disagrees with feminist dogma, reality must have got it wrong.",./viewtopic.php?f=4&t=29852
208,incel200,2019-06-23 18:13:40.382921,2018-05-13 10:54:00,600210,[600202],2011-10-30 23:38:00,[],1179,209,Super Contributor," It is about status, not personality. A guy who is high status can be the biggest shit in the world and basically use women as, an emotional and sometimes physical, punching bag; yet have a queue of women waiting to be mistreated. The advice you get from women is worthless, because they won't admit their own nature. The advice women give is based on how they would like to be, not how they actually are.",./viewtopic.php?f=4&t=29852
209,silvereagle,2019-06-23 18:13:40.382952,2018-05-14 17:20:00,600231,[],2017-06-01 06:49:00,[],358,210,Poster,"Guys can only take advice from guys, and vice versa. It's laughable women lecturing incel guys on how they should behave, when they go for jerkoff chads. Look at what women do when they hook up with men,  and WHO THEY HOOK UP WITH, not what they say. And the same applies in reverse. Men can't lecture women on how to get guys, look at who those (desirable) guys hook up, what do those women do, and yes what do those women look like. Like lions and dolphins trying to have a conversation, giving each other advice on predation and mating. Sure they may both be mammals, but they live in different environments/mediums entirely.  An additional point is the difference between generations. Whilst many fundamental things between men and women never change, in our mad world, there is constant changes in generational attitudes to music, clothing and permanently marking your body with tats (which I don't get at all), other things. Even if I were 18 years old again, and could start over, I mean be 18 today (not 1988 when I was 18), I wouldn't know how to even fake conversation with a girl of 18. I mean the generation gap is real. So even a middle-aged player - who may have been cool in his youth - is left behind by the multiple changes wrought in our society over the last 20 years, and can't exactly give cutting-edge advice to frustrated teens and twentysomethings today. Albeit maybe I exaggerate things here. I don't know. Just speculating...",./viewtopic.php?f=4&t=29852
210,SuperJeff,2019-06-23 18:13:40.382977,2018-05-15 01:29:00,600242,[],2013-11-07 22:25:00,[],2205,211,Elite Contributor,"Is it a combination of Looks, Social Awkwardness, Personality Problems, Rotten Luck, Online Articles about Incels say we have the Wrong Attitude & Personality & Point of View, so who is right ?",./viewtopic.php?f=4&t=29852
211,The Geek,2019-06-23 18:13:40.383009,2018-05-16 18:13:00,600276,[600231],2010-09-26 21:28:00,[],755,212,Contributor," THIS! Dating is not about what you DO, its about what you ARE.  It is not a question of doing or saying ""the right things"". Your actions matter only if she already likes your LOOKS but if you are UGLY there is no way you are going to impress her and make her like you in a romantic way.",./viewtopic.php?f=4&t=29852
212,Fairly shy,2019-06-23 18:13:40.383038,2018-05-18 12:35:00,600301,[595937],2009-08-09 17:37:00,[],1407,213,Super Contributor," I broke out of being LS with a very shy girl. It can work wonderfully, but it does take some time. The thing is, our relationship started out incredibly formal - we shook hands after our first 'date' - nothing more. For a while we would meet up and play chess in her room (at university) but do nothing more. The crucial thing is not to try to jump out of being shy and suggest something that your partner isn't ready for. It took weeks (and a number of dates) to get to our first kiss. Before that I once asked her for a kiss, but she said ""No!"" in an embarrassed sort of way. That really threw me, but I apologised without knowing why I should! Later I learned that she thought a kiss should be given without asking - something I would never have dared do! The important thing was that we kept meeting, and the chemistry kept working. We got there in the end    FS",./viewtopic.php?f=4&t=29852
213,SuperJeff,2019-06-23 18:13:40.383063,2018-05-21 21:28:00,600332,[],2013-11-07 22:25:00,[],2205,214,Elite Contributor,"I just had one real girlfriend in my entire life, I am worried I will never find love again, Never Find another girlfriend, Sex, I feel lonely, of course I want sex but also a new relationship, companionship, I try to go places to meet women and get a conversation going, but no luck yet,",./viewtopic.php?f=4&t=29852
214,SuperJeff,2019-06-23 18:13:41.060794,2018-06-07 19:04:00,600505,[],2013-11-07 22:25:00,[],2205,215,Elite Contributor,Also a Lack of Confidence,./viewtopic.php?f=4&t=29852
215,RaceKid222,2019-06-23 18:13:41.060871,2018-06-15 18:50:00,600629,[],2018-05-10 20:55:00,"[('https', 'discord.gg', '/cNyacE'), ('https', 'discord.gg', '/cNyacE')]",1,216,New Poster,I really think social akwardness is a hurdle and it can be overcome. myself and a group of likeminded individuals are working on a support discord for anyone looking to get over that akwardness. https://discord.gg/cNyacE,./viewtopic.php?f=4&t=29852
216,SuperJeff,2019-06-23 18:13:41.060913,2018-07-11 23:38:00,601055,[],2013-11-07 22:25:00,[],2205,217,Elite Contributor,"And on Social Media, like Facebook, Twitter, Instagram, etc,",./viewtopic.php?f=4&t=29852
217,SuperJeff,2019-06-23 18:13:41.060939,2018-07-11 23:39:00,601056,[],2013-11-07 22:25:00,[],2205,218,Elite Contributor,"Good vs Bad Social Skills, or lack of Social Skills, Loneliness is a Terrible thing,",./viewtopic.php?f=4&t=29852
218,BlackBart,2019-06-23 18:13:41.060984,2018-07-15 10:25:00,601117,[584867],2018-07-13 22:42:00,[],27,219,New Poster, I’d personally pass on the “20 somethin beauty queen”.  In my experience therein would reside a large amount of immaturity which I can do without.,./viewtopic.php?f=4&t=29852
219,SuperJeff,2019-06-23 18:13:41.061010,2018-07-20 20:29:00,601231,[],2013-11-07 22:25:00,"[('http', 'shynesssocialanxiety.com', '/girlfriend-shy/#1-Where-To-Meet-A-Girl'), ('http', 'shynesssocialanxiety.com', '/girlfri')]",2205,220,Elite Contributor,"Click on this Link, http://shynesssocialanxiety.com/girlfri ... eet-A-Girl",./viewtopic.php?f=4&t=29852
220,SuperJeff,2019-06-23 18:13:41.061036,2018-07-23 23:26:00,601267,[],2013-11-07 22:25:00,[],2205,221,Elite Contributor,We should all go out and socialize more,./viewtopic.php?f=4&t=29852
221,SuperJeff,2019-06-23 18:13:41.061064,2018-07-23 23:29:00,601269,[],2013-11-07 22:25:00,[],2205,222,Elite Contributor,"That's what I was about to say, Internet, Many people say social media is making people far less social in real life",./viewtopic.php?f=4&t=29852
222,SuperJeff,2019-06-23 18:13:41.061089,2018-07-25 21:28:00,601305,[],2013-11-07 22:25:00,[],2205,223,Elite Contributor,And be More Friendly,./viewtopic.php?f=4&t=29852
223,silvereagle,2019-06-23 18:13:41.061122,2018-07-26 16:04:00,601316,[601267],2017-06-01 06:49:00,[],358,224,Poster," We have been through this before, on this forum. Socialize how, in what way? You can't just insert yourself into normal looking womens' orbits, unsolicited. So many posters have pointed out that even when you try to get to know women who are not ugly, in an unnatural 'natural' way, such as at a tennis club, the gym, a cooking class, never mind something even more contrived, such as at a coffee shop or a bar; if you are not attractive to start with, or at the least have some alpha male traits that women can pick up on, you are basically fucked. As in not fucked. You will get nowhere. The best case scenario is polite rejection, the worst you will be told to fuck off in no uncertain terms. If you are okay looking but psychologically suffer from a hundred neuroses that it's all you can do to pretend to be semi-sane (in my case), you can forget about just sweeping that all under the carpet like you are not completely fucked up, as if it doesn't matter, as if you can just reinvent yourself like magic. Life is not a fantasy novel or fantasy film. Once you are older than 45, it gets even harder, because even with the most innocuous conversations with young women, you are in danger of coming across as an icky creep. And good luck finding even a few available women over 40, who are still at the least semi-fuckable.",./viewtopic.php?f=4&t=29852
224,Fairly shy,2019-06-23 18:13:41.061148,2018-07-26 22:28:00,601318,[601267],2009-08-09 17:37:00,[],1407,225,Super Contributor," That is something my mother might have told me, and bless her, it wouldn't have been any use! As Silvereagle says, that advice really don't turn into anything practical. That is why I strongly recommend any of the dating schemes that let you meet one to one with a girl that wants to start a relationship with someone, and knows that you do too! That clears away a lot of emotional clutter before you even get going. Can you find a Lonely Hearts columns in any of the local newspapers for your area? It might be worth a try, so long as you dump the nonsense about only wanting a perfect looking girl! Go berserk on dating schemes - maybe join more than one, and stay on them, sending out messages every night. You will get a response if you keep going. FS",./viewtopic.php?f=4&t=29852
225,Coughmedicine,2019-06-23 18:13:41.061177,2018-08-07 15:03:00,601431,[],2018-08-04 19:17:00,[],29,226,New Poster,"It's usually a bit of both. If you find someone attractive you probably will excuse their bad behaviour more easily, but if they have a bad personality you will stop being attracted to them after a while/drop them. If you find someone charismatic/sympathetic/there is chemistry between you or whatever you can sort of doublethink yourself into finding them attractive. I've felt attracted to people who I found very ugly at first, but because I liked their personality I could find things in their appearance that I liked (Like a big nose for example can be attractive if you """" try"""" to be attracted to it, imperfections can be cute in a way) I don't know if most people are like that or if I'm just very desperate :') Women tend to be less attracted to looks than men though, I've heard.",./viewtopic.php?f=4&t=29852
226,SuperJeff,2019-06-23 18:13:41.061200,2018-08-11 23:39:00,601516,[],2013-11-07 22:25:00,[],2205,227,Elite Contributor,How do we define good social skills ?,./viewtopic.php?f=4&t=29852
227,cerebral_barrier,2019-06-23 18:13:41.061238,2018-10-17 23:33:00,603097,[601267],2010-04-27 07:08:00,[],2868,228,Elite Contributor,"   That's a good one!   Wait... you're serious?   Fuuuuuuuuu... Ok.   I can't speak for everyone but now that my transformation is nearing completion,  I have very little interest in socializing outside work.  Even then, I only do it to pass the time so that my day ends quicker and I can go home and have some peace.    Seeing people for what they really are under the surface dis-incentivizes me to interact with them.  Deep down, I know for a fact that most people who ""Like me"" only feel that way because of what I do for them.   I fix computers for a living and have a wide variety of other useful skills that make me resemble a sort of living Swiss army knife.  It's not hard to see why people want to know me; especially at my job.   But when I'm in an environment where I'm a complete unknown, no one gives two shits about me.   This goes double for female ""friends"".   I've removed all such women from my life as they've all invariably tried to get the benefits of having a boyfriend from me without ever having to reciprocate.  It would never have even occurred to them to be physically intimate with me. The few people who who are my friends for reasons other than my utility value, are the result of each of us observing each other's character from a distance over an extended period of time (we used to work together) followed by over 14 years of gradually accumulated trust and respect.  That sort of thing is depressingly hard to come by; especially as you age since all your free time seems to be sucked into a black hole.   I've had people try to become my friend due to their own insecurity. They'd follow me and my friends around like a puppy, trying to show off and manipulate me into liking them.   I see that behavior for what it is; a weak attempt to earn social proof at my expense.   I have no patience for that.   Other times, distance and work schedules get in the way of seeing people are actually pretty cool.   In my case, I actually let good people slip away if I don't hear from them for a while.   It doesn't help that I don't pay much attention to texts and emails and almost no one talks on the phone anymore...    TL;DR.  Some of us don't care to actively socialize, as we see it as a waste of time and energy trying to find and schedule time with the few decent people who come around maybe once every 10-20 years out of this crowd of 7.4 billion mindless shitheads.",./viewtopic.php?f=4&t=29852
228,SuperJeff,2019-06-23 18:13:41.061270,2018-10-24 21:08:00,603258,[],2013-11-07 22:25:00,[],2205,229,Elite Contributor,"I said to my Father, since because of my OCD illness, If I can never be Sucessfull or Happy with Women, and overall in this Life, at least when I ultimately pass away, at least in Heaven, Could God Please Give me the things I want and need and desire for my Sanity and Self-Esteem, at least that, at least that   Either could God hand it to me directly, and make me ""Normal"" tall, Thin, Handsome, Confident, no OCD,  so that in Heaven I can be able to obtain the things that I want & need for my sanity and self-esteem, The Loneliness at times, and lack of a partner makes me physically sick at times,  Of course, even though I am a Christian I have doubts, I have wishful thinking that God will give me what I want and need & Desire in Heaven, I certainly hope & Pray God gives me what I desire, What I want, I want God to give me and others what I want, what we want, but I'll believe it when I see it ,  I hope God doesn't give me any baloney or excuses, If God said to me   ""Jeff is it my fault you could rarely get what you wanted in Life"" I would reply   ""Well how could I have succeeded, I had the Crippling Debilitating Devastating OCD, was born into a Horrible Heredity and environment, dysfunctional family, the not so attractive looks, etc, so Lord how could I have succeeded in Life, the odds were too highly stacked against me, Not everyone can overcome such hardships in life, some can, but most can't""  I said to my dad, I swear to God, I'm sick of this shit, rarely getting Women, I hope God gives me and other Less Fortunate people what we want & Need in Heaven, when we ultimately pass away ,      Perhaps myself and other Less Fortunate People, we are NOT ""Losers, or Pathetic, or Failures"" Just  Less Fortunate,  we can't help being screwed up, perhaps it is our Destiny & Fate to fail in this life, and that's one thing, but at least in Heaven, Everyone who is in Heaven, should be Able to Get what they want , at least that,   No one deserves to be Miserable or Lonely forever",./viewtopic.php?f=4&t=29852
229,Reanimated,2019-06-23 18:13:41.784261,2018-11-04 06:46:00,603417,[],2014-06-16 04:38:00,[],959,230,Contributor,"You only know what you see You don't understand what it takes to be me Since I was 4 years old, I been told, everything that glitters ain't gold And now that I've arrived I see those truths unfold before my eyes in this world so cold I hate all girls with ulterior motives That's why I'm 20+ years old, no sons no daughters",./viewtopic.php?f=4&t=29852
230,incel200,2019-06-23 18:13:41.784315,2018-11-04 10:56:00,603424,[601431],2011-10-30 23:38:00,[],1179,231,Super Contributor," Wrong, women are more shallow about looks, if you ignore feminist propaganda and look at the real world. The minimum standards women have to meet to have a sex life are a joke. A short obese women will have no problem getting sex consistently. A guy has to be exceptionally good looking to get the same.",./viewtopic.php?f=4&t=29852
231,Terdle,2019-06-23 18:13:41.784352,2018-11-05 02:24:00,603448,[603424],2018-10-24 22:01:00,[],50,232,Poster, I'm not good looking and i have a good sex life... so there goes that theory..  ,./viewtopic.php?f=4&t=29852
232,Reanimated,2019-06-23 18:13:41.784389,2018-11-05 13:07:00,603462,[603424],2014-06-16 04:38:00,[],959,233,Contributor, So what made you join this site if you're successful with women?,./viewtopic.php?f=4&t=29852
233,Terdle,2019-06-23 18:13:41.784426,2018-11-06 06:32:00,603471,[],2018-10-24 22:01:00,[],50,234,Poster,"When it's about lust, i have no issue dealing with women. But when it's romanticly motivated i crash and burn.",./viewtopic.php?f=4&t=29852
234,SuperJeff,2019-06-23 18:13:41.784460,2018-11-19 20:49:00,603754,[],2013-11-07 22:25:00,"[('https', 'www.yourtango.com', '/2018319012/incel-meaning-and-what-the-incel-movement-wants'), ('https', 'www.yourtango.com', '/2018319012/in')]",2205,235,Elite Contributor,"Many Online Articles by Mostly ""Normal"" People and some ex-Incels, say the Problem with Incels & Love-Shys is that they have a Warped view of Reality,  they say that we are Socially Awkward and/or Psychologically Messed up, and that they should Not be blaming Women or Society for their Failures, that the causes of our failures is ourselves, being socially awkward, etc, having a poor self-image, a fatalistic self-defeating, defeatist attitude , etc, a Negative attitude, etc  they point out that even many women have trouble getting Sex and Love, these articles claim Incels actually choose to be Incel, could it be consciously or subconciously ? that some Incels actually choose to be Incel, ? I'm not sure who or what to believe anymore, they say websites such as Love-Shy.com are Toxic,Poisonous, filled with Self-Hate & Self-Pity, These websites point out that even many ugly guys get Sex and girlfriends at times, see this Article,  https://www.yourtango.com/2018319012/in ... ment-wants",./viewtopic.php?f=4&t=29852
235,SuperJeff,2019-06-23 18:13:41.784493,2018-11-19 20:51:00,603755,[],2013-11-07 22:25:00,"[('https', 'www.psychologytoday.com', '/us/blog/minority-report/201804/the-incel-involuntary-celibacy-problem'), ('https', 'www.psychologytoday.com', '/us/blog')]",2205,236,Elite Contributor,"Is here,          https://www.psychologytoday.com/us/blog ... cy-problem                                                                                                                                                                                they say it's not society that rejects incels, but incels reject themselves,  these articles say No One is Entitled to Sex, or to anything, who or what should we believe ?",./viewtopic.php?f=4&t=29852
236,SuperJeff,2019-06-23 18:13:41.784524,2018-11-19 21:11:00,603760,[],2013-11-07 22:25:00,"[('https', 'www.doctornerdlove.com', '/trouble-with-incels/'), ('https', 'www.doctornerdlove.com', '/trouble-with-incels/')]",2205,237,Elite Contributor,"Good Article worth reading, https://www.doctornerdlove.com/trouble-with-incels/",./viewtopic.php?f=4&t=29852
237,Onceshy,2019-06-23 18:13:41.784556,2018-11-19 23:32:00,603768,[603755],2016-10-30 15:44:00,[],114,238,Poster, I recognize the writer's idea of self rejection caused by a bad self image.,./viewtopic.php?f=4&t=29852
238,SuperJeff,2019-06-23 18:13:41.784585,2018-11-20 00:12:00,603770,[],2013-11-07 22:25:00,[],2205,239,Elite Contributor,"I have been on this website for 5 years, how do I find all the posts and threads I posted since 2013 ?",./viewtopic.php?f=4&t=29852
239,SuperJeff,2019-06-23 18:13:41.784625,2018-11-20 00:18:00,603771,[],2013-11-07 22:25:00,[],2205,240,Elite Contributor,""" Incels’ inability to connect with others may stem from a lack of social skills. But when they abandon the pursuit of relationships in favor of long-winded posts about their anger toward “femoids,” one’s sympathy wanes. These men imagine themselves victims because they weren’t blessed with good looks, money or charm — attributes they claim women prefer over, say, a good personality (which I’m sure they could offer if only they could stop calling women selfish whores on all-male forums).""   -  What do we think ?",./viewtopic.php?f=4&t=29852
240,Fairly shy,2019-06-23 18:13:41.784661,2018-11-20 10:09:00,603777,[603754],2009-08-09 17:37:00,[],1407,241,Super Contributor," Well a casual reading of this site might well lead people to conclusions like that. That is the tragedy here - many men here feel enormously bitter about losing so much of their sex life, and they want to hit out at someone, but it is like hitting out at someone because you have cancer. Unfortunately those here who seem to want to turn being Love Shy into a political cause, are helping to fuel the idea that INCEL's are toxic, whereas in reality they are sufferers who need help. If I were a moderator here, I would ban the worst offenders. FS",./viewtopic.php?f=4&t=29852
241,Terdle,2019-06-23 18:13:41.784692,2018-11-21 07:48:00,603789,[],2018-10-24 22:01:00,[],50,242,Poster,"hear hear! But you're not, and there's no helping people that don't want help. They'll rather be toxic about everything.",./viewtopic.php?f=4&t=29852
242,TheCounter,2019-06-23 18:13:41.784726,2018-11-24 10:06:00,603820,[603424],2013-01-08 19:35:00,[],2772,243,Elite Contributor, Had a guy in my guild say some shit like this. Posted pics of himself and he was a 7/10,./viewtopic.php?f=4&t=29852
243,Restart80,2019-06-23 18:13:41.784794,2018-11-25 05:14:00,603824,[603754],2010-07-12 06:43:00,[],569,244,Contributor," Sounds like mostly bull shit to me. Being socially awkward -> No relationships -> Continue to be socially awkward -> Continue to have no relationships -> ... It's actually a really stupid, irrational reason to reject or not consider someone if going for something long-term where natural comfort will increase in time. The poster is right though. Looks are useless. Does it fucking matter if I am some fat 300lbs 5'5 guy, or 190lbs at 6'1? No, the difference is barely even noticeable. It's like the difference between cancer and fatal heart disease. If you're born autistic get ready to feel like KYS before age 30. It's just going to be inevitable after 12-15 years of relentless, worsening mental anguish with all the bull shit.",./viewtopic.php?f=4&t=29852
244,SuperJeff,2019-06-23 18:13:42.476323,2018-11-25 18:42:00,603832,[],2013-11-07 22:25:00,[],2205,245,Elite Contributor,"How do we define being ""Socially Awkward"" ?  Do Looks Matter ? I hate these ugly Jew looks I have,",./viewtopic.php?f=4&t=29852
245,SuperJeff,2019-06-23 18:13:42.476364,2018-12-11 00:19:00,604039,[],2013-11-07 22:25:00,[],2205,246,Elite Contributor,"And a Warped Distorted outlook on life and on Sex, and a Warped Distorted view of reality, that our Ugliness is only in our Minds, that Incel people just for the most part cry and do nothing pro-active to fix themselves, to get Sex Partners, that there are many unattractive, not rich, nerdy people who have Sex with Willing Partners, who are Not Sex Workers,  that Women can be Incel also, and often are, that Incel people are too Negative, and have poor self-image, did anyone read the Wikipedia Entry for Incel, There are More Articles being Written online all the time about the Incel situation in America & Worldwide,   Now, I don't consider myself ""Incel"" but I have some of the traits of it,  Incel is a Complex Psychological Problem , each case is different I think,",./viewtopic.php?f=4&t=29852
246,SuperJeff,2019-06-23 18:13:42.476395,2018-12-21 00:12:00,604160,[],2013-11-07 22:25:00,"[('https', 'en.wikipedia.org', '/wiki/Incel'), ('https', 'en.wikipedia.org', '/wiki/Incel')]",2205,247,Elite Contributor,"The entry is here, https://en.wikipedia.org/wiki/Incel   Many Articles have claimed people suffering from Incel problems are socially awkward, and have a warped view of reality and Sex, and that it's not really a looks problem, but a personality problem, that it's our outlook that causes us to fail",./viewtopic.php?f=4&t=29852
247,Restart80,2019-06-23 18:13:42.476431,2018-12-23 16:36:00,604207,[],2010-07-12 06:43:00,[],569,248,Contributor,"Our outlook could change if maybe we had 1 fucking relationship in our entire life. I'm just going to give it real concise here, for myself: Born with ASD, higher anxiety/sensitivity -> Went to high school in teens -> Taught men are evil -> Made my problem worse -> Never asked anyone out EVER -> Never had a relationship -> Hit 18-20 years old -> Confidence continued to deteriorate -> Started to assume I would never have a relationship -> Realized it was these ass holes trying to brainwash me -> Went further right-wing -> Today In short, the schools, media, and government really do hate men, especially white men. It starts long before some of you realize it, but people are being conditioned to be anti-male. It's NOT our fault, PERIOD. These people are fucking ASS HOLES and deserve whatever misfortunate befalls them.",./viewtopic.php?f=4&t=29852
248,SuperJeff,2019-06-23 18:13:42.476464,2018-12-28 00:32:00,604247,[],2013-11-07 22:25:00,[],2205,249,Elite Contributor,"Autism Spectrum Disorder ?  It also sucks how to hear stories about Men who abuse & beat their Girlfriends & Wives & Female Partners, they don't realize how lucky and blessed they are to have Female Partners to have Sex with and to Have for Friendship & Companionship",./viewtopic.php?f=4&t=29852
249,SuperJeff,2019-06-23 18:13:42.476495,2019-01-06 03:56:00,604348,[],2013-11-07 22:25:00,[],2205,250,Elite Contributor,"Men who are Unlucky in Love and Sex are NOT ""Losers"" Just less fortunate",./viewtopic.php?f=4&t=29852
250,Fairly shy,2019-06-23 18:13:42.476528,2019-01-06 11:18:00,604350,[604207],2009-08-09 17:37:00,[],1407,251,Super Contributor," Be honest with yourself, this is not about race politics, otherwise all the other white men would be in the same boat as you are. I don't know how old you are now, but maybe early 20's since your timeline stops there. I was there and felt the same way, even though nobody taught me men were evil, and the politics of the time was utterly different. I only ever went on dates from dating agencies (like web dating) or a dating scheme organised by the students' union. Because there was no face to face ASKING OUT, I ultimately succeeded. I have never asked a woman out  face to face, and I am 69! FS",./viewtopic.php?f=4&t=29852
251,uglyblokeonabike,2019-06-23 18:13:42.476555,2019-01-06 17:39:00,604351,[],2019-01-05 14:07:00,[],2,252,New Poster,Looks don't matter if you have a big enough bank balance but if you are poor and ugly you will be out of luck no matter how good your social skills are!,./viewtopic.php?f=4&t=29852
252,SuperJeff,2019-06-23 18:13:42.476583,2019-01-09 21:40:00,604379,[],2013-11-07 22:25:00,"[('https', 'lifehacker.com', '/where-to-get-help-if-youre-involuntarily-celibate-1826551121?fbclid=IwAR1cpOa9d4tSlGYFQGsm68oitipU3hfXTksC4ufsyNCZjJgg20aLZS3B9Xc'), ('https', 'lifehacker.com', '/where-to-get-hel')]",2205,253,Elite Contributor,"About where to get Help, https://lifehacker.com/where-to-get-hel ... 0aLZS3B9Xc",./viewtopic.php?f=4&t=29852
253,SuperJeff,2019-06-23 18:13:42.476609,2019-01-09 21:41:00,604380,[],2013-11-07 22:25:00,[],2205,254,Elite Contributor,"Some say it's a Chicken or the egg type of problem ,",./viewtopic.php?f=4&t=29852
254,SuperJeff,2019-06-23 18:13:42.476637,2019-01-28 23:07:00,604599,[],2013-11-07 22:25:00,"[('https', 'studybreaks.com', '/thoughts/friendly-message-woman-incel-community/'), ('https', 'studybreaks.com', '/thoughts/friend')]",2205,255,Elite Contributor,"https://studybreaks.com/thoughts/friend ... community/     I still can't get rid of this gut feeling that I was never meant to be very successful or happy in this life,  Anyone else have that gut feeling,  that they were never meant to be very successful or happy in this life ? that it is their Destiny or Fate to not be very successful or happy,  not just with women, but also in other areas of life, as well, no matter how hard they try, that there will always be haves and have-nots,  some people will always be more sucessful than others, the nature vs nurture debate",./viewtopic.php?f=4&t=29852
255,cerebral_barrier,2019-06-23 18:13:42.476689,2019-01-29 15:09:00,604603,"[604207, 604350]",2010-04-27 07:08:00,[],2868,256,Elite Contributor," WRONG.   Take it from a mixed minority who talks to white men about this problem frequently.   There IS an agenda; a deeply entrenched, institutionalized one.  No one wants to face the truth until they get fired for some social media bullshit, go to family court or end up in handcuffs. This is your problem.   You base everything on your own age group and the timeline of your youth.   You need to stop dismissing the younger generations problems.   Things are far worse than anything you've ever experienced and the solution isn't as cut and dry as what you had access to.   Also, the internet and its related techologies (something not widely as available during your youth) are adding to the problem in ways we've already discussed. Fairly shy wrote: ...but maybe early 20's since your timeline stops there. I was there and felt the same way, even though nobody taught me men were evil, and the politics of the time was utterly different. I only ever went on dates from dating agencies (like web dating) or a dating scheme organised by the students' union. Because there was no face to face ASKING OUT, I ultimately succeeded. I have never asked a woman out  face to face, and I am 69!FS Don't sell the guy a false bill of goods; you weren't ""there"".   Just as many of the younger men don't know what it was like to be alive 30-45 years ago; you can't tell someone what it's like to be a young man struggling socially/romantically in 2019.  The fact that you openly admit that the politics of your time were different than those of today, clearly demonstrates this.",./viewtopic.php?f=4&t=29852
256,SuperJeff,2019-06-23 18:13:42.476718,2019-05-11 02:00:00,606222,[],2013-11-07 22:25:00,[],2205,257,Elite Contributor,"First, What happened to all the old topics I posted on this website, I joined in 2013 or 2014, I worked hard to type them and give my input, how can I access them ?  I can't get over this ""Gut Feeling"" that I was never meant to be very succesfull or happy in this life , Does anyone else have that feeling,? Not just Success with Women, but with other areas of my life, My Dad told me he often has the same ""Gut Feeling"" about his life also ,  And I said to My Father that Perhaps I was Never meant to be very successful or happy in this life, and that's one thing, But I try to be a good Christian anHelp Others when I can, I attend Church Often,  So I Hope at least when I ultimately die and go to Heaven, Things will be FAR Better for me, Far Better,  Not just for everyone else, but for Me Also ,   If I was never meant to be very happy or sucessfull in this life because of my Bad Heredity & other things, at least ultimately in Heaven, when I ultimately pass away and go to Heaven, can I have the Life and Stuff and Things I want, I want to be ""Normal"" not socially awkward, No OCD,  Some Christians speculate that Even Jesus when he was alive on Earth that Even Jesus may Have Had Sex or Been Married ,",./viewtopic.php?f=4&t=29852
257,SuperJeff,2019-06-23 18:13:42.476746,2019-05-12 00:28:00,606247,[],2013-11-07 22:25:00,[],2205,258,Elite Contributor,"I try to Help others when I can, I truly do, but my Dad told me with my Negative thinking that  ""I was never meant to be successful in this life"" my dad tole me it will become a sad  ""Self-Fulfilling Prophecy"" and I might never find another woman, and it would lead to my fear coming true, me never finding another  girlfriend, Plus how can I access all my Old Posts & Topics since 2013 & 2014 , When I first joined,  Plus with my OCD illness I cannot just ""Think Positive"" or ""Have a Positive Attitude""  I had OCD, Obsessive-Compulsive Disorder,  since I was like 4 or 5, My Dad said I should be Proud of myself at least that I'm going places to try to meet and talk to women , at least I'm trying",./viewtopic.php?f=4&t=29852
258,Restart80,2019-06-23 18:13:42.476797,2019-05-12 20:09:00,606265,[604207],2010-07-12 06:43:00,[],569,259,Contributor," I'm 26. I read Gilmartin's book when I was 15, lurked here from 15-17, and signed up to this website when I was 17. It negatively affects all males, but white males are the most targeted group of all. Males are to be hated because of their perceived privilege. The same goes for whites. If you are both, then it is like a compounded hatred for your perceived ""double privilege."" Suicide rates are way higher than they were decades ago. Some of that could be for a number of factors, but it is clear that a good amount of it is very likely from this anti-male environment. 1981 - 15,000 suicides 2001 - 25,000 suicides 2016 - 35,000 suicides The female suicide rate has increased as well, because despite the fact their lives are easier, they are more mentally ill as a result of the brainwashing. The male suicide rate is about 2.33x greater than it was in the early 1980s. The female suicide rate is only about 1.33x greater than it was in the early 1980s. Notice the gap was ridiculously wide even in 1981... if you go back to the early 1900s, men and women nearly had an equal suicide rate. The gap in the 1980s was quite wide, but today it is significantly wider than ever before.",./viewtopic.php?f=4&t=29852
259,SuperJeff,2019-06-23 18:13:42.772883,2019-05-14 21:35:00,606309,[],2013-11-07 22:25:00,"[('https', 'www.doctornerdlove.com', '/the-problem-with-male-virginity/'), ('https', 'www.doctornerdlove.com', '/the-prob')]",2205,260,Elite Contributor,"about my OCD Negative thinking & negative ""Self-Fulfilling Prophecies""  Anyone see this Article, https://www.doctornerdlove.com/the-prob ... virginity/  While I'm not a Virgin, I can still relate to the Article, having the past anxiety years ago, related to the topic   I said to my Father , that some may consider my ""Time Travel"" idea to be far fetched or downright ""Crazy"" I still want that injustice of my past Virginity corrected,  I hope God grants my Wish, and other Wishes, I have, I truly do, I try to Help Others when I can,",./viewtopic.php?f=4&t=29852
260,SuperJeff,2019-06-23 18:13:42.772930,2019-06-10 23:27:00,606796,[],2013-11-07 22:25:00,[],2205,261,Elite Contributor,"My OCD illness, robbed me of the experience of losing my Virginity to a Real Girl, a Real Girlfriend in my Teen years of High School, ""Teen Sex""  Most of the other Guys lost their Virginity to Real Girlfriends, but because of my OCD illness, it screwed me up, and I had to lose my Virginity at the age of 21 to an Escort , I told my Father, this is an Injustice , I want God to correct,  how my OCD illness robbed me of that experience of losing my Virginity to a Girlfriend, High School Sweetheart, ""Teen Sex""  like most of the other guys, I can't help but me Jealous , I read the online scientific articles about ""Time Travel"" to the past and to the Future, some people think that UFO's are ""Time Travelers"" from the future , so I told my Dad, when I ultimately pass away, I want God to send me back in time to my Freshman year of High School and make it so I have a Real Girlfriend, and make it so I lose my Virginity the Correct way, ""Teen Sex""  the way it should have been, Yes I know I am Obsessive and that I need help, I'm getting it, but it still bothers me, that my OCD illness robbed me of that experience, No Joke, I want God to fix that Injustice, it is an injustice for any man to have to lose his virginity to an Escort or Prostitute, God should correct it for them also , send them back in time to younger years in their life, I try to be a good Christian and Help Others when I can, while I admit I'm far from perfect, I think I have a good heart, it upsets me all the evil & injustice in the World,  But I have Questions about how ""Time Travel"" would work, perhaps I have been watching alot of Science Fiction Time Travel Movies,   Is Little Marky on this thread, or anyone else, ? Who else wants to see me have the Stuff & Things I want in Heaven, The Happiness I want in Heaven, when I ultimately die ? The Relationships I want in Heaven ? I wonder what percentage of American Men lost their Virginity to Escorts or Prostitutes also ?",./viewtopic.php?f=4&t=29852
261,Little Marky,2019-06-23 18:13:42.772962,2019-06-11 00:49:00,606803,[],2016-02-07 05:08:00,[],488,262,Poster,"Jeff, you are never going to fucking time travel. There is no mechanism that can initiate time travel and there is no evidence of the Abrahamic God being capable of doing it, let alone the Abrahamic God existing so you are wasting your brain cells on a daily basis trying to rationalize these stupid ideas. Only the present exists and the past is gone. To truly ""go back"", you would have to reverse entropy but that is impossible due to thermodynamics. You need to stop droning on about these stupid fantasies and actually take charge of your life instead of making excuses. There is medicine for OCD and it's your own fault if you aren't getting it treated. Not everyone here is a Christian so it's stupid to ask non-Christians questions that don't make sense to us.",./viewtopic.php?f=4&t=29852
262,SuperJeff,2019-06-23 18:13:42.772991,2019-06-20 20:57:00,606960,[],2013-11-07 22:25:00,[],2205,263,Elite Contributor,"God can do anything right ? Since God knows it means alot to me, how do you know for certain God won't send me back in time to my Freshman year of High School, and make it so I lose my Virginity the right way , on this other messageboard years ago when I was typing how it was really fucked up how my OCD illness robbed me of the experience of Losing to a real girlfriend, in my Teen Years, and how I lost it to an Escort at 21, this guy said to me ""No offense but you kind of think like a chick, you think the first time is supposed to be so special, that's how girls usually think, so what if you lost it to an Escort, why should it bother you, because Society says it's uncool to lose it to an Escort, who gives a fuck what society says, I also lost my  Virginity to a Prostitute and I'm not ashamed of it, and neither should you be""        What do we think of what he said, I wonder what other Percentage of American Men lose their Virginity to Escorts or Prostitutes, what about in other Nations ?",./viewtopic.php?f=4&t=29852
263,Little Marky,2019-06-23 18:13:42.773022,2019-06-21 02:04:00,606969,[],2016-02-07 05:08:00,[],488,264,Poster,"How can I be sure? Maybe it's because I live in the real world and apply rationality to my life while you can't separate fantasy from reality. Your attempt to take an intellectual high ground with me is pathetic.  The sad thing is that even when you are being choked by delusions, you still need affirmations on what God can do. You ask me if God can do everything when I've made it clear I don't buy into that claim since there is no evidence or proof to it. The claim that God can do anything is extraordinary and it's lacking extraordinary evidence. How do you know God knows what you want when you can't even demonstrate that He supposedly does? And if He supposedly does know, why haven't you traveled back in time yet? You are making unfounded claims and don't have anything to back them up with so you are essentially saying ""I have no proof but trust me, ok?"" which is weak debating.",./viewtopic.php?f=4&t=29852
