,author,crawled_at,date_post,id_post,id_post_interaction,joined_author,links,messages_author,number_post,resume_author,text_post,thread
0,Autolite,2019-06-24 16:44:45.218018,2016-03-22 02:58:58,18199,[],2014-06-01 00:00:00,"[('https', 'ca.news.yahoo.com', '/explosion-heard-brussels-airport-074404825.html'), ('https', 'ca.news.yahoo.com', '/explosion-...074404825.html')]",3117,1,"""The truth is sometimes a poor competitor in the market of ideas"" George F. Kennan", https://ca.news.yahoo.com/explosion-...074404825.html I'm bettin' Donald Trump just gained a couple more voters this morning.  I'd like to hear Justin Trudeau's comment likely later today... ,https://d2ec906f9aea-003845.vbulletin.net/forum/avfm-central/in-the-news/18199-explosions-rocked-the-brussels-airport
1,john_lord_b3,2019-06-24 16:44:45.218080,2016-03-22 03:57:25,256759,[],2015-04-01 00:00:00,[],1052,2,," Berne, are you OK? ",https://d2ec906f9aea-003845.vbulletin.net/forum/avfm-central/in-the-news/18199-explosions-rocked-the-brussels-airport
2,Anonymous,2019-06-24 16:44:45.218136,2016-03-22 04:53:54,256762,[18199],2015-06-01 00:00:00,[],2443,3,"I sexually identify as a sword pommel, check your privilege or i will have to end you RIGHTLY."," Remember kids, not all refugees are terrorists, but this two were. ",https://d2ec906f9aea-003845.vbulletin.net/forum/avfm-central/in-the-news/18199-explosions-rocked-the-brussels-airport
3,Berne,2019-06-24 16:44:45.218192,2016-03-22 05:13:51,256763,[256759],2014-11-01 00:00:00,[],2010,4,," I'm ok, thanks John.  It's not just Brussels Airport. A metrostation in the center of Brussels was blown up as well.  So far 11 dead at the airport, 85 wounded. The entire departure hall of the airport is in shreds. 15 dead at the metrostation and many people still trapped underground. Probably a retalliation for the capturing just a few days ago by police of Salah Abdeslam, the fugitive terrorist who participated in the attack in Paris. There are reports of suspicious packages at other metro stations as well, so all public transport has been halted and evacuated. Commerce has been completely stopped.  I can't say 'I didn't see this coming', but it still is awful when it happens. ",https://d2ec906f9aea-003845.vbulletin.net/forum/avfm-central/in-the-news/18199-explosions-rocked-the-brussels-airport
4,Anonymous,2019-06-24 16:44:45.218247,2016-03-22 05:26:32,256764,[256763],2015-06-01 00:00:00,[],2443,5,"I sexually identify as a sword pommel, check your privilege or i will have to end you RIGHTLY."," Perhaps, or it could be a planned attack due to coming Easter, ISIS is a religious fanatic group after all and ruining the most sacred holiday of the opposing religion could well have been their goal. ",https://d2ec906f9aea-003845.vbulletin.net/forum/avfm-central/in-the-news/18199-explosions-rocked-the-brussels-airport
5,Berne,2019-06-24 16:44:45.218304,2016-03-22 05:40:28,256765,[256764],2014-11-01 00:00:00,[],2010,6,," On second thought, due to the large amounts of explosives used (roof of the airport hall has come down) and the coordination of two (possibly more) impact locations, this is likely an attack that has been prepared for a while now. Easter weekend could have been the initial target, but not so much specifically for Easter, but because large masses of people leave for holidays during the Easter weekend. More dead = more impact.  They may have reasoned that during Easter weekend the security would have been higher and the attacks thus more difficult. And perhaps the capture of Abdeslam and a few other cell members prompted a more rapid attack/change of plans. Too soon to tell. Update: More bombs have been found at the University of Brussels. It's starting to feel like war... ",https://d2ec906f9aea-003845.vbulletin.net/forum/avfm-central/in-the-news/18199-explosions-rocked-the-brussels-airport
6,Autolite,2019-06-24 16:44:45.218358,2016-03-22 06:33:18,256766,[],2014-06-01 00:00:00,"[('https', 'ca.news.yahoo.com', '/global-affairs-no-reports-canadians-affected-belgian-explosions-111318499.html'), ('https', 'ca.news.yahoo.com', '/global-aff...111318499.html')]",3117,7,"""The truth is sometimes a poor competitor in the market of ideas"" George F. Kennan"," ""Trudeau called the attacks ""deplorable"" and said his thoughts were with the victims as Canada stands with Belgium and the European Union."" https://ca.news.yahoo.com/global-aff...111318499.html Interesting comment from Canada's Prime Minister considering that his actions are the complete opposite of his words.  Current body count is 26 with  136 injured... In an advisory posted on its website early Tuesday, Global Affairs said while there was no nationwide advisory in effect for Belgium, Canadians should exercise a ""high degree of caution due to the current elevated threat of terrorism."" ",https://d2ec906f9aea-003845.vbulletin.net/forum/avfm-central/in-the-news/18199-explosions-rocked-the-brussels-airport
7,john_lord_b3,2019-06-24 16:44:45.218414,2016-03-22 07:04:52,256767,[256763],2015-04-01 00:00:00,[],1052,8,, Ik ben blij om te weten dat je veilig bent. Dit is een gekke wereld waarin we leven. Happy to know you're ok. This is a crazy world we live in. Please be careful. ,https://d2ec906f9aea-003845.vbulletin.net/forum/avfm-central/in-the-news/18199-explosions-rocked-the-brussels-airport
8,Anonymous,2019-06-24 16:44:45.218478,2016-03-22 07:20:07,256768,[256766],2015-06-01 00:00:00,[],2443,9,"I sexually identify as a sword pommel, check your privilege or i will have to end you RIGHTLY.", Lip service. ,https://d2ec906f9aea-003845.vbulletin.net/forum/avfm-central/in-the-news/18199-explosions-rocked-the-brussels-airport
9,Autolite,2019-06-24 16:44:45.218529,2016-03-22 08:15:10,256771,[256768],2014-06-01 00:00:00,[],3117,10,"""The truth is sometimes a poor competitor in the market of ideas"" George F. Kennan"," Indeed.  What disgusts me is the blatant audacity of Trudeau.  He takes Canada out of combat with ISIS and then claims that 'Canada stands with Belgium and the European Union'.   Lying two-faced motherfucker!  If I were Belgium I'd tell Trudeau to go fuck himself (diplomatically of course)... Today, I am ashamed to be a Canadian. ",https://d2ec906f9aea-003845.vbulletin.net/forum/avfm-central/in-the-news/18199-explosions-rocked-the-brussels-airport
10,Monsieur,2019-06-24 16:44:45.218577,2016-03-22 08:35:01,256772,[],2014-11-01 00:00:00,[],252,11,, chips.jpg Very quick piece of art doing the circuit ,https://d2ec906f9aea-003845.vbulletin.net/forum/avfm-central/in-the-news/18199-explosions-rocked-the-brussels-airport
11,Autolite,2019-06-24 16:44:45.218642,2016-03-22 08:45:43,256774,[256765],2014-06-01 00:00:00,[],3117,12,"""The truth is sometimes a poor competitor in the market of ideas"" George F. Kennan"," I'm not sure that the term 'war' is entirely accurate.  In a war, the defenders can be armed and are sometimes allowed to fight back... ",https://d2ec906f9aea-003845.vbulletin.net/forum/avfm-central/in-the-news/18199-explosions-rocked-the-brussels-airport
12,Mifune,2019-06-24 16:44:45.218688,2016-03-22 09:39:31,256776,[],2014-12-01 00:00:00,[],2377,13,"""...but when she goes off you, she will not just walk away, she will walk away with your fucking skin in a jar."" ~~ DoctorRandomercam
""The laws of man, they don't apply when blood gets in a woman's eye"" - The Black Keys"," I'm sorry the denizens of Belgium are going trough something like this. Was Belguim one of the countries inviting in refugees?  If so I hope that the people of Belgium fight back against their political leaders for helping to creating a situation like this. I don't have anything against Muslims or against refugees, but if even 1 in 100 has this penchant for violent action, then inviting them into your country just seems to be like asking for tragedy. So needless :-( ",https://d2ec906f9aea-003845.vbulletin.net/forum/avfm-central/in-the-news/18199-explosions-rocked-the-brussels-airport
13,Jaybee,2019-06-24 16:44:45.218744,2016-03-22 10:57:09,256778,[256763],2015-10-01 00:00:00,[],1270,14,">>""and in other news, the Judge in the case of AVFM Vs Feminazism ruled today that the creators of 'Gender Equality' are guilty of Intent to Obtain Social Change by Deception. The Feminazi case collapsed just one day into the trial, after a 1st year medical student demonstrated that men are not, in fact, equal to women"".<<


Newbie AVFM Member, 2 days in: ""My eyes, why do my eyes hurt?""

Jaybee, cautious tone: ""You've never used them before""."," That's a relief (that you're ok) There's just no way to prepare yourself personally, but now my anger is starting to turn towards French/Belgian intelligence (or lack thereof).  We in the UK have plenty of home-grown WANNABE terrorists, but after 7/7 it didn't happen.  We keep an extremely close eye, data mining methods/data forensics are highly advanced here, I can tell you.   But this is the third attack in 13 months on Francophone soil, I hear a lot about how useless French/Belgian bureaucracy, French Police are some of the most disorganised bunch of jobsworths ever, is but a year ago I had higher hopes for the Intel Services being cut from a different cloth...clearly those hopes were ill-founded. ",https://d2ec906f9aea-003845.vbulletin.net/forum/avfm-central/in-the-news/18199-explosions-rocked-the-brussels-airport
14,Berne,2019-06-24 16:44:45.218793,2016-03-22 11:08:02,256779,[256778],2014-11-01 00:00:00,[],2010,15,," Thanks, but better to direct that anger to the leftist politicians who have deliberately weakened, defunded and PC-speak- chained our intelligence services instead of supporting them, for over 30 years already. There was never a lack of Belgian intelligence officers WANTING to do a good job. They have simply systematically been obstructed. ",https://d2ec906f9aea-003845.vbulletin.net/forum/avfm-central/in-the-news/18199-explosions-rocked-the-brussels-airport
15,Jaybee,2019-06-24 16:44:47.105659,2016-03-22 11:25:09,256780,[256779],2015-10-01 00:00:00,[],1270,16,">>""and in other news, the Judge in the case of AVFM Vs Feminazism ruled today that the creators of 'Gender Equality' are guilty of Intent to Obtain Social Change by Deception. The Feminazi case collapsed just one day into the trial, after a 1st year medical student demonstrated that men are not, in fact, equal to women"".<<


Newbie AVFM Member, 2 days in: ""My eyes, why do my eyes hurt?""

Jaybee, cautious tone: ""You've never used them before""."," Can I ask how you know that?  That's not a challenge to you, especially not on a day like this, just a request for deeper information.  It's been my experience over the decade, with several diverse departments in both nations, that French/Belgian bureaucracy is some of the slowest, most plodding and procedurally-obsessed in Europe, I can help thinking that as the Intel services are also govt employees that that ""J'en peux rien""  (""nothing I can do about it"") attitude has leaked across into all departments. ",https://d2ec906f9aea-003845.vbulletin.net/forum/avfm-central/in-the-news/18199-explosions-rocked-the-brussels-airport
16,Autolite,2019-06-24 16:44:47.105728,2016-03-22 11:37:04,256783,[256776],2014-06-01 00:00:00,[],3117,17,"""The truth is sometimes a poor competitor in the market of ideas"" George F. Kennan", I feel really bad for the Belgians/French too for the same reasons!  The Leftist governments invites and welcomes these terrorists into their respective countries and fails at providing adequate security for the citizenry.  I fear that Canada will soon be the next attack victim. ISIS has already stated that we are targeted. I might feel better if the Muslim community/refugees were a little more adamant about condemning these attacks.  I find their relative silence somewhat unsettling.   I would think that they should be the ones screaming the loudest against the mass murders being carried out under the banner of Islam... ,https://d2ec906f9aea-003845.vbulletin.net/forum/avfm-central/in-the-news/18199-explosions-rocked-the-brussels-airport
17,Jaybee,2019-06-24 16:44:47.105783,2016-03-22 11:43:32,256784,[256783],2015-10-01 00:00:00,[],1270,18,">>""and in other news, the Judge in the case of AVFM Vs Feminazism ruled today that the creators of 'Gender Equality' are guilty of Intent to Obtain Social Change by Deception. The Feminazi case collapsed just one day into the trial, after a 1st year medical student demonstrated that men are not, in fact, equal to women"".<<


Newbie AVFM Member, 2 days in: ""My eyes, why do my eyes hurt?""

Jaybee, cautious tone: ""You've never used them before"".", No conceivable reason they should.  Hundreds of thousands of their brothers/sisters were unjustly killed in an immoral 'war' in Iraq/Afghanistan over the last 15 years.  I imagine they're fairly numbed out and not expecting justice (for anyone) any time soon. ,https://d2ec906f9aea-003845.vbulletin.net/forum/avfm-central/in-the-news/18199-explosions-rocked-the-brussels-airport
18,Autolite,2019-06-24 16:44:47.105841,2016-03-22 12:11:43,256785,"[256784, 256784]",2014-06-01 00:00:00,"[('https', 'ca.news.yahoo.com', '/brussels-airport-attack-live-blog-082011604.html'), ('https', 'ca.news.yahoo.com', '/brussels-a...082011604.html')]",3117,19,"""The truth is sometimes a poor competitor in the market of ideas"" George F. Kennan", Well these attacks being carried out in the name of Islam seems contradictory for a 'religion of peace'.  It's creates distrust of Muslims.  I would think that that might be considered a conceivable reason for condemning these atrocities.  Are you saying that these attacks are retaliation in an undeclared war against non-Muslims??? (Current death toll reported at 30+plus  https://ca.news.yahoo.com/brussels-a...082011604.html) ,https://d2ec906f9aea-003845.vbulletin.net/forum/avfm-central/in-the-news/18199-explosions-rocked-the-brussels-airport
19,Berne,2019-06-24 16:44:47.105897,2016-03-22 13:12:26,256787,[256785],2014-11-01 00:00:00,"[('https', 'medium.com', '/insurge-intelligence/europe-is-harbouring-the-islamic-state-s-backers-d24db3a24a40#.26mtkmqrm'), ('https', 'medium.com', '/insurge-intellige...a40#.26mtkmqrm')]",2010,20,," There is lots more going on. Aside from the fact that there are plenty of home-grown terrorists due to cultural clashes and leftist coddling,  the relentless growth of ISIS is a dirty story in which our own governments are also culpable: https://medium.com/insurge-intellige...a40#.26mtkmqrm ",https://d2ec906f9aea-003845.vbulletin.net/forum/avfm-central/in-the-news/18199-explosions-rocked-the-brussels-airport
20,oldblueeyes,2019-06-24 16:44:47.105972,2016-03-22 13:38:32,256788,[],2015-01-01 00:00:00,[],3624,21,Stay single and prosper!," It's evident that Middle East Muslims require strongmen in charge of their countries to keep them in line. Saddam; Gaddafi; Mubarek; Assad (who is not gone but may as well be). If America had left these guys in charge we wouldn't be having most of these problems now. Sure, they murdered their own citizens, but most likely, in retrospect, jihadists  were likely the majority of those they were killing, as jihadists would have been a threat to their rule. I hate to say it, but it seems like blowback to me. America/NATO created chaos in the Middle East and now some of that chaos has spread to the west. ",https://d2ec906f9aea-003845.vbulletin.net/forum/avfm-central/in-the-news/18199-explosions-rocked-the-brussels-airport
21,Jaybee,2019-06-24 16:44:47.106035,2016-03-22 13:40:08,256789,[256785],2015-10-01 00:00:00,[],1270,22,">>""and in other news, the Judge in the case of AVFM Vs Feminazism ruled today that the creators of 'Gender Equality' are guilty of Intent to Obtain Social Change by Deception. The Feminazi case collapsed just one day into the trial, after a 1st year medical student demonstrated that men are not, in fact, equal to women"".<<


Newbie AVFM Member, 2 days in: ""My eyes, why do my eyes hurt?""

Jaybee, cautious tone: ""You've never used them before"".", Retaliation FOR an undeclared war against Muslims. ,https://d2ec906f9aea-003845.vbulletin.net/forum/avfm-central/in-the-news/18199-explosions-rocked-the-brussels-airport
22,Autolite,2019-06-24 16:44:47.106088,2016-03-22 13:58:40,256792,[256787],2014-06-01 00:00:00,[],3117,23,"""The truth is sometimes a poor competitor in the market of ideas"" George F. Kennan"," I just wish that we could all be honest with what's going on.  Mass murder terrorist attacks have been happening with more being promised by Muslim radicals.  We are told that Islam is the 'religion of peace' which it is quite obviously not.  Why are the 'peaceful' Muslims not condemning these attacks?  They should be making the headlines with their emphatic condemnations.  At the very least, please just give us infidels a little bit of honesty and let's drop this PC 'religion of peace' horseshit. Non-Muslims are under deliberate attack with 'extreme prejudice'! Why is it asking so much of our respective governments to simply acknowledge what obviously is really happening??? ",https://d2ec906f9aea-003845.vbulletin.net/forum/avfm-central/in-the-news/18199-explosions-rocked-the-brussels-airport
23,Monsieur,2019-06-24 16:44:47.106135,2016-03-22 14:08:59,256793,[],2014-11-01 00:00:00,[],252,24,," Does anybody remember the Bologna bombings? At the time everybody was implying it was the 'Lefties' of Italy that did it. Years later after court cases, to the embarrassment of NATO, it was revealed to be right wingers, supposedly supported by the Belgian based Gladios. How blinded we all were at the time. It's all in government papers now. Garden, Path and led up.  I don't buy Leftist restrictions on the functioning of the defence services. Mind you, from history, the left have  got every reason to suspect dodgy dealings. . ",https://d2ec906f9aea-003845.vbulletin.net/forum/avfm-central/in-the-news/18199-explosions-rocked-the-brussels-airport
24,Autolite,2019-06-24 16:44:47.106185,2016-03-22 14:11:24,256794,[256789],2014-06-01 00:00:00,[],3117,25,"""The truth is sometimes a poor competitor in the market of ideas"" George F. Kennan"," Coalition forces were in uniform, fought with their respective government mandates and operated under the international rules of war.  These terrorists are not playing by the same rules. If the Muslims are in retaliation then at least have the honesty to say that we're at war and call it like it is.  Enough already with this 'religion of peace' bullshit facade... ",https://d2ec906f9aea-003845.vbulletin.net/forum/avfm-central/in-the-news/18199-explosions-rocked-the-brussels-airport
25,Jaybee,2019-06-24 16:44:47.106245,2016-03-22 14:53:36,256796,[256794],2015-10-01 00:00:00,[],1270,26,">>""and in other news, the Judge in the case of AVFM Vs Feminazism ruled today that the creators of 'Gender Equality' are guilty of Intent to Obtain Social Change by Deception. The Feminazi case collapsed just one day into the trial, after a 1st year medical student demonstrated that men are not, in fact, equal to women"".<<


Newbie AVFM Member, 2 days in: ""My eyes, why do my eyes hurt?""

Jaybee, cautious tone: ""You've never used them before"".", Allied forces either negligently or deliberately killed hundreds of thousands of Iraqi/Afghan civilians.  You would be EXTREMELY naïve to expect those Muslims in Europe to give a damn about a western civilian death toll less than 1% of their middle-eastern brethren. ,https://d2ec906f9aea-003845.vbulletin.net/forum/avfm-central/in-the-news/18199-explosions-rocked-the-brussels-airport
26,john_lord_b3,2019-06-24 16:44:47.106294,2016-03-22 15:22:37,256801,[256788],2015-04-01 00:00:00,[],1052,27,," Very, very true ",https://d2ec906f9aea-003845.vbulletin.net/forum/avfm-central/in-the-news/18199-explosions-rocked-the-brussels-airport
27,Anonymous,2019-06-24 16:44:47.106346,2016-03-22 15:39:08,256802,[256801],2015-06-01 00:00:00,[],2443,28,"I sexually identify as a sword pommel, check your privilege or i will have to end you RIGHTLY."," The truth is you can't force people to be free, they have to become free of their own actions, it's evident that this people were not ready for it. ",https://d2ec906f9aea-003845.vbulletin.net/forum/avfm-central/in-the-news/18199-explosions-rocked-the-brussels-airport
28,Autolite,2019-06-24 16:44:47.106413,2016-03-22 15:40:03,256803,[256796],2014-06-01 00:00:00,[],3117,29,"""The truth is sometimes a poor competitor in the market of ideas"" George F. Kennan"," You seem to imply that we're in an undeclared state of war that justifies the recent terrorist attacks.  This being the case, it confuses me when the Muslims throw a pity party in the Leftist western media anytime a mosque gets vandalized or a Muslim gets a shit-kicking in public all the while crying racism and discrimination. They claim that their's is a 'religion of peace' and that they're not getting fair treatment or respect in the West. I'm just trying to understand the profound hypocrisy of it all. If nothing else, let's just dial-it down a notch in the bullshit department.   If you're Muslim and you don't condemn the terrorism, don't go telling folks that Islam is a 'religion of peace'.  It's a lie and it's an insult to one's intelligence. If you're Muslim and you don't condemn the terrorism, don't vilify the Infidel for considering you an enemy and treating you as such.   If you're Muslim and you don't condemn the terrorism, don't piss-n-moan to the media about discrimination when a mosque gets vandalized or one of your 'brethren' gets bitch slapped while waiting at a bus stop.  You've encouraged that sort of animosity.  If you're Muslim and you don't condemn the terrorism, don't turn around and claim that Westerners owe you respect.  You've already forfeited that. And when somebody carries out the shooting, stabbing or the beheading of an Infidel in the name of 'Allah', don't anyone tell us that we mustn't associate the crime with Islam.  All I'm asking here is that we all take off the PC blinders and start calling things the way they actually are... (Oh, and I almost forgot.  Concern that your national identity and culture is being ripped out from under you by foreigners who refuse to assimilate is a valid, genuine and legitimate issue.  It is not at all any sort of irrational ""phobia"" so please stop labeling it as such). ",https://d2ec906f9aea-003845.vbulletin.net/forum/avfm-central/in-the-news/18199-explosions-rocked-the-brussels-airport
29,oldblueeyes,2019-06-24 16:44:47.106464,2016-03-22 15:41:03,256804,[256801],2015-01-01 00:00:00,[],3624,30,Stay single and prosper!," I know, amirite? And this whole Syrian civil war was conspired because Assad wouldn't agree to gas/oil pipelines going through Syria. I swear, the CIA has to be the most evil entity the world has ever known. But that only means I understand Muslim retribution. If they want to come to my land and make war, let's go! ",https://d2ec906f9aea-003845.vbulletin.net/forum/avfm-central/in-the-news/18199-explosions-rocked-the-brussels-airport
30,Crumbock,2019-06-24 16:44:48.434817,2016-03-22 15:50:21,256805,[256803],2014-09-01 00:00:00,[],2135,31,,"  If it were retaliation, war, etc, why do they strap bombs to their kids? Why do they target civilians? Why are they committing genocide against Christians, and others? Why do they pose in masks and hoods? If they are justified, and fighting for/with their god, why the cowardice.  Sorry, but their actions of targeting the innocent and helpless, their unbelievable brutality, beheadings, crucifixions, stonings, burnings, and their cowardice in hiding their identity, prove the whole retaliation theory wrong. They are savages from the Dark Ages, who revel in hate and acts that would make a Nazi blush. They they fuss when someone parts their hair on the wrong side here. Don't forget mass rape wherever they go. Stone Age Savages, bursting with hate, destroying civilization. ",https://d2ec906f9aea-003845.vbulletin.net/forum/avfm-central/in-the-news/18199-explosions-rocked-the-brussels-airport
31,oldblueeyes,2019-06-24 16:44:48.434895,2016-03-22 15:58:57,256806,[256805],2015-01-01 00:00:00,[],3624,32,Stay single and prosper!," It seems to be a mass thinking thing, you know, where individuals wouldn't do shit but get them in a group and mob rules rule. 99% of these jihadis would back the fuck down if confronted one-on-one, I mean look at them, most of them are average at best. Any Muslim I've known has backed down from even a mild argument. But get them all together and then you have a problem. Paris was just the beginning. Brussels was a minor kill count. It's just going to keep coming and coming for Europe. It's a complicity/complacency problem for Europe: complicity in joining the American tactic of utter chaos in the middle east, and complacency when it comes to weak-ass refugee immigration policies. It's a wakeup call for some eastern European countries like Czech Republic and Hungary, who are seeing all this de-Christianisation to the west and thinking, ""Hmmmmmm, Russia's looking a whole lot better than the EU!"" Again, it's blowback from American chaos theory in the Middle East, and it's unintentionally making some eastern EU states pro-Russian. ",https://d2ec906f9aea-003845.vbulletin.net/forum/avfm-central/in-the-news/18199-explosions-rocked-the-brussels-airport
32,john_lord_b3,2019-06-24 16:44:48.434954,2016-03-22 18:24:08,256811,[256804],2015-04-01 00:00:00,"[('http', 'www.newsweek.com', '/santoso-indonesia-jungle-islamic-state-jihad-militants-jungle-sulawesi-408838'), ('http', 'www.newsweek.com', '/santoso-indo...ulawesi-408838')]",1052,33,," I am a (dissident) Muslim myself, but let me tell you this..Any immigrant groups which immigrate to another country SHOULD be compelled to assimilate with the dominant culture of the country to a certain extent. At the bare minimum, the new groups must learn to respect the Law of the land, respect the citizens, respect the Government and learn the official language.  Any Muslims who does not wish to accept even this bare minimum, you kick them back to the desert, or let them rot in jail. Encourage your law-enforcement agencies to shoot them whenever they're caught red-handed at the act of terrorism. We Indonesians are in actual war against ISIS operatives now. They have build a fanatical militia force in our country, under our very noses. After the attacks on our capital several months ago, they're now begin to continue their ""Jihad"" through jungle guerilla warfare in our remote provinces. And we are MUSLIMS just like them! These bastards has no respect for even their co-religionists. The only language they understand is violence. Now the hunting season has begin. It's their turn to be afraid. http://www.newsweek.com/santoso-indo...ulawesi-408838 ",https://d2ec906f9aea-003845.vbulletin.net/forum/avfm-central/in-the-news/18199-explosions-rocked-the-brussels-airport
33,dubs,2019-06-24 16:44:48.435017,2016-03-22 22:57:19,256815,[],2013-08-01 00:00:00,[],3320,34,," What's going on nowadays is little more than a race war which the ignorant attribute to matters of religion. 30 white people die, ""omg it's horrible."" 3000 arabs die, at best there's silence. ""Muslim"" proper means someone who observe the tenets of that religion. In the west, it just means someone with brown skin or wearing a turban, in other words a minority ethnic group, most of whom aren't really that religious but will take comfort in religion for dangerous ops. This gives the impression they're doing it FOR religion, when it's really more political than anything else. I honestly don't see it abating, ever, but I have to admire the cunning of the west in perpetrating ""stealth genocide"" on its enemies. All across the middle east at this moment, thousands are dying every day. It's more efficient than Aushwitz. The blowback so far is miniscule in the grand scheme of things, with Belgians and French being targeted mostly because they're the easiest targets. ""War"" in the classic sense can only be declared by Congress. Nowadays we have dozens of ""secret wars"" across the globe, none of them sanctioned or declared, and likewise there are foreign groups with their own secret wars. I can't help but feel that the world is globalizing while the machinery of state still runs on 1.0 version of software, still trying to create an orderly ""us"" and ""them"" folder, while the ""us"" increasingly looks like ""them"" not just in terms of demographics but also tactics and MO. The only difference between an airstrike and a suicide bomber is the plane. Terrorists and NATO deserve each other at this point, they're both lying scheming shits accusing each other of being murderous bastards, yet it's NATO doing most of the bad stuff. Syria used to be a civil society, now it's a hellhole. Egypt, Libya, Iraq, these used to be stable countries. If there was justice in the world, white people should be hunted down and genocided.  But that's not how the world works, white people run the planet and shit where they please, and a bit of terrorism here and there won't change that. PS - Glad you and the fam are ok Berne ",https://d2ec906f9aea-003845.vbulletin.net/forum/avfm-central/in-the-news/18199-explosions-rocked-the-brussels-airport
34,Jaybee,2019-06-24 16:44:48.435073,2016-03-23 00:29:51,256820,[256803],2015-10-01 00:00:00,[],1270,35,">>""and in other news, the Judge in the case of AVFM Vs Feminazism ruled today that the creators of 'Gender Equality' are guilty of Intent to Obtain Social Change by Deception. The Feminazi case collapsed just one day into the trial, after a 1st year medical student demonstrated that men are not, in fact, equal to women"".<<


Newbie AVFM Member, 2 days in: ""My eyes, why do my eyes hurt?""

Jaybee, cautious tone: ""You've never used them before""."," I've explained it to you already.  They don't care about 30 dead Belgians because 300,000 of their distant cousins were massacred by western forces.   I don't know what part of that you're not understanding, but make a friccken effort.   No, nothing justifies terrorism - and nothing justifies either of the above death tolls. ",https://d2ec906f9aea-003845.vbulletin.net/forum/avfm-central/in-the-news/18199-explosions-rocked-the-brussels-airport
35,oldblueeyes,2019-06-24 16:44:48.435132,2016-03-23 05:42:08,256830,[256805],2015-01-01 00:00:00,[],3624,36,Stay single and prosper!," Also, Arabs, while admirably passionate, seem to be easily brainwashed and led by their religion. I know plenty of ex-Catholics who hate that religion because of all the bullshit and child molesting. Most Christians have civilized and critical minds and can decide for themselves if the religion they were raised in is right for them, or if they should just dump it and believe whatever the fuck they want. But Muslims don't seem to have the ability to stand back and look at their religion objectively. It's the koran's way or the highway. I feel sorry for them because all religions are bullshit. Muslims are basically just minions. Musions? Minlims? More than a religion, it seems to be a lifestyle cult bent on expansion and domination and the ultimate elimination of all competing religions, which kinda sucks for them because it's the west which actually has the technology and weaponry to extinguish them. They're very lucky that our hounds of hell remain locked away in silos and subs, restrained by our mercy and our conscience. ",https://d2ec906f9aea-003845.vbulletin.net/forum/avfm-central/in-the-news/18199-explosions-rocked-the-brussels-airport
36,Autolite,2019-06-24 16:44:48.435190,2016-03-23 08:27:50,256844,[256820],2014-06-01 00:00:00,[],3117,37,"""The truth is sometimes a poor competitor in the market of ideas"" George F. Kennan"," There's a difference between a multi-national government mandated armed military intervention operating legally under the international laws of war and terrorism.  I don't know what part of that you're not understanding, but make a friccken effort... ",https://d2ec906f9aea-003845.vbulletin.net/forum/avfm-central/in-the-news/18199-explosions-rocked-the-brussels-airport
37,Autolite,2019-06-24 16:44:48.435241,2016-03-23 08:58:53,256847,[],2014-06-01 00:00:00,"[('https', 'ca.news.yahoo.com', '/brussels-bomb-suspect-captured-reports-095940256.html'), ('https', 'ca.news.yahoo.com', '/brussels-b...095940256.html')]",3117,38,"""The truth is sometimes a poor competitor in the market of ideas"" George F. Kennan"," @ oldblueeeyes https://ca.news.yahoo.com/brussels-b...095940256.html In order to help find missing children they put their faces on milk cartons.  In order to help find elusive terrorists, why not put their faces on vodka bottles?  That's my idea but you can claim it if you want to run with it... ",https://d2ec906f9aea-003845.vbulletin.net/forum/avfm-central/in-the-news/18199-explosions-rocked-the-brussels-airport
38,Jaybee,2019-06-24 16:44:48.435300,2016-03-23 09:49:03,256852,[256844],2015-10-01 00:00:00,[],1270,39,">>""and in other news, the Judge in the case of AVFM Vs Feminazism ruled today that the creators of 'Gender Equality' are guilty of Intent to Obtain Social Change by Deception. The Feminazi case collapsed just one day into the trial, after a 1st year medical student demonstrated that men are not, in fact, equal to women"".<<


Newbie AVFM Member, 2 days in: ""My eyes, why do my eyes hurt?""

Jaybee, cautious tone: ""You've never used them before""."," Are you being deliberately obtuse (as well as childish) ?  The VAST majority of Muslims, as well as about half the western world (the sane half, anyway) understand that ""military intervention"" was both immoral and extremely poorly executed, possibly deliberately.  You can NOT rationally expect them to be accept with a casual, ""Oh shit that's life, let's go show those westerners we're not holding grudges"" that about a quarter-million of their brethren, were killed by allied forces, WHO DIDN'T HAVE TO DIE SO YOUNG. If you cannot get THAT through your skill, sunshine, there's no hope for you.  And given your lack of comprehension so far, though I'm not finished with this topic, nor putting you on 'Block', I'm not mixing the two any more.  Don't bother posting a reply, as I won't be reading it.  As those fucking military types say, over and out. ",https://d2ec906f9aea-003845.vbulletin.net/forum/avfm-central/in-the-news/18199-explosions-rocked-the-brussels-airport
39,Autolite,2019-06-24 16:44:48.435354,2016-03-23 10:02:36,256853,[256815],2014-06-01 00:00:00,[],3117,40,"""The truth is sometimes a poor competitor in the market of ideas"" George F. Kennan"," I didn't even know that being Muslim or a Christian was actually considered being a specific 'race' although I'll concede that Mormons might actually be aliens from another planet.     Anyway, reference last week's knife attack in Toronto, the alleged perpetrator claimed that 'he was ordered by Allah to kill people'.  AFAIK, the media didn't even give out which race the perp or the intended victims were.  The 'Allah' comment understandably and reasonably gives one the impression that the attack was inspired by religious belief. I mean with you being a Theist yourself you must concede that god talks to people.  You can't deny that.  Who are you to say that you know who god speaks to or what god tells them to do?  As a believer, you are in no position to claim that Allah in fact didn't order this guy to whack out a few folks.  IIRC, even according to the christian bible, it wouldn't have been the first time that god sanctions a hit or orders a murder now would it??? ",https://d2ec906f9aea-003845.vbulletin.net/forum/avfm-central/in-the-news/18199-explosions-rocked-the-brussels-airport
40,Autolite,2019-06-24 16:44:48.435415,2016-03-23 10:13:20,256854,"[256852, 256852]",2014-06-01 00:00:00,[],3117,41,"""The truth is sometimes a poor competitor in the market of ideas"" George F. Kennan"," Childish? I always find the replies interesting when one has their very own exact words thrown back at them. That's only in the movies. Saying 'over AND out' is a conflict of terminology.  It's either 'over' or 'out'!  In any case, it's been a real pleasure chatting with you too... ",https://d2ec906f9aea-003845.vbulletin.net/forum/avfm-central/in-the-news/18199-explosions-rocked-the-brussels-airport
41,Manalysis,2019-06-24 16:44:48.435464,2016-03-23 10:57:36,256861,[256854],2013-04-01 00:00:00,[],4879,42,, Ah .. a brother signaler ...? M ,https://d2ec906f9aea-003845.vbulletin.net/forum/avfm-central/in-the-news/18199-explosions-rocked-the-brussels-airport
42,Mifune,2019-06-24 16:44:48.435516,2016-03-23 11:04:04,256862,[256815],2014-12-01 00:00:00,[],2377,43,"""...but when she goes off you, she will not just walk away, she will walk away with your fucking skin in a jar."" ~~ DoctorRandomercam
""The laws of man, they don't apply when blood gets in a woman's eye"" - The Black Keys"," Except in general, the average white person is as powerless to stop the violence as the average syrian or the average iraqi or the average saudi.  Political leaders do shit.....they do what they want.  Changing from Bush to Obama really didn't stop the violence, did it? What should the average American do?  Vote Republican and the violence continues.  Vote Democrat and the violence continues.  Ironic that the act of voting marks us as complicit in the violence when in fact voting presents no choice that would actually stop the violence.  Making it about how horrible white people are isn't any better than making it about horrible brown-skinned people are.  99% of the people of any skin color have, at best, a token say in what their leaders ultimately end up doing. So the question I guess is what do good people of all races do to stop the violence perpetrated by the few? ",https://d2ec906f9aea-003845.vbulletin.net/forum/avfm-central/in-the-news/18199-explosions-rocked-the-brussels-airport
43,Autolite,2019-06-24 16:44:48.435565,2016-03-23 11:16:55,256866,[256861],2014-06-01 00:00:00,[],3117,44,"""The truth is sometimes a poor competitor in the market of ideas"" George F. Kennan", Actually I've been working lately in the backyard at getting my smoke signals technique down pat but the local Fire Marshall has been throwing a real hissy-fit over it... ,https://d2ec906f9aea-003845.vbulletin.net/forum/avfm-central/in-the-news/18199-explosions-rocked-the-brussels-airport
44,Jaybee,2019-06-24 16:44:48.435618,2016-03-23 11:17:52,256867,[256862],2015-10-01 00:00:00,[],1270,45,">>""and in other news, the Judge in the case of AVFM Vs Feminazism ruled today that the creators of 'Gender Equality' are guilty of Intent to Obtain Social Change by Deception. The Feminazi case collapsed just one day into the trial, after a 1st year medical student demonstrated that men are not, in fact, equal to women"".<<


Newbie AVFM Member, 2 days in: ""My eyes, why do my eyes hurt?""

Jaybee, cautious tone: ""You've never used them before""."," You'll always have those few who are bloodthirsty enough to tote guns and explosives, whether that's with Nato or ISIS.  They WANT to kill and die.  All that crap about 'patriotism' and 'religion' is a front for such feelings.   The best good people can do - short of dumping huge quantities of Zoloft into the water table - is distance ourselves from the front lines. ",https://d2ec906f9aea-003845.vbulletin.net/forum/avfm-central/in-the-news/18199-explosions-rocked-the-brussels-airport
45,Manalysis,2019-06-24 16:44:50.315823,2016-03-23 11:18:58,256868,[256844],2013-04-01 00:00:00,[],4879,46,," You're basically saying that ethics come down to convention, which arises from consensus.  Which is sort of the case; even believers in absolutes have to agree on believing in those absolutes. OTOH consensus can go terriby wrong, as can morality anchored in national legislation, making ethichs = abiding by present laws.  Nuremberg and all that. 9/11 (at least the second one) made Americans very pissed off.  Now multiply that by national factors to get the pissedoffity magnitude in Iraq, Yemen, Syria, Afghanistan ... The list is longer, of course, but time passes and passion settles down. I hear the Vietnamese are offering tunnel tours to veterans. M ",https://d2ec906f9aea-003845.vbulletin.net/forum/avfm-central/in-the-news/18199-explosions-rocked-the-brussels-airport
46,Manalysis,2019-06-24 16:44:50.315891,2016-03-23 11:20:47,256869,[256866],2013-04-01 00:00:00,[],4879,47,," I hope you live by the ocean, I sent my reply (very funny, actually) in a bottle. It's just that few people know such stuff, got me curious. M ",https://d2ec906f9aea-003845.vbulletin.net/forum/avfm-central/in-the-news/18199-explosions-rocked-the-brussels-airport
47,Manalysis,2019-06-24 16:44:50.315950,2016-03-23 11:23:13,256870,[256862],2013-04-01 00:00:00,[],4879,48,," That's rather ironic, since the war on terror is a war for freedom and democracy ....  Perhaps the Chinese are right, western democracy is a hype. Certainly not worth going to war for. Have a revolution and change the system, of course. M ",https://d2ec906f9aea-003845.vbulletin.net/forum/avfm-central/in-the-news/18199-explosions-rocked-the-brussels-airport
48,dubs,2019-06-24 16:44:50.316025,2016-03-23 12:53:44,256873,"[256853, 256862]",2013-08-01 00:00:00,[],3320,49,," Every word has racial connotations, when you say the word ""terrorist"" you are not thinking of a white guy in a military uniform even IF he is doing something that a terrorist would do, and you wouldn't think of an afghan guy as a ""soldier"" even IF he is doing something that a soldier would do. Words are bound in legal meaning which usually favor or glorify one side as ""heroes"" and the other as ""murderers"" while avoiding explicit racial references to appear ""inclusive."" White becomes ""culturally white"" becomes ""the legal military infrastructure under international law."" Non-white becomes ""muslim"" becomes ""illegal activities committed under the definition of terrorism."" It sounds like what the authorities in Toronto are trying to say is that in their estimation, the stabber is a ""nut"" rather than a bona-fide ""islamic extremist,"" the distinction being how grounded this person is to ""reality"" as it is commonly perceived. As I have no reference point or knowledge of this case, I must defer to their judgement. If God ordered him to do that, that's between him and God, and between God and the universe. We being organic earth-bound beings aren't privy to such knowledge and can only act on our perceptions, and lock the guy up to avoid danger to ourselves. If we somehow get a doctor's note from God, we'll let him go. In my view, violence is just part of the human condition. Always been happening, always will happen. ""Fighting for peace"" is part of the problem, I mean every group seems to have high-flute ideals of huimanity, equality, fraternity, etc, presumably just as soon as THEIR group takes over the world. Like...just as SOON as NATO takes over the world, there will be world peace. Or just as SOON as Islam takes over the world, there will be world peace. Or just as SOON as Communism takes over the world, there will be world peace. And so everyone from Interahamwe to Militant Vegetarian Feminists think ""if we ruled the world, there will be peace."" There aint never gonna be peace, mostly because everyone is ""fighting for peace."" As common folk, the best thing we can do is not participate in violence ourselves and that includes rejecting angry political talk, ""bomb bomb Iran,"" xenophobia, kicking out Mexicans, etc, I would go so far as to say we shouldn't hate Feminists, obviouslty they have a different view and some of them are rather hateful, but ya know, as long as someone isn't trying to throw a coffee at me, I don't really mind what their views are. My father was very wise in this matter and taught me from an early age not to get too involved in politics, but rather if you are living in a peaceful place then just enjoy it and cherish it. I could easily take my dissident views and channel it into a kind of anti-Americanism, or anti-Western sentiment. But I don't do that, I don't condemn NATO or America, they're no better and no worse than every other nation or culture. We're no worse than the Russians or the Iranians, every nation has a natural right to try and defend itself, but if we are wise then we understand that EVERYONE is kind of in the same boat. We can't be TOO pacifist lest others take advantage, so we're all locked in this ""balance of power"" for control of culture and the Earth's resources. The first step to eradicating violence is to accept that it exists, and that it's not always our job to ""fight for peace."" Sometimes if you leave a conflict alone, it burns itself out. But if you jump in, it adds fuel to the fire. The middle east is a hot bed. Just leave it the fuck alone, it'll burn itself out. My 2 cents ",https://d2ec906f9aea-003845.vbulletin.net/forum/avfm-central/in-the-news/18199-explosions-rocked-the-brussels-airport
49,john_lord_b3,2019-06-24 16:44:50.316079,2016-03-23 13:52:01,256874,[256873],2015-04-01 00:00:00,[],1052,50,, This is very correct... let's hope they burn out soon.. the sooner the better ,https://d2ec906f9aea-003845.vbulletin.net/forum/avfm-central/in-the-news/18199-explosions-rocked-the-brussels-airport
50,Autolite,2019-06-24 16:44:50.316132,2016-03-23 14:00:17,256877,[256873],2014-06-01 00:00:00,"[('http', 'forums.avoiceformen.com', '/showthread.php?18183-Man-accused-of-stabbing-Canadian-soldiers-cited-Allah-police'), ('http', 'forums.avoiceformen.com', '/showt...d-Allah-police')]",3117,51,"""The truth is sometimes a poor competitor in the market of ideas"" George F. Kennan"," There's a short thread discussing that incident over here: http://forums.avoiceformen.com/showt...d-Allah-police You can check out the links if you're interested.  Reference being grounded in ""reality"" and believing in Allah (or any god), we both know where each of us stand there so I don't see any point in us flogging away on that issue over again... ",https://d2ec906f9aea-003845.vbulletin.net/forum/avfm-central/in-the-news/18199-explosions-rocked-the-brussels-airport
51,Autolite,2019-06-24 16:44:50.316190,2016-03-23 14:20:13,256880,[256873],2014-06-01 00:00:00,"[('https', 'www.amazon.ca', '/Complete-Idiots-Vietnam-Lifestyle-Paperback-ebook/dp/B00AR19KHG/ref=sr_1_1?ie=UTF8&amp'), ('https', 'www.amazon.ca', '/Complete-Idiot...he+vietnam+war')]",3117,52,"""The truth is sometimes a poor competitor in the market of ideas"" George F. Kennan"," That's an interesting POV.  I remember reading the book ""The Complete Idiot's Guide To The Vietnam War"". https://www.amazon.ca/Complete-Idiot...he+vietnam+war In that book they claim that America's involvement in Vietnam was due in a small part to a sense of national guilt for not having entered WWII sooner than they actually did.  Apparently, at the end of the Second World War, finally seeing the in-your-face hard evidence of the Nazi atrocities caused some Americans to regret not getting involved sooner. I'm not an American and I'm not making an judgments here but I'm curious if perhaps traces of some of that 'guilt' might somehow be in part what motivates the U.S. to take military action in conflicts happening in foreign countries today... ",https://d2ec906f9aea-003845.vbulletin.net/forum/avfm-central/in-the-news/18199-explosions-rocked-the-brussels-airport
52,Kosh67,2019-06-24 16:44:50.316247,2016-03-23 16:23:45,256886,[256873],2014-03-01 00:00:00,[],1507,53,"When a woman says to a man 'IF you really love me you would (INSERT VERB HERE)... 'IF you really love me you should buy/give/take/do X, Y, Z'... That's using...that's testing. And my answer to that is always; 'IF you loved me you wouldn't have asked that fucking question, now pack your shit and get the fuck out of my house.' - Maxx


Asking a feminist about men's rights is like asking a cattle rancher about veganism."," There's no such thing as ""fighting for peace"". I think a piece of graffiti I saw on a university bathroom stall about 20 years ago summed it up best: ""Fighting for peace is like fucking for virginity."" As soon as women rule, there will be world peace... And therein lies the problem. If you're fighting, you don't have peace. ",https://d2ec906f9aea-003845.vbulletin.net/forum/avfm-central/in-the-news/18199-explosions-rocked-the-brussels-airport
53,Autolite,2019-06-24 16:44:50.316300,2016-03-23 17:36:19,256889,[256815],2014-06-01 00:00:00,[],3117,54,"""The truth is sometimes a poor competitor in the market of ideas"" George F. Kennan"," I was reading another Muslim/terrorist blurb today that reminded me again of your comment.  It mentioned something about being anti-Muslim is racist, but nowhere in the article did it actually define what 'race' Muslims are suppose to be.  I'm under the impression that anyone of any race can be a member of any religion, sect or denomination.  The 'racist' accusation seems to be a way of unfairly vilifying anyone who's anti-Muslim or folks like myself who identify more accurately as being anti-Theist.  On this forum I've bashed christians far more often than Muslims.  I might currently seem to be on anti-Muslim streak but that's because those are the folks who lately seem to be bent on whacking out all the non-Muslims.  I'd be just as adamantly anti-christian if the christians wanted to start burning folks like me at the stake again! Then it occurred to me, isn't assuming Muslims (or any religion for that matter) to be of any one particular race in and of itself being racist??? ",https://d2ec906f9aea-003845.vbulletin.net/forum/avfm-central/in-the-news/18199-explosions-rocked-the-brussels-airport
54,Rollin66,2019-06-24 16:44:50.316350,2016-03-23 21:02:04,256891,[],2015-08-01 00:00:00,[],64,55,," Ultimately it seems we're all just pons in a game that is played by those that have more power and influence than we do. The reasons for these acts of heinous mass psychopathology are incomprehensible to those that are sane and rational. However those that choose to take things to this place are probably very much black and white thinkers. Things are either good or bad, light or dark, on or off, with nothing in between. So if you're of the mindset you're best course of action is to sacrifice yourself to kill innocent people, you're beyond reason, and not sane as far as I'm concerned (yes, you're also a fucking asshole, and should be dealt with by being terminated with extreme prejudice). So even though many of you out there aren't black and white thinkers, those individuals that would voluntarily join and carry out these horrific criminal acts probably are. So for those out there that point toward the root causes of these issues, these issues still exists. To do nothing, attempt to pacify, or capitulate, is to allow more innocent people to die. The die is cast. So now it comes down to this. Which color pons are sacrificed and die? The ones that are your color, or the ones that are their color? They've shown their hand, and they're playing for keeps. They'd joyfully take you down, and/or those you love or care about without missing a beat. ""War is hell"" -William T. Sherman ""Gott mitt uns"" -Slogan on WW I & II German Army Belt Buckles ",https://d2ec906f9aea-003845.vbulletin.net/forum/avfm-central/in-the-news/18199-explosions-rocked-the-brussels-airport
55,Autolite,2019-06-24 16:44:50.316413,2016-03-24 07:30:35,256908,[256891],2014-06-01 00:00:00,[],3117,56,"""The truth is sometimes a poor competitor in the market of ideas"" George F. Kennan"," Don't you mean ""got mittens""?  Actually, I like to point out that phrase to the folks who like to claim that Adolf Hitler was an Atheist.  It would seem contradictory that he would allow Wehrmacht personnel to wear that slogan on their military uniforms... ",https://d2ec906f9aea-003845.vbulletin.net/forum/avfm-central/in-the-news/18199-explosions-rocked-the-brussels-airport
56,Rollin66,2019-06-24 16:44:50.316460,2016-03-24 10:34:46,256917,[],2015-08-01 00:00:00,"[('http', 'm.huffpost.com', '/us/entry/us_56f3f849e4b02c402f66921d'), ('http', 'm.huffpost.com', '/us/entry/us_56...b02c402f66921d')]",64,57,, Assholes... http://m.huffpost.com/us/entry/us_56...b02c402f66921d ,https://d2ec906f9aea-003845.vbulletin.net/forum/avfm-central/in-the-news/18199-explosions-rocked-the-brussels-airport
57,Autolite,2019-06-24 16:44:50.316527,2016-03-24 12:14:12,256924,[256917],2014-06-01 00:00:00,[],3117,58,"""The truth is sometimes a poor competitor in the market of ideas"" George F. Kennan"," ""Every Muslim who is well aware of the history of Islam, knows that the HOLY WAR AGAINST THE INFIDELS IS AN INTEGRAL PART OF ISLAM, and those who read history would know."" And the Lefties are telling us that these attacks are not be associated with the Islamic religion. We're not suppose to see the terrorism as being influenced by religious belief.  I guess that old saying 'hearing it straight from the horse's mouth' doesn't mean anything anymore... ",https://d2ec906f9aea-003845.vbulletin.net/forum/avfm-central/in-the-news/18199-explosions-rocked-the-brussels-airport
58,Iggy,2019-06-24 16:44:50.316579,2016-03-24 12:18:54,256925,[],2014-04-01 00:00:00,[],1296,59,," Clarification. Islam or Muslim is not a race.  A Muslim is a follower of Islam, and you can be black or white or arabic or asian and call yourself a Muslim.  Islam is not just religious world view... Islam is also a political mandate and call to subjugate the world to Allah.  Islam is a political system, and is identical to communism in that all it's practitioners are mandated and morally dictated to overcome non-believers by any means necessary, voluntary or by force, in either outright conversion or subjugation to Islamic (Sharia) law. And calling someone an anti-Muslim really means anti-Islam, or Islamaphobic or whatever made-up shame-wording people use to attempt to censor criticism.   Those who practise Islam are fundamentally the same as the Nazi party or the Communist party... either convert/subjugate or be killed.   The fact that Islam is not the reigning power in the world is the same reason why Nazi or Communism is not the reigning system in the world... because people who reject Islam are armed and will defend themselves from subjugation.    And because most of these well-armed resistors have more advanced technologies, Islam practitioners have changed tactics from direct conflict to more indirect methods, such as terrorism, migration / subterfuge (political correctness) and straight-up out-breeding the resisters.     You have to admire the versatility of the Islamic political system.  They don't quite have the same reach as the communists have via Academic indoctrination, but communist ideology and Islamic ideology are not all that far apart.  Communist is subjugation to the state... Islam just gives the state a name 'Allah'.. which gives it the extra morality kick in the tribal brain that makes it all that more attractive to a certain demographic. The only real thing that matters to anyone who practises Islam is if you are wiling to subjugate or not.    If not, then you are an infidel and your death is not all that big a deal, or will be celebrated as a victory for Islam.  Being anti-Islam is about resisting subjugation.  Not much different than being anti-feminist is resisting subjugation to gynocentrism.   Islam is very political, deadly political... and just as serious as Nazism or Communism in it's goals, outcomes and false moral justifications.  Pray to Mecca or Hailing Hitler.. they are fundamentally the same thing.  Wear a Hijab or wear a red swastika bandana on your arm... they are fundamentally the same.   Both are proclamations of subjugation to a political ideology and worldview. Neither have anything to do with Philosophy, Voluntarism, universal morals (preferable behavior) or property rights.  You belong to Islam, or the state, or you will be enslaved by either, or fight for your fundamental property rights.. the rights to your body and what your body produces. This battle is all about the fundamental belief in the value of a human being, and who gets to own the value created by that human being.  Humans are the most valuable things on earth, in terms of their capability to produce resources.   Slavery was practised for that very reason.  Islam is practised for that very reason.  To subjugate and control humans.   I'm not going to self-censor and bow down to false morality or false shame so that I can hand my property over to someone else.  Call Islam what it is, slavery... and be proud of being anti-slavery. ",https://d2ec906f9aea-003845.vbulletin.net/forum/avfm-central/in-the-news/18199-explosions-rocked-the-brussels-airport
59,Jaybee,2019-06-24 16:44:50.316627,2016-03-24 13:42:39,256929,[],2015-10-01 00:00:00,[],1270,60,">>""and in other news, the Judge in the case of AVFM Vs Feminazism ruled today that the creators of 'Gender Equality' are guilty of Intent to Obtain Social Change by Deception. The Feminazi case collapsed just one day into the trial, after a 1st year medical student demonstrated that men are not, in fact, equal to women"".<<


Newbie AVFM Member, 2 days in: ""My eyes, why do my eyes hurt?""

Jaybee, cautious tone: ""You've never used them before""."," Iggy, how then do you reconcile Islamic-majority states where other faiths are allowed freedom to worship?  Turkey, Indonesia, Algeria, Lebanon?  Even in Saudi there are enclaves created for western workers wherein they can purchase and enjoy alcohol.   You drew some interesting parallels with totalitarianism, and drill down interestingly to the economics of human activity, but look at MMO - Method, Motive, Opportunity...who could engineer a war in the ME, gain from it being ongoing, and uses the pretext of ""We need to stabilise the flow of oil"" as pretext? ",https://d2ec906f9aea-003845.vbulletin.net/forum/avfm-central/in-the-news/18199-explosions-rocked-the-brussels-airport
60,Iggy,2019-06-24 16:44:51.522863,2016-03-24 14:31:46,256933,[],2014-04-01 00:00:00,"[('https', 'www.youtube.com', '/watch?v=Xbp6umQT58A'), ('https', 'www.youtube.com', '/watch?v=Xbp6umQT58A')]",1296,61,," If you subjugate yourself to Islamic law, you are tolerated, which is not much different than subjugating yourself to communist law, or even democratic state law.  Islam has accommodations for infidels, but only infidels willing to live under Islamic law.  However the ownership of your body under an Islamic state is still not yours.   Apparently the infidels are excellent resource producers and managers.. moreso that the native slaves.. so states are kean to make 'exceptions' for the infidels provided they pay a modest fee for the opportunity.   The state creates laws to sell exceptions.. a universal concept for all centralized moral authorities.. not unique to Islam. Don't get me wrong, democratic states do the same thing, but the subjugation is more financial and is applied to the unborn via state debt.  Its less in your face, but democratic states are keen on human tax cattle as well.. using false moral justifications as well.   The outright violence is less tolerated in democracies, because its proven to upset the productivity of the tax cattle, so things like 'rights' are bestowed to the cattle to entice them to justify their enslavement.   If you are not financially free, if financial obligations can be imposed on you at birth... well... that's still slavery. See the link below if you haven't yet. It applies to pretty much every 'state' concept, be that Islam or the good olde U S of A.   I'll take the USA version of slavery over Islam... at least the US isn't killing it's apostates as often... just sicking its feminists/SJW/progressives on them to try to financially bankrupt them.   https://www.youtube.com/watch?v=Xbp6umQT58A Oil is useless.. absolutely useless without the human capital and ingenuity to make it useful.  Oil is only a resource because someone figured out how to refine it and turn it into human labour saving devices.   TThe foriegn policies of western nations has little to do with resources, more to do with false moral posturing.. but there is certainly some pandering to corporate crony-ism for politicians who take money from special interest groups to prevent or hinder competition in resource-based markets. The Middle East has been at war for human capital much much longer than the usefulness of oil was discovered.   Oil was a nuisance for most of mankind's history.  Now... it's a liberating engine that those who farm humans are eager to seize control over.  Not the oil.. but the states that control oil.. so they can control the people.  Oil is an excuse, and it's easy to blame 'oil' for all the woe's on earth... its the same excuse people use to blame whites for everything.. its an easy target, and easy excuse, and easy threat narrative to propagate. Most of what we see in the world boils down to the inability to conceive of voluntary interactions to trade resources.  Its infantile, but that makes sense as we are all infants at one time and we depended on others to support our lives.  That fear, that we will be unable to trade with others to get what we need, is what fuels a lot of this war-warmongering hysteria and supports false moral systems like states and religions.  I think this fear stems from our youth, were we are not treated as valuable but rather expected to comply or be subject to escalating violence till we do comply.  But that is a long subject to break down here. I don't care where the oil comes from, I don't need to 'control it'.. because Oil is useless unless you can trade it, unless it has use.   Scarcity is yet another myth used as a false moral justification for enslaving humans.  Again.. long subject.. but worth looking into if you are curious about it. ",https://d2ec906f9aea-003845.vbulletin.net/forum/avfm-central/in-the-news/18199-explosions-rocked-the-brussels-airport
61,Autolite,2019-06-24 16:44:51.522937,2016-03-25 02:29:18,256957,[256933],2014-06-01 00:00:00,[],3117,62,"""The truth is sometimes a poor competitor in the market of ideas"" George F. Kennan"," Well this is one Infidel who will not go quietly.  They can have my toasted bacon sandwich when they 'pry it from my cold, dead hands'!   I see what's coming and I have already started hoarding and stockpiling pork chops and sliced ham... ",https://d2ec906f9aea-003845.vbulletin.net/forum/avfm-central/in-the-news/18199-explosions-rocked-the-brussels-airport
62,dubs,2019-06-24 16:44:51.522988,2016-03-25 05:05:02,256965,[],2013-08-01 00:00:00,[],3320,63,," Since the first humans were on Earth, they work to control each other for profit. That goes for atheism, islam, communism, ""democracy"" or anything else. The only difference with Islam is it's a ""foreign tribe"" so it is singled out whereas ""domestic"" schemes are simply accepted as ""death and taxes."" Islam isn't a race, but it's demonized particularly because of race. Otherwise it's indistinguishable from all the other noise. Ppl who claim to be ""free"" can't even see the cell bars, it's just part of the decor. ",https://d2ec906f9aea-003845.vbulletin.net/forum/avfm-central/in-the-news/18199-explosions-rocked-the-brussels-airport
63,Autolite,2019-06-24 16:44:51.523051,2016-03-25 07:29:38,256976,[256965],2014-06-01 00:00:00,"[('https', 'd2ec906f9aea-003845.vbulletin.net', '/core/images/smilies/rolleyes.png')]",3117,64,"""The truth is sometimes a poor competitor in the market of ideas"" George F. Kennan"," Thanks for clearing that up for us dubs!  I was sorta under the impression that Islam was being given a bad rap because it was inspiring folks to slice off other peoples' heads with bread knives, blowing up buildings, airports, subways and such and flying jet airliners full of passengers into skyscrapers. So then it's really the 'race' thing regardless of the fact that anyone from any race could be a Muslim.  I feel so much more enlightened now...  (Here in Canada we had a couple of folks murdered in the name of Allah by Muslims who were of the same race as me. Now I guess I'll have to somehow 'demonize' myself). ",https://d2ec906f9aea-003845.vbulletin.net/forum/avfm-central/in-the-news/18199-explosions-rocked-the-brussels-airport
64,malcolm,2019-06-24 16:44:51.523123,2016-03-25 08:18:57,256980,[256965],2012-10-01 00:00:00,[],2895,65,"“No one is free who has not obtained the empire of himself. No man is free who cannot command himself.”
― Pythagoras"," You are right, Islam is not a race, and the most populous Islamic country isn't even Arab. The most powerful nation in the middle east isn't even an Arab nation, Iran is Persian. I will admit that many westerners do confuse the concept, and that we do have many ignorant westerns who actually do use events like Brussels as an outlet for their racism. I live in a small town, so I often hear all kinds of stupid things said. I hear people calling Muslims A-rabs. This, however, is a handy way for ""progressives"" to conflate two different issues and call people who have more nuanced reasoning ""racists"" and shut them up. Pan Arabism often gets conflated with the concept of the establishment of an Islamic Caliphate. The majority of the world's Muslims wouldn't give a shit about Pan Arabism, it's got nothing to do with them (other than the fallout).  The problem with Islam is that it's very easy to convince uneducated people to commit atrocities in its name. Palestine is awash with young under-educated people who have been raised on a steady diet of brainwashing and hate through the culture, their TV shows and their mosques. All a person has to do is to read the Qu'ran to understand why.  When people criticise Islam, they are criticising its leaders who DO preach hate. If the Pope, cardinals and bishops were promoting hatred and encouraging youngsters to blow themselves up, one would obviously have to conclude that there's a problem with Catholicism that goes straight to its root. If it's too easy to turn the word of God into a justification for violence, then those problems should be addressed, and if the people don't want to address them then there's no other solution than armed conflict. One branch of Islam that I do have a great deal of respect for is the Ismaili population in Canada. They have been a lot like the Jews, very hard working, very business oriented, they integrate well into their respective communities and are exceptionally charitable to one another and the communities they live in. ",https://d2ec906f9aea-003845.vbulletin.net/forum/avfm-central/in-the-news/18199-explosions-rocked-the-brussels-airport
65,dubs,2019-06-24 16:44:51.523184,2016-03-25 10:47:57,256999,"[256976, 256980]",2013-08-01 00:00:00,[],3320,66,," Right, cuz that doesn't happen otherwise. Their kind didn't start this shit, your kind started it. And your kind excuses it and talks alot of bullshit about ""let's stop the hatred"" as if there aren't westerners killing muslims right this second. Like I said, if there was any justice in the world, white people should be hunted down and exterminated. But there is no justice. There's ""just us."" So western culture spread across the Earth like a disease. It is what it is. ",https://d2ec906f9aea-003845.vbulletin.net/forum/avfm-central/in-the-news/18199-explosions-rocked-the-brussels-airport
66,Jaybee,2019-06-24 16:44:51.523241,2016-03-25 11:32:40,257004,[256980],2015-10-01 00:00:00,[],1270,67,">>""and in other news, the Judge in the case of AVFM Vs Feminazism ruled today that the creators of 'Gender Equality' are guilty of Intent to Obtain Social Change by Deception. The Feminazi case collapsed just one day into the trial, after a 1st year medical student demonstrated that men are not, in fact, equal to women"".<<


Newbie AVFM Member, 2 days in: ""My eyes, why do my eyes hurt?""

Jaybee, cautious tone: ""You've never used them before""."," But all one has to do, is look at the youth of the US.  Raised equally on a steady diet of bloodshed and hatred for those evil woman-bashers who despise 'our' culture.  All one has to do is watch anything out of Hollywood to understand how badly, and sadly, the brainwash has sunk in.  No wonder the morally and intellectually weakest of them signed up. As I respect, with HUGE deference, the 'Refusenik' community of Israel, whose members in the IAF refuse to go on bombing missions over Israeli-occupied territory.  I am a Christian, and as such THOSE Jews hold my highest regard for standing firm with the greatest tenet of Christianity; Love. ",https://d2ec906f9aea-003845.vbulletin.net/forum/avfm-central/in-the-news/18199-explosions-rocked-the-brussels-airport
67,Kosh67,2019-06-24 16:44:51.523302,2016-03-25 11:34:13,257005,"[256976, 256999]",2014-03-01 00:00:00,[],1507,68,"When a woman says to a man 'IF you really love me you would (INSERT VERB HERE)... 'IF you really love me you should buy/give/take/do X, Y, Z'... That's using...that's testing. And my answer to that is always; 'IF you loved me you wouldn't have asked that fucking question, now pack your shit and get the fuck out of my house.' - Maxx


Asking a feminist about men's rights is like asking a cattle rancher about veganism."," OK, name one single incident since the dawning of the 20th century where people had their heads sawn off with bread knives and planes were purposely flown into skyscrapers where Muslims weren't directly involved. I really hope you don't truly believe that. I'd find that quite concerning if you do. What, you mean like the ""disease"" which created the computer you're typing on, the operating system needed to run it, the browser you're using to surf here, the site operators/board of AVFM, the people who created the forum software, the programming languages needed to code them, the Internet in general and the harnessing of electricity which is used to power it all? On behalf of all the white people past, present and future who have and will contribute to everything that made this happen, you're welcome. ",https://d2ec906f9aea-003845.vbulletin.net/forum/avfm-central/in-the-news/18199-explosions-rocked-the-brussels-airport
68,Jaybee,2019-06-24 16:44:51.523357,2016-03-25 11:38:54,257007,[256999],2015-10-01 00:00:00,"[('https', 'd2ec906f9aea-003845.vbulletin.net', '/core/images/smilies/smile.png')]",1270,69,">>""and in other news, the Judge in the case of AVFM Vs Feminazism ruled today that the creators of 'Gender Equality' are guilty of Intent to Obtain Social Change by Deception. The Feminazi case collapsed just one day into the trial, after a 1st year medical student demonstrated that men are not, in fact, equal to women"".<<


Newbie AVFM Member, 2 days in: ""My eyes, why do my eyes hurt?""

Jaybee, cautious tone: ""You've never used them before""."," Speaking as a man of non-western roots, I must take exception and give support to this, simultaneously. White people, while responsible for HORRIFIC atrocities to each other, have also given humanity some of its hugest breakthroughs in science, medicine and technology.   White women, especially Cindy Crawford and Gabby Reece, have given humanity HUGE amounts of whack-worthy material; for those two reasons, I think we need, as a species overall, to exercise a bit of discretion.   ",https://d2ec906f9aea-003845.vbulletin.net/forum/avfm-central/in-the-news/18199-explosions-rocked-the-brussels-airport
69,malcolm,2019-06-24 16:44:51.523423,2016-03-25 11:40:26,257008,[256999],2012-10-01 00:00:00,[],2895,70,"“No one is free who has not obtained the empire of himself. No man is free who cannot command himself.”
― Pythagoras", My kind? What kind is that? ,https://d2ec906f9aea-003845.vbulletin.net/forum/avfm-central/in-the-news/18199-explosions-rocked-the-brussels-airport
70,Autolite,2019-06-24 16:44:51.523494,2016-03-25 12:04:10,257010,[256999],2014-06-01 00:00:00,[],3117,71,"""The truth is sometimes a poor competitor in the market of ideas"" George F. Kennan"," Well perhaps try seeing this from the point of view of an Atheist like me. Let's look at the number of mass shootings, random stabbings, blown up buildings, pressure cooker explosions, hi-jacked airliners crashed, beheadings and vehicular homicides carried out in the name of Allah and the number of the same types of acts carried out in the name of the 'Flying Spaghetti Monster'. I've honestly lost count of those incidents attributed to the former but I believe the number of similar incidents that can be attributed to the latter is currently hovering somewhere around zero.  There's seems to be a noticeable discrepancy with those numbers there.  Perhaps I should go key somebody's car in the name of the FSM just to make you feel better... ",https://d2ec906f9aea-003845.vbulletin.net/forum/avfm-central/in-the-news/18199-explosions-rocked-the-brussels-airport
71,john_lord_b3,2019-06-24 16:44:51.523541,2016-03-25 12:28:39,257012,[256980],2015-04-01 00:00:00,[],1052,72,," Indeed, outstanding Ismailis like His Highness Aga Khan had done many good deeds, admired by Muslims and non-Muslims alike. ",https://d2ec906f9aea-003845.vbulletin.net/forum/avfm-central/in-the-news/18199-explosions-rocked-the-brussels-airport
72,dubs,2019-06-24 16:44:51.523594,2016-03-25 12:29:12,257013,"[257005, 257005, 257008]",2013-08-01 00:00:00,[],3320,73,," Aren't cruise missiles self-driving planes that drive themselves into buildings? How many stabbings are there in the US every year? Even if white people invented something useful, their culture is a plague, even to themselves. Chickenhawks ",https://d2ec906f9aea-003845.vbulletin.net/forum/avfm-central/in-the-news/18199-explosions-rocked-the-brussels-airport
73,dubs,2019-06-24 16:44:51.523642,2016-03-25 12:37:12,257015,[257010],2013-08-01 00:00:00,[],3320,74,," So all of the random shooting, stabbing, killing, in LA, Chicago, New York, these are all carried out in the name of Allah? From my knowledge of history, atheists do ""big ticket"" atrocities like Hitler, Stalin, Pol Pot, Khmer Rouge, etc. If we were to slice up atrocities by religion, I'm pretty sure ""Atheists"" would take the trophy. ",https://d2ec906f9aea-003845.vbulletin.net/forum/avfm-central/in-the-news/18199-explosions-rocked-the-brussels-airport
74,Kosh67,2019-06-24 16:44:51.523687,2016-03-25 12:59:27,257018,[257015],2014-03-01 00:00:00,[],1507,75,"When a woman says to a man 'IF you really love me you would (INSERT VERB HERE)... 'IF you really love me you should buy/give/take/do X, Y, Z'... That's using...that's testing. And my answer to that is always; 'IF you loved me you wouldn't have asked that fucking question, now pack your shit and get the fuck out of my house.' - Maxx


Asking a feminist about men's rights is like asking a cattle rancher about veganism."," Yes... all of the ""atheists"" like Roman Catholic Adolf Hitler... Godwin's Law, you lose. Also, Khmer Rouge was LED by Pol Pot, so it's basically 2 ways of saying the same thing. Double fail. ",https://d2ec906f9aea-003845.vbulletin.net/forum/avfm-central/in-the-news/18199-explosions-rocked-the-brussels-airport
75,malcolm,2019-06-24 16:44:52.867603,2016-03-25 13:01:39,257019,[257013],2012-10-01 00:00:00,[],2895,76,"“No one is free who has not obtained the empire of himself. No man is free who cannot command himself.”
― Pythagoras"," Lol, you just throw meaningless words around when your emotions get the better of you. I just lost a lot of respect for you. ",https://d2ec906f9aea-003845.vbulletin.net/forum/avfm-central/in-the-news/18199-explosions-rocked-the-brussels-airport
76,Autolite,2019-06-24 16:44:52.867674,2016-03-25 13:41:16,257021,"[257015, 257015]",2014-06-01 00:00:00,[],3117,77,"""The truth is sometimes a poor competitor in the market of ideas"" George F. Kennan"," You do know what a 'straw-man' argument is right? Looking at Stalin for example, are you really claiming that he carried his purges in the name of Atheism!?!  Stalin whacked out those he saw as a threat to the advancement of his political ideology or those he just didn't trust or he felt might challenge his authority  (many of whom I am guessing were most likely Atheists themselves).  The radical Muslim terrorist killings are directly inspired by Islam and non-Muslims are specifically targeted in what has been referred to as a Holy War against the infidels by the perps themselves. Please don't tell us that you really don't see the difference.  It's kinda insulting... ",https://d2ec906f9aea-003845.vbulletin.net/forum/avfm-central/in-the-news/18199-explosions-rocked-the-brussels-airport
77,Autolite,2019-06-24 16:44:52.867732,2016-03-25 13:56:04,257022,[257013],2014-06-01 00:00:00,[],3117,78,"""The truth is sometimes a poor competitor in the market of ideas"" George F. Kennan", You're pulling the same shit as Jaybee.  You don't seem to differentiate between a multi-national coalition implementing a government mandated military armed intervention operating legally under the international rules of war with mutually agreed upon objectives and terrorism.    The difference is kinda clear for most of us.  I'm not quite sure what your problem might be... ,https://d2ec906f9aea-003845.vbulletin.net/forum/avfm-central/in-the-news/18199-explosions-rocked-the-brussels-airport
78,Kosh67,2019-06-24 16:44:52.867790,2016-03-25 14:08:34,257023,[257013],2014-03-01 00:00:00,"[('https', 'en.wikipedia.org', '/wiki/Killing_of_Tim_McLean')]",1507,79,"When a woman says to a man 'IF you really love me you would (INSERT VERB HERE)... 'IF you really love me you should buy/give/take/do X, Y, Z'... That's using...that's testing. And my answer to that is always; 'IF you loved me you wouldn't have asked that fucking question, now pack your shit and get the fuck out of my house.' - Maxx


Asking a feminist about men's rights is like asking a cattle rancher about veganism."," I'm not really sure how to answer that one, but let's put it another way... can you name a single incident where it was an actual plane, ie. something that looks like a plane and everyone who saw it would identify it as a plane and not a missile, with pilots, passengers and crew on board, crashing that plane into the building where Muslims weren't directly involved? No clue, not being from the US. None of my cursory internet searching turned up any results, either. Still, are you seriously comparing a simple stabbing, which is over in a fraction of a second, to someone sawing a person's head off with a kitchen knife while the person's screaming and writhing in agony the whole time and basically being as calm about it as if you're cutting celery sticks? BTW, I did find such an incident that actually took place in Canada. As far as I've been able to find, the murderer wasn't a Muslim, however he was diagnosed as schizophrenic and found to be ""not legally responsible"" because he heard ""the voice of God"" in his head telling him to execute his victim. He was never imprisoned, but he was shipped off to a mental facility. As of February 26th of this year, he has won the right to be released and live on his own. If I was the judge, I would have thrown him UNDER the prison. OK, other than algebra, which comes from the Arabic term al-jabr, what have Muslims invented that's in any way useful? Out of this undoubtedly extensive list, which ones would be considered beneficial and not simply another way to inflict more grievous injuries in a more efficient manner? ",https://d2ec906f9aea-003845.vbulletin.net/forum/avfm-central/in-the-news/18199-explosions-rocked-the-brussels-airport
79,MatrixTransform,2019-06-24 16:44:52.867848,2016-03-25 14:11:01,257024,[257013],2015-07-01 00:00:00,[],3311,80,"""Men, it has been well said, think in herds; it will be seen that they go mad in herds, while they only recover their senses slowly, and one by one"" - Charles Mackay

And therefore never send to know for whom the bell tolls; It tolls for thee. - Donne

""What we are seeing in this headless misandry is a grand display of the Tyranny of the Underdog: 'I am a wretchedly longstanding victim; therefore I own no burden of adult accountability, nor need to honor any restraint against my words and actions. In fact, all efforts to restrain me are only further proof of my oppressed condition.'
""It is the most perfect trump-card against accountable living ever devised."" - Gladden Schrock

""What remains for most men in modern life is a world of expectation without reward, burden without honor and service without self"" - Paul Elam"," geez Dubs, this bitter theme is a little disturbing. I just cannot see how framing anything this way actually supports your argument. disturbing because apparently, you can indeed see merit in it. I had a discussion with a guy the other day among a very diverse group of guys on a training forum. People from all over the world...was like a Noah's Ark of culture. This home grown idiot (whom I nearly employed once but thankfully had the wisdom not to) was very busy using the forum to repeated employ logical fallacy in order to polarise and remove any chance of actual topic discussion. Sequentially Straw-man-ing, black-and-white, slippery-slope, and cherry-picking it was absurd. He inferred repeatedly that part of the grand solution was to pull down the current systems of govt. When pressed on his particular vision of a new govt on numerous occasions he would sit back in his chair, fold his arms and with a smug idiot-grin, and say nothing. I absolutely insisted he express his view on what form this new order would take and eventually he did answer. he said, and I quote, ""I cant say that because I will sound like a terrorist"" in my head, and Im pretty sure in many other's heads, I thought, ""dude, youre a fuckwit if think you didnt already sound like a terrorist"" for the next 2 days he didnt have a lot to say ...which is great, because without speaking about it at all absolutely everybody else knew that everything he did say could not be trusted. Dubs, from what Ive read that you post now and in the past it seems that the only real difference between you and I, is the colour of our fucking skin. Thankyou, at least for stating plainly what you think about that. ",https://d2ec906f9aea-003845.vbulletin.net/forum/avfm-central/in-the-news/18199-explosions-rocked-the-brussels-airport
80,Kosh67,2019-06-24 16:44:52.867899,2016-03-25 15:46:13,257027,[257022],2014-03-01 00:00:00,[],1507,81,"When a woman says to a man 'IF you really love me you would (INSERT VERB HERE)... 'IF you really love me you should buy/give/take/do X, Y, Z'... That's using...that's testing. And my answer to that is always; 'IF you loved me you wouldn't have asked that fucking question, now pack your shit and get the fuck out of my house.' - Maxx


Asking a feminist about men's rights is like asking a cattle rancher about veganism."," I don't know... when it comes to warfare vs. terrorism, I'm not sure that the victims (at least those who survive, anyway) in either case would acknowledge any kind of a difference. The only real differences I see between warfare and terrorism is the scale and the spin that's put on it, eg. ""We lay out careful plans to invade other countries and commit mass murder in the first degree over the course of multiple decades in a row"" = warfare as you've outline above, while ""the victims of said incursions get rightfully pissed off and strike back in a single incident where the death count is at most one ten thousandth of those inflicted by our legal and righteous war"" = ""terrorism that must be stopped"". If you want to get rid of all the bloodshed in the Middle East, perhaps the best thing to be done about it would be to pull out, do nothing, let them fight among themselves and burn themselves out. ",https://d2ec906f9aea-003845.vbulletin.net/forum/avfm-central/in-the-news/18199-explosions-rocked-the-brussels-airport
81,MatrixTransform,2019-06-24 16:44:52.867953,2016-03-25 16:52:43,257028,[257027],2015-07-01 00:00:00,[],3311,82,"""Men, it has been well said, think in herds; it will be seen that they go mad in herds, while they only recover their senses slowly, and one by one"" - Charles Mackay

And therefore never send to know for whom the bell tolls; It tolls for thee. - Donne

""What we are seeing in this headless misandry is a grand display of the Tyranny of the Underdog: 'I am a wretchedly longstanding victim; therefore I own no burden of adult accountability, nor need to honor any restraint against my words and actions. In fact, all efforts to restrain me are only further proof of my oppressed condition.'
""It is the most perfect trump-card against accountable living ever devised."" - Gladden Schrock

""What remains for most men in modern life is a world of expectation without reward, burden without honor and service without self"" - Paul Elam"," well, that being said why then does that not happen? ...Im gonna ring (I mean email) Putin and ask ",https://d2ec906f9aea-003845.vbulletin.net/forum/avfm-central/in-the-news/18199-explosions-rocked-the-brussels-airport
82,Berne,2019-06-24 16:44:52.868006,2016-03-26 01:23:46,257038,[257028],2014-11-01 00:00:00,[],2010,83,," Money. Oil. Weapons. In sum: material interests. In short simplistic version: western goverments went in in the 20th century and drew unnatural borders in the region and backed the minority religious regimes (Assad, Khadaffi etc), then when those pawns no longer listened too well to the boss, they needed to be taken out, so the CIA created Daesh to destabilize them. But Daesh is a hornet's nest of local and politcial interests and lashes back by launching terrorist attacks in Europe. Due to cultural clashes (the multicult-bullshit) Daesh finds large numbers of disgruntled muslims born in Europe, who are more than willing to help them. Meanwhile a radical nut like Erdogan who is murdering Kurds by the thousands, and who only offers refuge to sunnite refugees, while kicking out all others like Kurds and sjiites in a shitty boat direction Lesbos, Greece, gets shitloads of money from the EU to stop sending refugees... ALL of this is pure gold for western arms dealers and NATO. It gives them a job and a profit. So why would they ever wanna stop it? Do you have any idea how many times they're making a profit in war? Selling arms, selling catering contracts for troops, going in with 'rebuilding' companies after the war.  Many Syrian civilians are fleeing Syria not because they don't want to fight, but because they don't know WHO to fight. Everybody is bombing them. Assad, Daesh, CIA... A few dead Parisians and Belgians, what does power-hungry NATO care? They just use it to make Europeans scared shitless and extort more money from them for 'security measures'. And meanwhile everybody is posting ""Je suis Bruxelles"" and ""Say no to terrorism"" while we really should be taking the pitchforks to our own governments. Very puke-worthy. ",https://d2ec906f9aea-003845.vbulletin.net/forum/avfm-central/in-the-news/18199-explosions-rocked-the-brussels-airport
83,Anonymous,2019-06-24 16:44:52.868057,2016-03-26 01:33:16,257039,[257038],2015-06-01 00:00:00,[],2443,84,"I sexually identify as a sword pommel, check your privilege or i will have to end you RIGHTLY."," I said it before and i'll say it again, they know what territories are held by ISIS, they know which cities, which oil fields, what bases, ISIS would be completely neutered if this interests were taken out, but somebody obviously does not want them taken out, somebody is buying cheap oil from ISIS, the question is who? Various nations keep pointing a finger to each other all the while ISIS is allowed to happily keep it's operation and gather funds to blow up stuff. ",https://d2ec906f9aea-003845.vbulletin.net/forum/avfm-central/in-the-news/18199-explosions-rocked-the-brussels-airport
84,Jaybee,2019-06-24 16:44:52.868107,2016-03-26 04:11:08,257040,[257039],2015-10-01 00:00:00,[],1270,85,">>""and in other news, the Judge in the case of AVFM Vs Feminazism ruled today that the creators of 'Gender Equality' are guilty of Intent to Obtain Social Change by Deception. The Feminazi case collapsed just one day into the trial, after a 1st year medical student demonstrated that men are not, in fact, equal to women"".<<


Newbie AVFM Member, 2 days in: ""My eyes, why do my eyes hurt?""

Jaybee, cautious tone: ""You've never used them before""."," At last, we get the hub of the matter.  At any given time it pays to have a bogeyman in the M.E, whether that's Al Qaeda, the Taliban, or now ISIS.   And ultimately, the ONLY material difference between warfare and terrorism is that warfare is MUCH deadlier.  The fact that it can be used to legally justify 300,000 'incidental' killings will disturb all but the weakest or bloodthirstiest minds. ",https://d2ec906f9aea-003845.vbulletin.net/forum/avfm-central/in-the-news/18199-explosions-rocked-the-brussels-airport
85,Jaybee,2019-06-24 16:44:52.868161,2016-03-26 04:22:15,257041,[257018],2015-10-01 00:00:00,[],1270,86,">>""and in other news, the Judge in the case of AVFM Vs Feminazism ruled today that the creators of 'Gender Equality' are guilty of Intent to Obtain Social Change by Deception. The Feminazi case collapsed just one day into the trial, after a 1st year medical student demonstrated that men are not, in fact, equal to women"".<<


Newbie AVFM Member, 2 days in: ""My eyes, why do my eyes hurt?""

Jaybee, cautious tone: ""You've never used them before""."," Pardon me, Hitler renounced the Church in particular, and Catholicism in general well before the War, and had created plans for it's destruction throughout Germany to be implemented after the War. ",https://d2ec906f9aea-003845.vbulletin.net/forum/avfm-central/in-the-news/18199-explosions-rocked-the-brussels-airport
86,Monsieur,2019-06-24 16:44:52.868204,2016-03-26 04:22:18,257042,[],2014-11-01 00:00:00,[],252,87,, It's Gladio B ,https://d2ec906f9aea-003845.vbulletin.net/forum/avfm-central/in-the-news/18199-explosions-rocked-the-brussels-airport
87,MatrixTransform,2019-06-24 16:44:52.868256,2016-03-26 04:41:18,257043,[257038],2015-07-01 00:00:00,[],3311,88,"""Men, it has been well said, think in herds; it will be seen that they go mad in herds, while they only recover their senses slowly, and one by one"" - Charles Mackay

And therefore never send to know for whom the bell tolls; It tolls for thee. - Donne

""What we are seeing in this headless misandry is a grand display of the Tyranny of the Underdog: 'I am a wretchedly longstanding victim; therefore I own no burden of adult accountability, nor need to honor any restraint against my words and actions. In fact, all efforts to restrain me are only further proof of my oppressed condition.'
""It is the most perfect trump-card against accountable living ever devised."" - Gladden Schrock

""What remains for most men in modern life is a world of expectation without reward, burden without honor and service without self"" - Paul Elam"," My original question was sardonic ... pretty sure it aint all that simple. were it simple...it would be fixed no? Generally, I dont do polemic (though I will make an exception for feminism). So, I seem to get into this generalised form of argument a lot. Politics, war, economics etc. innit convenient we sit a round a kitchen table or in blog or chat rooms and proselytise about how its all so damn simple...at no personal risk or expense We offer (usually drunk) opinion on what blindingly obvious thing should be done next ...to just fix everything. and chortle to ourselves and bicker over who's the least morally reprehensible. ...a race to the absolute nadir of responsibility. here. we. are. avec bombs, sans bombs (that's australian french right there) ... here. we. are. ...and not fucking solution in sight ... just opinions from horizon to horizon. Dont forget that all that evil machine keeps you in chocolate and me in beer (or possibly the other way around) Thank the Flying Spaghetti Monster that it isnt my arse in a sling having to make all the hard decisions. ...it is somebody's though ",https://d2ec906f9aea-003845.vbulletin.net/forum/avfm-central/in-the-news/18199-explosions-rocked-the-brussels-airport
88,MatrixTransform,2019-06-24 16:44:52.868310,2016-03-26 04:44:25,257044,[257038],2015-07-01 00:00:00,[],3311,89,"""Men, it has been well said, think in herds; it will be seen that they go mad in herds, while they only recover their senses slowly, and one by one"" - Charles Mackay

And therefore never send to know for whom the bell tolls; It tolls for thee. - Donne

""What we are seeing in this headless misandry is a grand display of the Tyranny of the Underdog: 'I am a wretchedly longstanding victim; therefore I own no burden of adult accountability, nor need to honor any restraint against my words and actions. In fact, all efforts to restrain me are only further proof of my oppressed condition.'
""It is the most perfect trump-card against accountable living ever devised."" - Gladden Schrock

""What remains for most men in modern life is a world of expectation without reward, burden without honor and service without self"" - Paul Elam", hmmph ... then you'll be the govt and you'll have to put down the pitchfork and pick up the pen. what would be your first decree? ,https://d2ec906f9aea-003845.vbulletin.net/forum/avfm-central/in-the-news/18199-explosions-rocked-the-brussels-airport
89,Berne,2019-06-24 16:44:52.868358,2016-03-26 06:54:28,257050,[257043],2014-11-01 00:00:00,[],2010,90,, Uh where did I say it was simple? I explicitly stated 'in short simplistic version' which implies it's actually a lot more complicated. Not sure what your comment means. ,https://d2ec906f9aea-003845.vbulletin.net/forum/avfm-central/in-the-news/18199-explosions-rocked-the-brussels-airport
90,Berne,2019-06-24 16:44:54.167747,2016-03-26 07:05:09,257051,[257044],2014-11-01 00:00:00,[],2010,91,," ""Spray cannabis vapor all over the world so everybody chills the fuck out.""  but, it ain't that simple, innit... ",https://d2ec906f9aea-003845.vbulletin.net/forum/avfm-central/in-the-news/18199-explosions-rocked-the-brussels-airport
91,Jaybee,2019-06-24 16:44:54.167826,2016-03-26 08:37:26,257055,[257051],2015-10-01 00:00:00,"[('https', 'd2ec906f9aea-003845.vbulletin.net', '/core/images/smilies/smile.png')]",1270,92,">>""and in other news, the Judge in the case of AVFM Vs Feminazism ruled today that the creators of 'Gender Equality' are guilty of Intent to Obtain Social Change by Deception. The Feminazi case collapsed just one day into the trial, after a 1st year medical student demonstrated that men are not, in fact, equal to women"".<<


Newbie AVFM Member, 2 days in: ""My eyes, why do my eyes hurt?""

Jaybee, cautious tone: ""You've never used them before"".", Not sure I'll ever get used to you talking like a Limehouse girl Berne...  ,https://d2ec906f9aea-003845.vbulletin.net/forum/avfm-central/in-the-news/18199-explosions-rocked-the-brussels-airport
92,Berne,2019-06-24 16:44:54.167887,2016-03-26 11:08:37,257062,[257055],2014-11-01 00:00:00,[],2010,93,," I don't know what Limehouse girls are, but I guess that was my best imitation then. LOL ",https://d2ec906f9aea-003845.vbulletin.net/forum/avfm-central/in-the-news/18199-explosions-rocked-the-brussels-airport
93,MatrixTransform,2019-06-24 16:44:54.167964,2016-03-26 14:51:13,257074,"[257051, 257051]",2015-07-01 00:00:00,"[('https', 'en.wikipedia.org', '/wiki/Stimming'), ('http', 'www.avoiceformen.com', '/feminism/the-liberty-of-the-non-feminist-sector-free-because-its-yours/'), ('https', 'youtu.be', '/BK0Xdt9pMQ0')]",3311,94,"""Men, it has been well said, think in herds; it will be seen that they go mad in herds, while they only recover their senses slowly, and one by one"" - Charles Mackay

And therefore never send to know for whom the bell tolls; It tolls for thee. - Donne

""What we are seeing in this headless misandry is a grand display of the Tyranny of the Underdog: 'I am a wretchedly longstanding victim; therefore I own no burden of adult accountability, nor need to honor any restraint against my words and actions. In fact, all efforts to restrain me are only further proof of my oppressed condition.'
""It is the most perfect trump-card against accountable living ever devised."" - Gladden Schrock

""What remains for most men in modern life is a world of expectation without reward, burden without honor and service without self"" - Paul Elam"," Truth is we probably are coming from a similar place and looking for similar outcomes. For me its not the situational complexity that is the issue but the cultural complexity. Its not the specific problem as much as it is the context of the problem. Guess Im just commenting on what seems like everybody's preference for a kind of intellectual stimming in our own little safe-space... as opposed to actively being political I think we all talk too much shit. (myself included) The other day I specifically chose to risk social ridicule in a space that was important to me both socially and financially...just to broker a point. I put my arse on the line. Reckon there must be more of that.  feminists arent the problem, feminism is... the-liberty-of-the-non-feminist-sector-free-because-its-yours Muslims are not the issue, Islam is. crap politicians arent the problem, policy is political correctness is the enemy ... SPEAK! Pack me another bong ",https://d2ec906f9aea-003845.vbulletin.net/forum/avfm-central/in-the-news/18199-explosions-rocked-the-brussels-airport
94,MatrixTransform,2019-06-24 16:44:54.168029,2016-03-27 07:14:32,257089,[257074],2015-07-01 00:00:00,"[('https', 'youtu.be', '/flssY6CRfWM?t=1738'), ('https', 'youtu.be', '/flssY6CRfWM?t=1738')]",3311,95,"""Men, it has been well said, think in herds; it will be seen that they go mad in herds, while they only recover their senses slowly, and one by one"" - Charles Mackay

And therefore never send to know for whom the bell tolls; It tolls for thee. - Donne

""What we are seeing in this headless misandry is a grand display of the Tyranny of the Underdog: 'I am a wretchedly longstanding victim; therefore I own no burden of adult accountability, nor need to honor any restraint against my words and actions. In fact, all efforts to restrain me are only further proof of my oppressed condition.'
""It is the most perfect trump-card against accountable living ever devised."" - Gladden Schrock

""What remains for most men in modern life is a world of expectation without reward, burden without honor and service without self"" - Paul Elam"," https://youtu.be/flssY6CRfWM?t=1738 ...please, enjoy Stefan putting the point Im making much more eloquently than I ever could. I did pick this point in the video just for effect...recommend the whole video though. please, Im not pointing this at anybody in particular... its more about the philosophies ",https://d2ec906f9aea-003845.vbulletin.net/forum/avfm-central/in-the-news/18199-explosions-rocked-the-brussels-airport
95,Autolite,2019-06-24 16:44:54.168092,2016-03-27 07:39:16,257091,[257074],2014-06-01 00:00:00,[],3117,96,"""The truth is sometimes a poor competitor in the market of ideas"" George F. Kennan"," For the majority of Westerners, political correctness now supersedes survival.  I think Western society has passed the tipping point.  The collapse of the West is only now a matter of time and we did it to ourselves... ",https://d2ec906f9aea-003845.vbulletin.net/forum/avfm-central/in-the-news/18199-explosions-rocked-the-brussels-airport
96,malcolm,2019-06-24 16:44:54.168202,2016-03-27 08:01:42,257092,[257091],2012-10-01 00:00:00,[],2895,97,"“No one is free who has not obtained the empire of himself. No man is free who cannot command himself.”
― Pythagoras"," If you have a career, political correctness IS survival. We all must shut up and never mention that the emperor has no clothes. ",https://d2ec906f9aea-003845.vbulletin.net/forum/avfm-central/in-the-news/18199-explosions-rocked-the-brussels-airport
97,MatrixTransform,2019-06-24 16:44:54.168267,2016-03-27 17:28:09,257102,[],2015-07-01 00:00:00,"[('https', 'youtu.be', '/PzPVQuHVSC0?t=1285')]",3311,98,"""Men, it has been well said, think in herds; it will be seen that they go mad in herds, while they only recover their senses slowly, and one by one"" - Charles Mackay

And therefore never send to know for whom the bell tolls; It tolls for thee. - Donne

""What we are seeing in this headless misandry is a grand display of the Tyranny of the Underdog: 'I am a wretchedly longstanding victim; therefore I own no burden of adult accountability, nor need to honor any restraint against my words and actions. In fact, all efforts to restrain me are only further proof of my oppressed condition.'
""It is the most perfect trump-card against accountable living ever devised."" - Gladden Schrock

""What remains for most men in modern life is a world of expectation without reward, burden without honor and service without self"" - Paul Elam", nitpickers stefan on nitpickers ,https://d2ec906f9aea-003845.vbulletin.net/forum/avfm-central/in-the-news/18199-explosions-rocked-the-brussels-airport
98,dubs,2019-06-24 16:44:54.168382,2016-03-29 09:40:49,257227,"[257021, 257022, 257023, 257023, 257023, 257024]",2013-08-01 00:00:00,"[('http', 'i.imgur.com', '/B0FiHGY.png')]",3320,99,," Can't really be a Communist without being an Atheist, it's part of the ideology. Likewise can't really be an Islamist without being Muslim. Westerners think terrorism is about religion, some of it is, but that's a simplistic view and westerners don't really have the time or energy for nuance, and frankly most of em don't care beyond enforcing their own socio-economic global hegemony. Well, there were the Kamikaze's and that guy that flew his plane into the IRS. But what are we getting at here? (more below) I'm pretty sure people chop each other's heads off all the time. All the murders with dismembered bodies? Heads in the fridge? Etc? And what are we getting at here anyway? That everything that differs from the doctrinal western method of warfare is...what...invalid somehow? ""Morally wrong?"" There's no question that it's a different culture, different style of war. And I'm not going to say I favor their culture, because I don't. And I'm not going to say I favor your culture, because I don't. It doesn't make much difference to me whether a conventional war blows me up, or a nuclear bomb blows me up, or a terrorist blows me up. I'll be just as dead either way. Living a ""western"" culture is no guarantee of safety. I think eventually all cultures will merge together, pretty sure that's already happening, and I think the far-right and terrorists are extremists of THEIR culture. Ignoring the western bias of your question (because most people in the world don't judge human worth by inventions) I'm pretty sure you can google ""Muslim inventions"" and have a field day. It sounds like critical thinking makes your head explode. Yeah, I guess I'm one of ""those"" guys in that I don't just goose step along with the other fuckwits. I question things, including myself, I don't take my own background and biases to be universal truths. You should try it sometime. I'm not sure what it has to do with ""being trusted."" Being trusted to blindly follow orders? Nope, I'm not a very good follower. ",https://d2ec906f9aea-003845.vbulletin.net/forum/avfm-central/in-the-news/18199-explosions-rocked-the-brussels-airport
99,Autolite,2019-06-24 16:44:54.168463,2016-03-29 10:09:55,257233,[257227],2014-06-01 00:00:00,[],3117,100,"""The truth is sometimes a poor competitor in the market of ideas"" George F. Kennan"," Yet you live in a country where you enjoy relative safety, freedoms and privileges that was paid for and is preserved with the blood of those ""other fuckwits"".  Hypocritical of you is it not??? ",https://d2ec906f9aea-003845.vbulletin.net/forum/avfm-central/in-the-news/18199-explosions-rocked-the-brussels-airport
100,Jaybee,2019-06-24 16:44:54.168523,2016-03-29 10:20:14,257234,[257062],2015-10-01 00:00:00,"[('https', 'd2ec906f9aea-003845.vbulletin.net', '/core/images/smilies/smile.png')]",1270,101,">>""and in other news, the Judge in the case of AVFM Vs Feminazism ruled today that the creators of 'Gender Equality' are guilty of Intent to Obtain Social Change by Deception. The Feminazi case collapsed just one day into the trial, after a 1st year medical student demonstrated that men are not, in fact, equal to women"".<<


Newbie AVFM Member, 2 days in: ""My eyes, why do my eyes hurt?""

Jaybee, cautious tone: ""You've never used them before""."," Formerly (and today still partially) a very hardcore working class, cockney area of East London, people were up until the late 90's/2000's very rough and ready, almost none of them attended University or did any kind of white-collar work, and this was all reflected in their guttural speech.   When you use the colloquialism 'Innit' you pass off as a typical East-ender.   ",https://d2ec906f9aea-003845.vbulletin.net/forum/avfm-central/in-the-news/18199-explosions-rocked-the-brussels-airport
101,dubs,2019-06-24 16:44:54.168586,2016-03-29 10:22:13,257236,[257233],2013-08-01 00:00:00,[],3320,102,," You're the atheist, you tell me. ",https://d2ec906f9aea-003845.vbulletin.net/forum/avfm-central/in-the-news/18199-explosions-rocked-the-brussels-airport
102,MatrixTransform,2019-06-24 16:44:54.168645,2016-03-29 13:59:38,257247,[257227],2015-07-01 00:00:00,[],3311,103,"""Men, it has been well said, think in herds; it will be seen that they go mad in herds, while they only recover their senses slowly, and one by one"" - Charles Mackay

And therefore never send to know for whom the bell tolls; It tolls for thee. - Donne

""What we are seeing in this headless misandry is a grand display of the Tyranny of the Underdog: 'I am a wretchedly longstanding victim; therefore I own no burden of adult accountability, nor need to honor any restraint against my words and actions. In fact, all efforts to restrain me are only further proof of my oppressed condition.'
""It is the most perfect trump-card against accountable living ever devised."" - Gladden Schrock

""What remains for most men in modern life is a world of expectation without reward, burden without honor and service without self"" - Paul Elam"," Inter-sectional Dubs. hilarious.  Reading your own words on numerous threads, seems your own professed universal truth does indeed boil down to skin colour. Yet you continue to dress up your argument as ""non-racist"". And you reckon I'm having troubles performing any intellectual critique? Hmm, I do get critique (in the post-modern intellectual sense), interestingly parallels that paralysing nit-picking that Stefan talks about. truly is very funny watching you fight 'institutionalised racism' with outright racism. Guess we would need to argue about what Critical Thinking actually means. ...hmm, scratch that...there is no point trying to reason with somebody that is incapable of it. sound like a cultural terrorist much? Mate if you wanna be taken seriously best you get yr arguments off the z-axis. ",https://d2ec906f9aea-003845.vbulletin.net/forum/avfm-central/in-the-news/18199-explosions-rocked-the-brussels-airport
103,dubs,2019-06-24 16:44:54.168700,2016-03-29 16:29:50,257250,[257247],2013-08-01 00:00:00,"[('https', 'en.wikipedia.org', '/wiki/Italian-American_Civil_Rights_League'), ('https', 'en.wikipedia.org', '/wiki/Italia..._Rights_League')]",3320,104,," You sound like Joe Colombo claiming that the word ""mafia"" is discriminatory to Italian-Americans. https://en.wikipedia.org/wiki/Italia..._Rights_League lol ",https://d2ec906f9aea-003845.vbulletin.net/forum/avfm-central/in-the-news/18199-explosions-rocked-the-brussels-airport
104,MatrixTransform,2019-06-24 16:44:54.168757,2016-03-29 17:57:12,257252,[257250],2015-07-01 00:00:00,"[('https', 'youtu.be', '/jDlQ4H0Kdg8')]",3311,105,"""Men, it has been well said, think in herds; it will be seen that they go mad in herds, while they only recover their senses slowly, and one by one"" - Charles Mackay

And therefore never send to know for whom the bell tolls; It tolls for thee. - Donne

""What we are seeing in this headless misandry is a grand display of the Tyranny of the Underdog: 'I am a wretchedly longstanding victim; therefore I own no burden of adult accountability, nor need to honor any restraint against my words and actions. In fact, all efforts to restrain me are only further proof of my oppressed condition.'
""It is the most perfect trump-card against accountable living ever devised."" - Gladden Schrock

""What remains for most men in modern life is a world of expectation without reward, burden without honor and service without self"" - Paul Elam", not really laughing dunno if its psycho woman...or psycho racism ...or just plain ol' psycho bigotry. ...mostly just psycho I suppose ,https://d2ec906f9aea-003845.vbulletin.net/forum/avfm-central/in-the-news/18199-explosions-rocked-the-brussels-airport
105,dubs,2019-06-24 16:44:55.512258,2016-03-30 10:28:43,257282,[257252],2013-08-01 00:00:00,[],3320,106,," Looks more like a lover's spat than anything else. You sound frustrated so I'll help you out. People have their biases. Not everyone enjoys every culture that's out there. I'm not a big fan of Anglo culture, Eurocentrism, Japanese culture or any ""materialistic"" kind of people that care more about tattoos, flat screens and bullshit ""inventions"" than having a society with heart and soul. You can either use that information to feel threatened by it, or you can add that assessment to your own worldview and kinda ""see"" other points of view. Far-right conservatives tend to be frightened little cowards. They need to feel ""secure"" by having everyone around them named ""Smith"" and ""Jones."" Basically anxiety-ridden chickenshits who imagine their own ""genocide"" because secretly, that's what they wish to inflict upon others. WW1 and WW2 culminated in the creation of a bland, materialistic ""Europe"" they could all tolerate. And they're going extinct because their own women hate them. Globalization and cultural exchange is part of life. You can no more stop it than you can stop the rain. Amid the discomfort of ""change"" there is the opportunity for all humans to learn from each other and to become ""one."" Again, this is happening whether we want it or not, whether we like it or not. A long time ago I was having a conversation with my lawyer. He's Greek, we were discussing his last name, which is ""Thermos."" Apparently some of his ancestors came from Africa, where it's a warmer climate, hence ""Thermos."" You couldn't tell that he has anything to do with Africa. He speaks fluent Greek, Greek mannerism, upbringing, etc. Therein lies the rub. You can ""choose"" your culture and who you wish to be. You can ""choose"" to be Greek or French or African or Japanese or anything you want. Some people won't accept that, some people will be assholes to you, some people will say ""you're white, how can you be Japanese?"" But if you stick to your guns, most people will accept you as whatever you present. The ""cultural appropriation"" crowd might not, because they've learned from little bitchboy socialist white people how to be crybullies. A college activist black  person might not accept you as African, whereas a real African bush tribe would. Because the college activist black person is more of a white crybaby sissy than a real African. In other words, African-Americans have adopted the traits of their majority white population, that is to be a bunch of whiny crybaby sissies. Just like in Europe, Arabs have adopted the bellicose crybully syndrome of their host population. Like when French cab drivers protest, they start smashing windows and France grinds to a halt. Immigrant populations learn from that. ""This is how things are done in Europe."" You won't find any of that shit in Riyahd or Tehran. Hopefully this long, rambling post will help you piece together a wiser and less fearful existance. Life is good, keep your chin up. ",https://d2ec906f9aea-003845.vbulletin.net/forum/avfm-central/in-the-news/18199-explosions-rocked-the-brussels-airport
106,MatrixTransform,2019-06-24 16:44:55.512347,2016-03-30 11:09:14,257284,[257282],2015-07-01 00:00:00,[],3311,107,"""Men, it has been well said, think in herds; it will be seen that they go mad in herds, while they only recover their senses slowly, and one by one"" - Charles Mackay

And therefore never send to know for whom the bell tolls; It tolls for thee. - Donne

""What we are seeing in this headless misandry is a grand display of the Tyranny of the Underdog: 'I am a wretchedly longstanding victim; therefore I own no burden of adult accountability, nor need to honor any restraint against my words and actions. In fact, all efforts to restrain me are only further proof of my oppressed condition.'
""It is the most perfect trump-card against accountable living ever devised."" - Gladden Schrock

""What remains for most men in modern life is a world of expectation without reward, burden without honor and service without self"" - Paul Elam"," thanks Dubs, I'll try to keep that in mind from now on sheesh, and I thought they were just being seditious arseholes silly me ",https://d2ec906f9aea-003845.vbulletin.net/forum/avfm-central/in-the-news/18199-explosions-rocked-the-brussels-airport
107,TheNarrator,2019-06-24 16:44:55.512426,2016-03-30 11:15:48,257285,[257074],2015-09-01 00:00:00,[],7513,108,"Originally posted by MatrixTransform
where were you before you put yourself last?
Originally posted by TheNarrator
Everywhere I travel, tiny life. Single-serving sugar, single-serving cream, single pat of butter. The microwave Cordon Bleu hobby kit. Shampoo-conditioner combos, sample-packaged mouthwash, tiny bars of soap. The people I meet on each flight? They're single-serving friends."," this was a great post, i quoted a snipit.. wondering how it turned out? ",https://d2ec906f9aea-003845.vbulletin.net/forum/avfm-central/in-the-news/18199-explosions-rocked-the-brussels-airport
108,TheNarrator,2019-06-24 16:44:55.512490,2016-03-30 11:29:09,257286,[257282],2015-09-01 00:00:00,[],7513,109,"Originally posted by MatrixTransform
where were you before you put yourself last?
Originally posted by TheNarrator
Everywhere I travel, tiny life. Single-serving sugar, single-serving cream, single pat of butter. The microwave Cordon Bleu hobby kit. Shampoo-conditioner combos, sample-packaged mouthwash, tiny bars of soap. The people I meet on each flight? They're single-serving friends."," this is laughable. if you believe this it is only to pat whatever race you believe the women are going to (yours i assume) on the back. the bigger picture includes the huge cultural shifts created by politics/feminism/etc. you are 100% right that the women are unhappy with the men,  but the men are too it seems from these boards? ",https://d2ec906f9aea-003845.vbulletin.net/forum/avfm-central/in-the-news/18199-explosions-rocked-the-brussels-airport
109,Autolite,2019-06-24 16:44:55.512558,2016-03-30 11:59:08,257288,[257286],2014-06-01 00:00:00,[],3117,110,"""The truth is sometimes a poor competitor in the market of ideas"" George F. Kennan", When was it when women were actually ever 'happy' with men?  I think I must have perhaps missed it.  I'm thinking maybe women today might just be a little more open and vocal about it because some guys are now starting to clue in and turn their backs on them... ,https://d2ec906f9aea-003845.vbulletin.net/forum/avfm-central/in-the-news/18199-explosions-rocked-the-brussels-airport
110,TheNarrator,2019-06-24 16:44:55.512617,2016-03-30 12:21:16,257291,[257288],2015-09-01 00:00:00,[],7513,111,"Originally posted by MatrixTransform
where were you before you put yourself last?
Originally posted by TheNarrator
Everywhere I travel, tiny life. Single-serving sugar, single-serving cream, single pat of butter. The microwave Cordon Bleu hobby kit. Shampoo-conditioner combos, sample-packaged mouthwash, tiny bars of soap. The people I meet on each flight? They're single-serving friends."," a relationship is two people.50/50. you chose what you remember after. the good times or bad. if its relative's relationships..you choose what you remember from your perspective.  my family profile? east coast family.13 kids my father montreal family 3 kids my mother i would say out of the 16 adults that were related to me growing up..3 had bad relationships. so  i always associated their bitching with their negative relationship. and the others are still together to this day. most of the women were housewives. some were not. but either way.. my experience is happy women. my one sister married once. and divorce is not in the future for them that i can see.. now.. my experience with society..i just see a lot of whiny entitled bitchy retards.. even my friends who are older(should be wiser) and i young boys! i show thunderfoot too and they think ""thats some angry boy"" ... and i cringe at their cluelessness. ",https://d2ec906f9aea-003845.vbulletin.net/forum/avfm-central/in-the-news/18199-explosions-rocked-the-brussels-airport
111,dubs,2019-06-24 16:44:55.512677,2016-03-31 08:30:13,257340,"[257284, 257286, 257288]",2013-08-01 00:00:00,[],3320,112,," Sedition is par for the course, as Feminism is a biproduct of Anglo culture. So it's ""laughable"" but I'm %100 right that white women are unhappy with the society and culture they're living in? Feminism wasn't created by women, it was created by corporations to force women to have jobs and to tax them. This cut down the birthrate of white people and the aspirations of white women who want to become mothers. Western women have no future outside of wage-slaving. They didn't create that. Men created that. Men created corporations. Thus western women hate their societies and their men and, in the extreme, they run off to join ISIS to have a chance at marriage and motherhood. Good point. Let's say ""happier"" than they are now. ",https://d2ec906f9aea-003845.vbulletin.net/forum/avfm-central/in-the-news/18199-explosions-rocked-the-brussels-airport
112,MatrixTransform,2019-06-24 16:44:55.512726,2016-03-31 12:46:39,257354,[],2015-07-01 00:00:00,[],3311,113,"""Men, it has been well said, think in herds; it will be seen that they go mad in herds, while they only recover their senses slowly, and one by one"" - Charles Mackay

And therefore never send to know for whom the bell tolls; It tolls for thee. - Donne

""What we are seeing in this headless misandry is a grand display of the Tyranny of the Underdog: 'I am a wretchedly longstanding victim; therefore I own no burden of adult accountability, nor need to honor any restraint against my words and actions. In fact, all efforts to restrain me are only further proof of my oppressed condition.'
""It is the most perfect trump-card against accountable living ever devised."" - Gladden Schrock

""What remains for most men in modern life is a world of expectation without reward, burden without honor and service without self"" - Paul Elam", the world is a weird place when gibberish is dressed up as rational discussion. ,https://d2ec906f9aea-003845.vbulletin.net/forum/avfm-central/in-the-news/18199-explosions-rocked-the-brussels-airport
113,TheNarrator,2019-06-24 16:44:55.512782,2016-03-31 17:06:44,257363,[257340],2015-09-01 00:00:00,[],7513,114,"Originally posted by MatrixTransform
where were you before you put yourself last?
Originally posted by TheNarrator
Everywhere I travel, tiny life. Single-serving sugar, single-serving cream, single pat of butter. The microwave Cordon Bleu hobby kit. Shampoo-conditioner combos, sample-packaged mouthwash, tiny bars of soap. The people I meet on each flight? They're single-serving friends.", i shouldhave been more precise sorry. the laughable part is the extinct part.. there are still about 1500% the amount of white people there should be on the planet. and when we go extinct. it will be all together at the same time..and it wont give a shit what race we are. ,https://d2ec906f9aea-003845.vbulletin.net/forum/avfm-central/in-the-news/18199-explosions-rocked-the-brussels-airport
