,author,crawled_at,date_post,id_post,id_post_interaction,joined_author,links,messages_author,number_post,resume_author,text_post,thread
0,Belize King,2019-06-28 22:55:13.453729,2012-11-16 04:31:00,309634,[],2012-03-01 00:00:00,[],1364,1,Alpha Male," I need some motivation. I am not getting to the gym. The gym is a 1/4 mile walk from my spot. I was hitting it hard earlier this year before I hurt my back power cleaning. This open thread is like the Approach Thread. Made to motivate each other. Rules: Only post what routine you knocked out today Note any different techniques you started using Note the length of your workout, time in and out the gym/routine Note any gains you made from last week or last month I have 5 months in country. Mind, body, and soul. I fucked up the 14 months I've already been here. Only real gains I've had were my pull-ups and bench. I have been trying to work my back and arms. Hopefully this thread will get me off the computer and get me to work out before I hit poker up. Appreciate the support. ",thread-17865.html
1,Checkmat,2019-06-28 22:55:13.453804,2012-11-16 13:51:00,309872,[],2012-10-01 00:00:00,[],1035,2,Alpha Male, Pull Pullups 5 sets BWx10 T-Bar Row 5 sets x10 BB Shrugs 5 sets x10 Reverse Curls 5 sets x10 Face Pulls 5 sets x10 I really like 5 sets of 10  About 1+15 in the gym. ,thread-17865.html
2,bodmon,2019-06-28 22:55:13.453860,2012-11-16 14:21:00,309895,[],2012-05-01 00:00:00,[],446,3,Chubby Chaser," this evening i'm doing squats, bench press, deadlifts, and dips. 3x8, except for deadlift, which is 1x8. dips are assisted - i'm not yet strong enough to do 8 on my own. i started lifting for the first time ever 2 1/2 months ago at the ripe old age of 27. however i took a 3 week hiatus and my strength took a hit, so now i'm playing catch up. like cold approach, where i have no choice to do it because i have no social circle full of girls to fall back on, i've got to work out because of my shitty skinny-fat physique. if i don't then i will maintain the body of a pregnant woman. so i think that you should just STFU and walk that quarter mile. i get to the gym... so should you.  ",thread-17865.html
3,SnakeEyes,2019-06-28 22:55:13.453908,2012-11-17 03:07:00,310260,[],2012-04-01 00:00:00,[],166,4,Banned, Deadlifts Db bench Weighted pullups and chins Weighted situps Db curls Easy day today ,thread-17865.html
4,MidniteSpecial,2019-06-28 22:55:13.453965,2012-11-17 12:44:00,310467,[],2012-04-01 00:00:00,[],1833,5,True Player," Today will be Arm circles 20 forward, 20 backwards  Trunk twists 10 minutes jump rope, varying with double unders 2 minutes plank - front, right side , left side Warm up- 3 rounds of 5 pull ups 15 dips 20 squats 20 sit ups Back extensions / super mans  Lift session 5x5 Clean and jerks.  Finish off with some air chairs ",thread-17865.html
5,jmoney29,2019-06-28 22:55:13.454018,2012-11-17 13:04:00,310475,[],2011-05-01 00:00:00,[],185,6,Banned, Working around my shoulder/rotator cuff trouble: Dumbell Curls Dumbell Hammer Press Lat PullDown Machine Dumbell Bench Press Dumbell Military Press Cable Tricep Extension Shrug Machine ,thread-17865.html
6,Thatdude,2019-06-28 22:55:13.454074,2012-11-17 14:27:00,310504,[],2012-06-01 00:00:00,[],237,7,Recovering Beta, squats 5x5 bench 5x5 barbell rows 5x5 want to throw in some isolation exercises eventually...but for now this routine takes a lot out of me. ,thread-17865.html
7,Snok,2019-06-28 22:55:13.454141,2012-11-17 16:10:00,310552,[310504],2011-07-01 00:00:00,[],33,8,Game Denialist, x2  It's such a super effective workout routine. ,thread-17865.html
8,OGNorCal707,2019-06-28 22:55:13.454195,2012-11-17 17:36:00,310563,[310504],2009-12-01 00:00:00,[],2633,9,Banned," Ha I did the exact same work out yesterday, except I throw in a set of bicep curls, tricep pull downs, and shoulders, plus 2 sets of trap shrugs to round out my routine. ",thread-17865.html
9,TheCaptainPower,2019-06-28 22:55:13.454252,2012-11-17 18:36:00,310581,[],2012-11-01 00:00:00,[],668,10,Banned, 4 mile run on a hilly course today...no weights ,thread-17865.html
10,freshcream,2019-06-28 22:55:13.454309,2012-11-17 19:02:00,310601,[],2012-04-01 00:00:00,[],520,11,Chubby Chaser," In Nicaragua...  No workout today   Sign on the door that said something about fat, cellulites and more I couldn't understand in spanish.  Strange Just paid for a month, so I don't hope they're closed down. ",thread-17865.html
11,R Smoov,2019-06-28 22:55:13.454367,2012-11-18 06:13:00,310820,[],2012-04-01 00:00:00,[],1652,12,True Player," Rosca's Fuck you Rehab Workout Program: Just do pushups randomly at random times. If any guy you know who isn't a faggot about getting fit, challenge him to a pushup contest. I don't know any other ideas for me to workout while just doing time in rehab. Any suggestions would be helpful  ",thread-17865.html
12,Strictly Professional,2019-06-28 22:55:13.454413,2012-11-18 20:21:00,311149,[],2012-10-01 00:00:00,[],40,13,Banned," I spent about two hours in the boxing gym today. No weight lifting, but cardio from hell and developing a useful skillset. ",thread-17865.html
13,TheCaptainPower,2019-06-28 22:55:13.454470,2012-11-18 21:47:00,311197,[],2012-11-01 00:00:00,[],668,14,Banned," 3 miles on the track, 19:45..... ",thread-17865.html
14,rationalize_this,2019-06-28 22:55:13.454534,2012-11-19 00:25:00,311259,[],2012-07-01 00:00:00,[],623,15,Banned," My Chest and Back workout WARNING: This is pretty intense not for everyone 3x Flat bench 225lb 6-8reps Close grip pushups (10) DB row 85lb Widegrip pull up (10) (Thats 1 rotation, rest after 1 rotation but not in between exercises, then repeat again) 3x Incline bench 185lb 5-7reps Decline pushup (legs elevated) (10) Reverse grip pullup (10) Seated Row (5-7) (Thats 1 rotation, rest after 1 rotation but not in between exercises, then repeat again) 3x Decline DB press 80s 5-7reps Triangle pushup (10) Front Close Grip pullup (10) Dips (as many as you can) (Thats 1 rotation, rest after 1 rotation but not in between exercises, then repeat again) Then abs... ",thread-17865.html
15,Joga Bonito,2019-06-28 22:55:13.454588,2012-11-19 00:54:00,311270,[],2011-03-01 00:00:00,[],981,16,Wingman," Pullups 3*6 Dumbbell Bench Press 3*6 Cable Row 2*8 Dumbbell Overhead Press 2*8 Dumbbell Rear Delt Raises 1*10 Dumbbell Pushup Row 1*10 Cable Twist 2*8 Dumbbell Biceps Curl 1*10 Dumbbell Farmers Walk 1*10 Foam Roll(Chest, Back, Shoulders) ",thread-17865.html
16,Laner,2019-06-28 22:55:13.454654,2012-11-19 01:01:00,311273,[],2011-08-01 00:00:00,[],3301,17,International Playboy," Squat 5x5 Incline Bench 5x5 Wide Grip Pullup 10x3, 5x3 Close Grip Pullup 10x3, 5x3 Dumbell Curl 8x3 Sprint Tabata 5:30 Kettlebell Snatch Tabata 4:30 Kettlebell Postup Tabata 4:30 Foam Roll 5 min stretch 10 min meditation/ cool down ",thread-17865.html
17,Bill,2019-06-28 22:55:13.454702,2012-11-19 08:48:00,311393,[],2012-01-01 00:00:00,[],540,18,Chubby Chaser, 45 Push Ups    45 Squats ,thread-17865.html
18,reaper23,2019-06-28 22:55:13.454749,2012-11-19 10:24:00,311425,[],2012-02-01 00:00:00,[],1108,19,Banned, heavy snatch singles 95x3 115x3 125x1 135x1 150x1 155x1 160x1 165x1 170x1 miss 25 strict pull ups ,thread-17865.html
19,muc,2019-06-28 22:55:13.454795,2012-11-19 12:27:00,311476,[],2011-08-01 00:00:00,[],422,20,Chubby Chaser," @OP: Yeah I experimented with powerlifts and felt something strange in my back, too. So I stopped doing them. Probably my technique was off but there's other useful things I can do instead. ",thread-17865.html
20,reaper23,2019-06-28 22:55:13.454838,2012-11-20 21:34:00,312312,[],2012-02-01 00:00:00,[],1108,21,Banned," for time: 200m run + three rounds:  15x squat  10x medicine ball deadlift @ 20/14-lbs.  5x pushup  + 200m run  then, seven rounds for time:  12x thruster @ 75lbs.  9x toes-to-bar  200m run @ 20lbs. ",thread-17865.html
21,Bill,2019-06-28 22:55:13.454889,2012-11-21 07:06:00,312509,[],2012-01-01 00:00:00,[],540,22,Chubby Chaser, 50 push ups 50 squats ,thread-17865.html
22,reaper23,2019-06-28 22:55:13.454938,2012-11-21 10:16:00,312562,[],2012-02-01 00:00:00,[],1108,23,Banned," clean and jerk: 95x3 115x1 135x1 150x1 170x1 190x1 210x1 220x1 230x1 miss 225x1 miss back squat 135x3 155x1 185x1 205x1 225x1 235x1 245x1 255x1 260x1 (had more in me today too!) I've reconstructed the form on my backsquat and am just now getting back into respectable territory.  i had gotten my backsquat up to 345 lbs but was doing more of a good morning than anything.  so i broke it down and started over with doing a deep, atg, full olympic squat (high bar) and making sure that I get pure hip drive and no good morning action. I suspect i'll be back up to 300 in about a month or so ",thread-17865.html
23,Malekhit,2019-06-28 22:55:13.454988,2012-11-21 17:45:00,312741,[],2012-10-01 00:00:00,[],257,24,Chubby Chaser," 5x5 stronglift. 100x 5 x 5 squats, bench press and bench row ",thread-17865.html
24,WesternCancer,2019-06-28 22:55:13.455040,2012-11-21 17:49:00,312742,[],2011-09-01 00:00:00,[],4687,25,International Playboy, A few warm-up sets beforehand Deadlift 315 5x3 Pendlay row (strict form) 150 3x5 Close grip pulldown 130 3x12 Superset cable curls/pushdowns 100 3x12 Shrugs 315 3x3 405 2x2 275 3x12 Bb curl 45 1x50 ,thread-17865.html
25,reaper23,2019-06-28 22:55:14.864310,2012-11-27 07:35:00,315735,[],2012-02-01 00:00:00,[],1108,26,Banned," 30 minutes of mobility, stretching deadlifts 235x3 235x3 290x1 350x1 390x1 415x1 425x1 Goal for 2013 is 500lb deadlift ",thread-17865.html
26,WesternCancer,2019-06-28 22:55:14.864392,2012-11-27 12:50:00,315876,[],2011-09-01 00:00:00,[],4687,27,International Playboy," Yesterday's sesh Warm-up then  Squats 240 3x8, 285 3x1 Shoulder press 115 5x3 Push press 145 5x1 Machine press 180 3x8 ",thread-17865.html
27,reaper23,2019-06-28 22:55:14.864440,2012-11-28 09:46:00,316398,[],2012-02-01 00:00:00,[],1108,28,Banned, mobility push press 135x2 155x2 175x2 195x2 205x2 210x2 (made one missed one) three rounds: 3 wall walk (from push up to handstand) 6 pull ups 30 second N hold ,thread-17865.html
28,reaper23,2019-06-28 22:55:14.864485,2012-12-03 10:32:00,319681,[],2012-02-01 00:00:00,[],1108,29,Banned," mobility, stretching snatch 95x3 125x3 145x3 145x3 front squat 135x5 155x5 185x5 185x5 ",thread-17865.html
29,RougeNoir,2019-06-28 22:55:14.864549,2012-12-05 00:19:00,320889,[],2012-02-01 00:00:00,[],998,30,Wingman, All numbers in lbs. Fuck splitting upper body into two days. I did it all today: Cable seated rows  120x8 130x6 140x4 Lat pull downs 140x8 150x6 160x4 Flat bench 180° 185x8 205x6 225x4 Incline bench 115x8 125x6 135x4 Something is wrong with my left shoulder/deltoid. It makes incline bench very difficult. Dumbbell shrugs 60(2)x8 70(2)x6 75(2)x4 Dumbbell open wrist curls 35(2)x8 40(2)x6 45(2)x4 Seated curls 45x8 50x6 55x4 Abs and calves ,thread-17865.html
30,reaper23,2019-06-28 22:55:14.864603,2012-12-05 09:59:00,321057,[],2012-02-01 00:00:00,[],1108,31,Banned," 12/4/12 21-15-19 reps 45 lb single arm snatch left arm x 21 45 lb single arm snatch right arm x 21 pull ups x 21 45 lb single arm snatch left arm x 15 45 lb single arm snatch right arm x 15 pull ups x 15 45 lb single arm snatch left arm x 9 45 lb single arm snatch right arm x 9 pull ups x 9 12:27 3 sets of max push ups  20, 15, 12 ",thread-17865.html
31,reaper23,2019-06-28 22:55:14.864655,2012-12-05 10:00:00,321058,[],2012-02-01 00:00:00,[],1108,32,Banned," 12/5/12 deadlift 255x5 325x5 360x5 3 x max pull ups (light band) 13, 8, 3 ",thread-17865.html
32,juice,2019-06-28 22:55:14.864707,2012-12-05 13:13:00,321157,[],2012-12-01 00:00:00,[],104,33,Beta Orbiter, 30 min cardio squats 4x10 leg extension 4x10 barbell reverse lunges 4x10 lying leg curls 4x10 calf raises 4x10 ,thread-17865.html
33,reaper23,2019-06-28 22:55:14.864765,2012-12-06 07:50:00,321753,[],2012-02-01 00:00:00,[],1108,34,Banned, 50 double unders  30-20-10 knees-to-elbows x 30 wall ball with 20 lbs x 30 x 20 x 10 50 double unders ,thread-17865.html
34,LooTa,2019-06-28 22:55:14.864810,2012-12-06 19:14:00,322098,[],2012-12-01 00:00:00,[],221,35,Banned, Bench press 5 x 5 @ 185 Deadlift 5 x 5 @ 265 Chins 5 x 5 with 22lb weight ,thread-17865.html
35,juice,2019-06-28 22:55:14.864857,2012-12-06 20:02:00,322123,[],2012-12-01 00:00:00,[],104,36,Beta Orbiter, 20 min HIIT indoor soccer match dumbbell bench press 4x10/8/6/failure incline barbell bench press 4x10/8/6/failure cable crossover 4x10/8/6/failure dips 4x6 tricep pushdown 4x10/8/6/failure ,thread-17865.html
36,reaper23,2019-06-28 22:55:14.864901,2012-12-07 09:36:00,322400,[],2012-02-01 00:00:00,[],1108,37,Banned," stretching, mobility clean and jerk 135x3 150x3 170x3 185x3 195x3 as many rounds as possible in four minutes: 165lbs clean and jerk x 2 + 6 burpies four rounds ",thread-17865.html
37,Architekt,2019-06-28 22:55:14.864950,2012-12-09 23:40:00,324105,[],2012-04-01 00:00:00,[],2254,38,True Player," Finally started on a lifting routine again today. Need to work out where I'm at in terms of strength, etc, though. Here's how it went Shoulders & legs Lat raises: 12 reps @ 5Kg, 4 reps @ 7.5Kg, 3 reps @ 6Kg Upright rows: 8 reps @ 30Kg, 6 reps @ 30Kg, 4 reps @ 30Kg Behind neck press: 8 reps @ 20Kg, 5 reps @ 20Kg, 3 reps @ 20Kg Squats: 12 reps @ 20kg, 8 reps @ 20Kg, 6 reps @ 20Kg Deadlifts: 5 reps @ 40Kg I was initially planning to pyramid the weight up, but I think I started it too high. Feels bad being so low again, but at least I'm getting back into it. I'm probably going to change the behind press to military press, and I'm thinking about adding shrugs. Chest and biceps day tomorrow. ",thread-17865.html
38,LooTa,2019-06-28 22:55:14.864990,2012-12-10 01:12:00,324169,[],2012-12-01 00:00:00,[],221,39,Banned, squats 5 x 5 @ 100kg o/h press 5 x 5 @ 60kg Lat pulldowns 5 x 5 @ 14 (5kg per plate I think. I hardly ever use the machines) seated calf raises 5 x 8 @ 80kg ,thread-17865.html
39,reaper23,2019-06-28 22:55:14.865032,2012-12-10 07:36:00,324292,[],2012-02-01 00:00:00,[],1108,40,Banned," thoracic spine mobility, shoulder mobility, ten minute warm up 5 rounds for time: 12 x 140 lbs deadlift 9 x 140 lbs hang power clean 6 x 140 lbs push jerk 14:57 ",thread-17865.html
40,deuce,2019-06-28 22:55:14.865079,2012-12-10 09:54:00,324326,[],2012-08-01 00:00:00,"[('http', 'www.strengthvillain.com', '/')]",213,41,Recovering Beta," Doing the linear progression from Greyskull: 34 y/o male, 5""9' 155# press 70#:  5, 5, 14 EZ curl 55#:   15, 15 squat 175#:  5, 5, 11   3 sets of 6 burpees in 18 seconds or less, rest 1 min between each set 3 x 3 ladder chin-ups (1-2-3 each set) ",thread-17865.html
41,Architekt,2019-06-28 22:55:14.865123,2012-12-10 16:56:00,324557,[],2012-04-01 00:00:00,[],2254,42,True Player," Chest/biceps day (added in a forearm lift too) Bench press: 12 @ 20Kg, 8 @ 30Kg, 6 @ 40Kg Incline BP: 12 @ 20Kg, 8 @ 30Kg, 6 @ 35Kg Flies: 12 @ 5Kg, 8 @ 7.5Kg, 8 @ 8.5Kg Barbell curls: 12 @ 10Kg, 8 @ 20Kg, 4 @ 25Kg Reverse curls: 12 @ 5Kg, 8 @ 10Kg, 6 @ 15Kg Just noticed I forgot to do incline curls. Whoops. Triceps/back day tomorrow. ",thread-17865.html
42,Captain Ahab,2019-06-28 22:55:14.865169,2012-12-11 06:45:00,325006,[],2012-04-01 00:00:00,[],438,43,Chubby Chaser," Back and Bi Tuesday Pull ups 4X12-15 Rows 4X12-15 Lat Pull Down 4X12-15 Barbell Curls 4X15 Dumbbell Hammer Curls 4X15 Incline Bicep Curls 4X15 Light weights, 1 minute rest between the multiple sets. Obviously I am going for the toned look.  I like my results so far. If only I can leave the chips and queso dip alone. ",thread-17865.html
43,Snowflake,2019-06-28 22:55:14.865217,2012-12-11 07:06:00,325013,[],2012-04-01 00:00:00,[],385,44,Chubby Chaser," I don't want to hijack the thread but do you guys always cardio warm up/ stretch/ foam roll before workouts? I never do and so far I seem to be doing fine I'm just wondering how it's going to work out in the long run. Anyway here's the workout I did today: running a standard 5x5 stronglifts Squat 5x5 230lb Bench 5x5 160lb Rows 5x5 160lb (I think I'm not pushing myself enough on this lift but I find it way too uncomfortable after the first two reps and I just stick with a weight I can handle relatively easily) EDIT: I do warm up sets with 1/4, 1/2 weight before the full weight lift ",thread-17865.html
44,ElJefe,2019-06-28 22:55:14.865260,2012-12-11 07:10:00,325015,[],2011-08-01 00:00:00,[],1682,45,True Player," All the exercises you're doing don't require much mobility, although I question your squats. Some people are lucky and have fine ankle/hip/glute mobility and can do great squats without much prep. For me proper warm-up is critical if you're going to squat heavy weights (+300lbs), and to get the most of the exercise and a good ROM you need to really get those joints nice and limber. ",thread-17865.html
45,ElJefe,2019-06-28 22:55:14.865301,2012-12-11 07:11:00,325016,[],2011-08-01 00:00:00,[],1682,46,True Player," reaper should start his own thread, he's doing serious stuff! ",thread-17865.html
46,reaper23,2019-06-28 22:55:14.865342,2012-12-11 07:38:00,325025,[],2012-02-01 00:00:00,[],1108,47,Banned," just back from gym this morning: snatches 95x2 95x2 125x2 135x2 155x2 160x2 155x2 front squats (for some reason I cant front squat for shit.  I can front squat more at the bottom of a clean than i can doing a normal front squat.  anyway, i broke it all down and have been trying to rebuild it over the last few months) 155x3 170x3 180x3 195x3 175x3 ",thread-17865.html
47,reaper23,2019-06-28 22:55:14.865397,2012-12-11 07:46:00,325027,[325013],2012-02-01 00:00:00,[],1108,48,Banned," how old are you? because once you reach a certain age, I think that the answer to this question becomes self evident i used to hate warming up, thought it was a waste of time and energy. now i wish the warm ups last longer.  even with mobility (lacrosse ball work, foam roller etc), stretching (dynamic, static and assisted) and low weight/body weight warm ups - i still dont feel like i'm really going until midway through the real work out.   all that prep time will save you in the long run my friend. ",thread-17865.html
48,Snowflake,2019-06-28 22:55:14.865463,2012-12-11 09:47:00,325057,"[325015, 325027, 325013]",2012-04-01 00:00:00,[],385,49,Chubby Chaser, ElJefe would you recommend more warming up before squatting? When you say you are questioning my squats are you referring to form?  I read Starting Strength and watched Mehdi's squat instructional video; I believe I have good enough form however I don't know anyone reliable enough in my gym to ask him to assess any problems my form might have. Personal trainers working there all have skinny legs and huge upper bodies and of the few people that actually use the squat rack in my gym nobody lifts above 150. What exercises would you recommend reaper? You are confirming my doubts regarding having problems in the long run EDIT: forgot about the first question. I'm 20 6'0'' 175. Thanks for the input guys ,thread-17865.html
49,reaper23,2019-06-28 22:55:14.865504,2012-12-11 10:40:00,325076,[],2012-02-01 00:00:00,[],1108,50,Banned," @snowflake mobility with the lacrosse balls in your hip flexors, grind that area out on each side for two to three minutes. practice sitting in a full olympic squat depth lunge complexes:  forward lunge, side lunge on one side then switch over to other side: pigeon stretch, forward lunge, side lunge...switch...pigeon stretch, forward lunge, side lunge...etc for 3 minutes body weight squat, squat jump, tuck jump x 10 these are just ideas i'm 36 almost 37 years old man, and i can tell you that the warmup is fucking crucial. you may not think that it is now but you could save yourself some hassle down the road by taking care of yourself now ",thread-17865.html
50,ElJefe,2019-06-28 22:55:16.281267,2012-12-11 12:35:00,325118,[],2011-08-01 00:00:00,[],1682,51,True Player," Hit the bench, deadlift, dragon-flags, DB incline press and hypers + WOD ""Wade"" (12 Thrusters + 8 pull-ups + 10 KB snatches)x5. It was murder ",thread-17865.html
51,Bill,2019-06-28 22:55:16.281332,2012-12-11 15:14:00,325194,[],2012-01-01 00:00:00,[],540,52,Chubby Chaser," all consecutive: 60 push ups 60 squats 40,40 one leg squats (assisted) 22, 25 one hand push ups ",thread-17865.html
52,alecks,2019-06-28 22:55:16.281392,2012-12-11 15:49:00,325209,[],2011-08-01 00:00:00,[],424,53,Chubby Chaser," want a huge thick back? RACK DEADLIFTS.just below the knee,leaves the hamstrings out of the equations.gone from 315 to nearly 405lbs for 10-12 reps and im sore after every workout.staple for me.every muscle especially your traps will be fucked for days if you go heavy.thank me later ",thread-17865.html
53,LooTa,2019-06-28 22:55:16.281443,2012-12-11 20:04:00,325385,[],2012-12-01 00:00:00,[],221,54,Banned," Only warm up I do is riding my bike to the gym.  I used to a big stretching routine before a workout, but am now convinced that it's not necessary - just more 'conventional wisdom' that can be safely disregarded. and todays workout, pretty boring: bench press - 5 x 5 @ 85kg Deadlifts - 5 x 5 @ 120kg Chins - 5 x 5 with 12.5kg weights. (moving up - goal is to do one handed chins) ",thread-17865.html
54,RougeNoir,2019-06-28 22:55:16.281505,2012-12-12 00:20:00,325522,[],2012-02-01 00:00:00,[],998,55,Wingman, Legs Jog from car to gym .15/mile Machine assisted squats 90x8 135x6 160x4 45 degree leg press 315x8 405x6 455x4 Single-leg leg extensions 50(2)x8 60(2)x6 70(2)x4 Single-leg leg curls 40(2)x8 50(2)x6 60(2)x4 Calf Raises 250x8 260x6 270x4 Abs I will incorporate lunges for next time. They hurt my tendons though. ,thread-17865.html
55,Captain Ahab,2019-06-28 22:55:16.281563,2012-12-12 08:29:00,325659,[],2012-04-01 00:00:00,[],438,56,Chubby Chaser," I overextended a groin muscle while running  (not sure if it is a pulled muscle or sprain but it definitely does not feel good) and now have to shelf my leg routine today (squats, leg presses), and cardio for the rest of the week. I guess I can get away with calf raises.  The inside of my upper inner thigh is real tender.  It hurts like a bitch to lay down, left my leg up to put on my socks, or get in my car. Shifting positions in my sleep causes me to wince over and over.  I am okay standing upright though and walking.  I am wondering how can I fast track my recovery. I was thinking taking a bath filled with Epsom salt. ",thread-17865.html
56,reaper23,2019-06-28 22:55:16.281621,2012-12-12 08:34:00,325660,[325385],2012-02-01 00:00:00,[],1108,57,Banned, how old are you? ,thread-17865.html
57,reaper23,2019-06-28 22:55:16.281678,2012-12-12 08:37:00,325661,[],2012-02-01 00:00:00,[],1108,58,Banned," cardio today: 3 rounds for time: 10 box jumps (30"") 50 double unders (with the jump rope 2x under each jump) 400M sprint 90 second rest at each rouch 17:30 (i'm not much of a runner) then, max pull ups overhand grip: (8) 1"" N hold  x 2 ",thread-17865.html
58,deuce,2019-06-28 22:55:16.281737,2012-12-12 09:12:00,325672,[],2012-08-01 00:00:00,[],213,59,Recovering Beta," yesterday ran 20 minutes at a fast pace Today: bench 167.5#:  5, 5, 5 weighted chinup 25#:  8, 8 squat 180#:  5, 5, 11 ",thread-17865.html
59,reaper23,2019-06-28 22:55:16.281790,2012-12-13 09:44:00,326342,[],2012-02-01 00:00:00,[],1108,60,Banned, warm up: 2 mins jumping jacks 3 min wall quadriceps stretch 3 rounds: 10 squats 5 burpees with push up 5 standing long jump 3 reps each with oly bar: jump and shrug  high elbows muscle clean power clean squat clean 3 reps each with oly bar: push press push jerk split jerk clean and jerk: 135x2 135x2 155x2 180x2 200x1 (made one missed one) 185x2 then for time: 10 hang squat cleans at 145 lbs 50 KB swings at 45 lbs 5 hang squat cleans at 145 lbs 25 KB swings at 45 lbs 7:15 ,thread-17865.html
60,ElJefe,2019-06-28 22:55:16.281843,2012-12-13 09:53:00,326347,[],2011-08-01 00:00:00,[],1682,61,True Player," Hey reaper, you seem to be doing what I'd like to aim for. Post a thread about how you organize your workout and what gains you've seen. ",thread-17865.html
61,deuce,2019-06-28 22:55:16.281905,2012-12-14 09:24:00,327052,[],2012-08-01 00:00:00,[],213,62,Recovering Beta," 34 y/o, 5'9"" 155# 500m row press 72.5#:  5, 5, 11 hammer curl 20#: 15, 15  squat 185#:  5, 5, 12 ",thread-17865.html
62,WesternCancer,2019-06-28 22:55:16.281963,2012-12-15 17:01:00,327940,[],2011-09-01 00:00:00,[],4687,63,International Playboy," Didn't lift all last week so I did a whole body barbell sesh today at a gym I don't normally go to and there were so many chodes, but also lots of super hot cougars. I was pacing between sets and all around going high energy. I think I freaked some people out Ahahaha.  Squats 260 3x5 Deadlift 3151x3 Pendlay row 150 3x5 Bench 150 5x3 Press 115 5x3 Then I fucked around with some clean and jerks. Came home ate steaks eggs butter and milk ",thread-17865.html
63,reaper23,2019-06-28 22:55:16.282015,2012-12-16 17:21:00,328596,[],2012-02-01 00:00:00,[],1108,64,Banned," yesterday: lots of stretching, mobility deadlift 235x3 235x3 285x3 315x3 355x3 385x3 345x3 then, 3 rounds: 20 step ups to 24"" with 40 lb dumbbell 20 lunges with 2 40 lbs dumbbells 20 situps with 25lb weight my ass is sore as shit today! ",thread-17865.html
64,deuce,2019-06-28 22:55:16.282073,2012-12-17 07:32:00,329043,[],2012-08-01 00:00:00,[],213,65,Recovering Beta," 12/17/12 20 minute fasted walk bench 167.5#:  5, 5, 6 weighted chinup 27.5#:  8, 6 squat 185#:  5, 5, 13 shrugs 45#:  8, 8  3 sets of 8 burpees in 24 seconds or less, rest 1 minute between sets ",thread-17865.html
65,reaper23,2019-06-28 22:55:16.282142,2012-12-17 08:04:00,329060,[],2012-02-01 00:00:00,[],1108,66,Banned," lacrosse ball mobility, jumping exercises, stretching snatch: 105x3 125x1 140x1 150x1 160x1 170x1* PR  175 miss 175 miss front squat 135x3 155x1 175x1 195x1 205x1 215x1 225x1* PR this whole week is PR week.  been working up to setting to 1RM's for the last couple of months.  Time to see where things are. ",thread-17865.html
66,LooTa,2019-06-28 22:55:16.282189,2012-12-17 21:07:00,329520,[],2012-12-01 00:00:00,[],221,67,Banned," 1RM time for me too.  getting a handle on where I'm at  so I can set goals for 2013.  I Just pushed 110kg on the bench.  I was hoping for more, but not too bad considering I weigh 84kg, and my triceps may have been a little fatigued at the time.   Goals for 2013 - increase bodyweight to 90kg, and bench press 130kg. ",thread-17865.html
67,deuce,2019-06-28 22:55:16.282260,2012-12-18 07:21:00,329819,[],2012-08-01 00:00:00,[],213,68,Recovering Beta," 12/18/12 2 mile run 3 sets of 9 burpees in 27 seconds or less, rest 1 minute between sets 3 x 3 ladder chin-ups 2 minutes situps:  63 ",thread-17865.html
68,reaper23,2019-06-28 22:55:16.282330,2012-12-19 08:37:00,330509,[],2012-02-01 00:00:00,[],1108,69,Banned," mobility, stretching, cycles of squats/push ups/sit ups warm up clean and jerk PR day 135x3 155x1 195x1 205x1 215x1 225 miss 225x1 230x1* PR ten lb PR then- 3 rounds max pulls ups plus 10 toes to bar 5,4,3 ",thread-17865.html
69,Praetor,2019-06-28 22:55:16.282397,2012-12-19 09:34:00,330528,[],2012-05-01 00:00:00,[],119,70,Beta Orbiter, Going for PR today: Squat 300 3x5 Bench 225 3x5 Deadlift 225 3x5 For some reason my deadlift is much worse than my squat but for most people it's the other way around.  My current bodyweight is 235 and I'm aiming for 250 over the next 2 months or so.  I'm still using Starting Strength but I will probably switch to Wendler's 5-3-1 sometime in early 2013.  Anybody have luck with the 5-3-1 system? ,thread-17865.html
70,deuce,2019-06-28 22:55:16.282459,2012-12-19 11:13:00,330573,[],2012-08-01 00:00:00,[],213,71,Recovering Beta," 12/19/12 press 75#:  5, 5, 14 EZ curl 55#:  15, 15 power clean:  95#, 95#, 100#, 100#, 105# deadlift 165#:  14 ",thread-17865.html
71,deuce,2019-06-28 22:55:16.282517,2012-12-20 11:33:00,331269,[],2012-08-01 00:00:00,[],213,72,Recovering Beta," 12/20/12 fasted walk 20 minutes 3 sets of 10 burpees in 30 seconds or less, rest 1 minute between sets 3 x 3 ladder chin-ups Looks like this is my last workout since the world's gonna end in a few hours. ",thread-17865.html
72,WesternCancer,2019-06-28 22:55:16.282590,2012-12-21 01:32:00,331807,[],2011-09-01 00:00:00,[],4687,73,International Playboy, I ate a massive steak. Probably over 2lbs last night so I fasted today. Shopped all day. Broke my fast and ate curry then cheated and ate a.bunch of cookies. Made up for this by clean and jerking till I wanted to die. Then some arm swollertrophy and 15 min of high resistance elliptical machine. ,thread-17865.html
73,deuce,2019-06-28 22:55:16.282649,2012-12-22 06:55:00,332540,[],2012-08-01 00:00:00,[],213,74,Recovering Beta," 12/22/12 warmup 5 min walk @ brisk pace 500m row AMRAP in 12 minutes: 3 push press @ 95# 7 front squat @ 95# 10-12 foot rope climb (started from sitting position on the deck, keeping legs in an L shape) 8 complete rounds I need to take a page from reaper23 and devote more time to warming up. ",thread-17865.html
74,deuce,2019-06-28 22:55:16.282706,2012-12-24 10:17:00,333554,[],2012-08-01 00:00:00,[],213,75,Recovering Beta," 12/24/12 20 minutes fasted walk 3 sets of 12 burpees in 36 seconds or less 3 x 3 ladder chin-ups press 77.5#:  5, 5, 15 weighted chinup 27.5#:  8, 7 squat 190#:  5, 5, 15 ",thread-17865.html
75,ElJefe,2019-06-28 22:55:17.685115,2012-12-26 15:51:00,334718,[325118],2011-08-01 00:00:00,[],1682,76,True Player," Did this again today. Dammit my lungs were in so much pain I almost vomitted.  My bench sucks a hairy nut... was doing 310 this summer (multiple singles) and could easily crank out 5 @ 275, but am struggling with 230 now. Hopefully muscle memory + good dieting will kick in and I can get back up there in a few weeks. ",thread-17865.html
76,Lemmo,2019-06-28 22:55:17.685210,2012-12-26 16:04:00,334727,[],2011-12-01 00:00:00,[],908,77,Banned, dumbbell bench 5x10 fly 5x10 chin-ups 5x10 row 5x10 shoulder press 5x10 ,thread-17865.html
77,deuce,2019-06-28 22:55:17.685287,2012-12-27 10:35:00,335162,[],2012-08-01 00:00:00,[],213,78,Recovering Beta, missed lifting yesterday due to having my head in a toilet for several hours...caught some bug Today: 20 minutes fasted walk 3 sets of 14 burpees in 42 seconds or less 2 x 4 ladder chin-ups ,thread-17865.html
78,deuce,2019-06-28 22:55:17.685380,2012-12-28 09:20:00,335750,[],2012-08-01 00:00:00,[],213,79,Recovering Beta," 20 minutes fasted walk 3 sets of 15 burpees in 45 seconds or less 2 x 4 ladder chin-ups press 80#:  5, 5, 14 weighted chin-ups 27.5#:  8, 7 squat 195#:  5, 5, 14 barbell shrug 95#:  8, 8 barbell wrist curls 45#:  50, 50 Anyone got any suggestions for forearm development/grip strength? ",thread-17865.html
79,MidniteSpecial,2019-06-28 22:55:17.685452,2012-12-28 19:04:00,336031,[],2012-04-01 00:00:00,[],1833,80,True Player, 5 overhead squat jumps 95# 10 ketel swings Bear crawl to the end of your gym and back five 3 minute rounds. 1 minute break in between. ,thread-17865.html
80,Lothario,2019-06-28 22:55:17.685533,2012-12-28 19:23:00,336038,[],2011-07-01 00:00:00,[],1337,81,Alpha Male," I'm 5 ft 10 inches Tall, 160 # Todays Workout:  LEGS Squats: 185 X 10 , 235 X 10, 235 X 10 Deadlift:  235 X 5, 255 x 5 Calf workout against resistance : 90 x15, 90 x 15, 90 x 15 Hamstring workout against resistance : 100 X 10, 100 X 10, 100 X 10 ABS Stability Ball Curls 20 reps X 3 sets Ab Bridge 1 min X 3 sets Ab roller 10 reps x 3 sets. ",thread-17865.html
81,WesternCancer,2019-06-28 22:55:17.685603,2012-12-28 19:31:00,336044,[],2011-09-01 00:00:00,[],4687,82,International Playboy, Squats: 1x ow fuck my back Bench press: 1x fuck this shit I'm going home ,thread-17865.html
82,ElJefe,2019-06-28 22:55:17.685684,2012-12-28 19:54:00,336056,[],2011-08-01 00:00:00,[],1682,83,True Player," 10 min jog (average speed 8mph) LB Squats 5x5 (@ 285) Pull-ups 8/7/7/5/4 Pendlay Rows 5 @ 155/165/175/175 Good mornings 5 @ 130/155/155/155 Military Press 5x5 @ 135 5 min AMRAP of burpee box-jumps (completed 42) Not too amazing, but the engine still needs to warm-up. A month of consistent working out plus good dieting should do the trick ",thread-17865.html
83,Lemmo,2019-06-28 22:55:17.685747,2012-12-28 20:03:00,336059,[],2011-12-01 00:00:00,[],908,84,Banned, Incline curls 5x10 Concentration curls 5x10 Tricep extension 5x10 Tricep pulldown 5x10 Wrist curls 5x15 Inclined sit-ups 5x10 ,thread-17865.html
84,deuce,2019-06-28 22:55:17.685834,2012-12-29 10:07:00,336341,[],2012-08-01 00:00:00,[],213,85,Recovering Beta, 20 minute fasted walk run 1200m 50 35# kettlebell swings run 1200m 13:48 Tomorrow's rest day and full-on cheat eating day!  Fuck.  Yes. ,thread-17865.html
85,reaper23,2019-06-28 22:55:17.685894,2012-12-29 16:45:00,336536,[],2012-02-01 00:00:00,[],1108,86,Banned," just a quick one at the hotel to keep me from going all soft during my holiday: two 500M sprints on the C2 (1:50, 1:35) strict shoulder press with 50lb dumbbells, 3x5 dumbbell clean and jerks with 75lbs each 3x5 single arm snatches: 55x5 (each side) 65x5 (each side) 75x5 (each side) 50 air squats ",thread-17865.html
86,reaper23,2019-06-28 22:55:17.685960,2012-12-29 16:47:00,336537,[335750],2012-02-01 00:00:00,[],1108,87,Banned," grab two 50lb dumb-bells, hold them in your hands, let your arms hang straight down, and run/walk/shuffle a mile with them, only moving when you're able to carry them in your hands.  otherwise you have to stop. do that a couple of times a week worked for me! ",thread-17865.html
87,FitAsFuck,2019-06-28 22:55:17.686035,2012-12-30 07:03:00,336897,[335750],2012-04-01 00:00:00,[],80,88,Beta Orbiter," Are you using straps for any of your heavy pulling? If so, then start only using them for your all-out sets.  Do heavy deadlifts - double overhand - no mixed grip. Do you have access to gymnastic rings? ",thread-17865.html
88,Albertron,2019-06-28 22:55:17.686104,2012-12-30 13:38:00,337067,[],2012-12-01 00:00:00,[],127,89,Beta Orbiter," Circuit 1: Shadowboxing - 3 mins Arm circles - 30 sec small circles, 30 sec medium circles, 30 sec big circles, then reverse rotation from big to small circles, same times Jump squats - 1.5 mins Circuit 2: 5 sec rest between intervals Military pushups - 30 sec Pistol squats (30 sec per leg) Wide grip pushups - 30 sec Calf raises (30 sec per leg) Pec shrugs - 30 secs Jump squats - 30 secs 30 sec rest between sets. 3 sets per circuit. ",thread-17865.html
89,RXB,2019-06-28 22:55:17.686154,2012-12-30 22:26:00,337381,[],2012-10-01 00:00:00,[],276,90,Chubby Chaser, My workout today: Squats - 5 sets of 10 reps Leg extensions - 5 sets of 12 Leg Curls - 5 sets of 12 Calve raises - 5 sets of 15 Bench - 8 sets of 8 Dumbbell flys - 8 sets of 8 Leg raises - 200 Sit ups - 200 Wrist curls - 5 sets of 15 Cardio - 30 minutes of riding one of those AirDyne bikes Swole life here I come ,thread-17865.html
90,deuce,2019-06-28 22:55:17.686228,2012-12-31 11:16:00,337671,"[336537, 336897]",2012-08-01 00:00:00,[],213,91,Recovering Beta," Thanks man, I'll do that.   I don't use straps, but I have been using the mixed grip.  I'll switch to double overhand.  Yes, I have access to rings, what do you suggest? Today's workout: 20 minute fasted walk 3 sets of 16 burpees in 48 seconds or less 2 x 4 ladder chin-ups bench 155#:  5, 5, 5 EZ curl 57.5#:  12, 12 squat 200#:  5, 5, 10 I usually go max reps on the last set, but am gonna stick to 3x5 for bench since I'm lifting alone.  Almost dropped it on my neck last time. ",thread-17865.html
91,reaper23,2019-06-28 22:55:17.686277,2012-12-31 12:58:00,337731,[],2012-02-01 00:00:00,[],1108,92,Banned," another quick one at the hotel: 2000M row on the C2, nice and easy - 8:20 three rounds: single arm snatch 70 lbs ® x 5 single arm snatch 70 lbs (L) x 5 10 air squats step up with 100 lbs ® x 5 step up with 100 lbs (L) x 5 ",thread-17865.html
92,R Smoov,2019-06-28 22:55:17.686326,2012-12-31 21:58:00,337963,[],2012-04-01 00:00:00,[],1652,93,True Player, Rosca's Pokemon Workout So far throughout the day I've knocked off 150 push-ups.  Sit-ups are on the way! ,thread-17865.html
93,reaper23,2019-06-28 22:55:17.686368,2013-01-02 18:22:00,339354,[],2012-02-01 00:00:00,[],1108,94,Banned, 750M Row 80 double unders 40 burpees (With full pushup) 30 thrusters 80 lbs 200 M sprint 21:22 ,thread-17865.html
94,Leaper,2019-06-28 22:55:17.686416,2013-01-02 18:45:00,339367,[],2013-01-01 00:00:00,[],21,95,Male Feminist," About to start a winter bulk up, inspired by Nexxtlevelup.  Next week will be the official start, but today was the first day of my new lifting schedule.  I'm still relatively a rookie, so nothing fancy here. Squat 3 x 10 Bench 3 x 10 Pullups to failure (one of my weakest fronts, want to work on this) 2-hand kettlebell swings 75 reps About to start eating like it's going out of style and sleeping like a baby.  Looking to cultivate some mass and increase some numbers. ",thread-17865.html
95,the chef,2019-06-28 22:55:17.686459,2013-01-02 18:52:00,339369,[],2011-11-01 00:00:00,[],491,96,Chubby Chaser, 3 x 5 dumbbell push press 3 x 5 front squat 3 x 5 bent over row ,thread-17865.html
96,WesternCancer,2019-06-28 22:55:17.686515,2013-01-02 18:55:00,339372,[],2011-09-01 00:00:00,[],4687,97,International Playboy, some warmups then:  Squats: 3x5 at 275 then a single at 315. Went smooth as butter.  Press: 5x3 at 120. also went smooth as butter.  Clean+jerk: 160 5 singles BW 235. Stayed the same over the holidays. ,thread-17865.html
97,ElJefe,2019-06-28 22:55:17.686567,2013-01-02 19:21:00,339384,[],2011-08-01 00:00:00,[],1682,98,True Player," Deadlifts (5x5 @ 264lbs) - focus on form OH-press (5x5 @ +135lbs) - decent form Lotsa pull-ups and hypers w/ various grips. Have decided to seriously up training frequency and volume. That means I am going to go broke trying to eat. Will eat paleo + starches (potatoes, rice, rye-bread), try to replicate last year's success with a steady 5x5 progression overload. Goal is 375/500/400 lbs in bench, squats and deadlift respectively by 1st week of april. After that I will switch to strength while I cut till 1st september, then it's volume bulk. ",thread-17865.html
98,deuce,2019-06-28 22:55:17.686618,2013-01-03 11:10:00,339869,[],2012-08-01 00:00:00,"[('http', 'www.crossfitfootball.com', '')]",213,99,Recovering Beta," From crossfitfootball.com squat 3 x 5 @ 205# bench 3 x 5 @ 157.5# AMRAP in 8 minutes: 3 push press @ 95#, 5 KB bombs @ 44#:  10 rounds, 5 reps ",thread-17865.html
99,reaper23,2019-06-28 22:55:17.686667,2013-01-03 14:08:00,339978,[],2012-02-01 00:00:00,[],1108,100,Banned," lots of mobility and stretching hang power snatch 2-2-2 95x2 95x2 95x2 115x2 135x2 145x2 150x2 150x2 155x2 155x2 then, 3 rounds: 10 push ups 10 single arm snatches at 55 lbs 15 box jumps 7:21 ",thread-17865.html
100,dk902,2019-06-28 22:55:23.743704,2013-01-03 14:21:00,339988,[],2011-06-01 00:00:00,"[('http', 'www.t-nation.com', '/free_online_article/most_recent/train_like_a_man_8_the_4minute_pushup_test')]",922,101,Wingman," I just did this for fun: 100 pushups in 4 minutes It actually kicked my ass a lot more than I thought. Rooney's Rating Scale Below Average: Under 49 Average: 50-84 Good: 85-109 Excellent: 110-139 Extraordinary: 140+ I just managed my 100th rep on the last few seconds, and I was completely spent. ",thread-17865.html
101,ElJefe,2019-06-28 22:55:23.743793,2013-01-03 14:43:00,340010,[],2011-08-01 00:00:00,[],1682,102,True Player," 5x5 squats (264/275/275/286/286), excellent form no problems, good speed. Will add more poundage Sunday. BITCH! Did good-mornings, hamstring curls, bicep curls, calf-presses and db lunges too. Legs and lower back are toast. 3rd day in a row at the gym. Last year I hit the gym six times a week with a three-day split, upped my bench 20% in 8 weeks. Hope it can be done again (at 26? lets pray) ",thread-17865.html
102,ElJefe,2019-06-28 22:55:23.743866,2013-01-04 13:42:00,340799,[],2011-08-01 00:00:00,[],1682,103,True Player," 5x5 bench today (220/220/225/225/230). Decent form.  Did some complementary exercises. My program starts a bit lower than what I could probably crank out if pushed, but I am doing a progression overload. I add 2-3lbs on every major lift EACH workout. With each major lift hit twice a weak, that's 5lbs a week. With good nutrition, I progress 50-60lbs in 3 months. ",thread-17865.html
103,FitAsFuck,2019-06-28 22:55:23.743945,2013-01-05 10:46:00,341338,[],2012-04-01 00:00:00,[],80,104,Beta Orbiter," Ran ~5km of recreational running - good for body and soul. Yesterdays WO consisted of, among others: Standing OH press - working my way up to 9x75kg Deadlift - working my way up to a all-out 10x162,5kg Dips - some sets of 14xbw+40kg Good amount of weighted pull-ups and other good stuff. ",thread-17865.html
104,Major Tom,2019-06-28 22:55:23.744019,2013-01-05 15:41:00,341495,[],2012-12-01 00:00:00,[],68,105,Game Denialist," Doing Jim Wendler's 5/3/1.  Today was bench press day (Training Max, or TM of 200 lbs), Week 1. Main movement: Bench Press 130 lbs. (65% TM) x 5, 150 lbs. (75% TM) x 5, 170 lbs. (85% TM) x 5+ (no spotter; stopped just short of failure at 9 reps) Assistance Work: Dumbbell Rows: 70 lbs x 12 x 5 sets -superset with- Low Incline Dumbbell Press: 60 lbs x 10 x 5 sets Dips: 3 sets of 15 -superset with- Close grip pulldowns: 3 sets of 10-12 Clean and Press (strict) : 60 lbs x 8 x 2 sets -superset with- Face Pulls: 30 x 20 x 2 sets -superset with- Dumbbell Pullovers: 40 lbs x 10 x 2 sets Followed up with some stretching, band pull-aparts, and neck extension/flexion work...then a protein shake with raw milk and creatine.  Feelsgoodman. ",thread-17865.html
105,Major Tom,2019-06-28 22:55:23.744098,2013-01-05 15:45:00,341500,[339988],2012-12-01 00:00:00,[],68,106,Game Denialist," Did you get that from his latest T-nation Article (Train like a Man number...8 I think?).  I think I'll give that test a try once I recover from today's upper-body workout.  Martin Rooney is the man.  After his article on sprinting I pretty much gave up on ""cardio"" for good (besides walking around), and started doing real conditioning (hill sprints and Prowler pushing).  So much better, and not to mention more manly! ",thread-17865.html
106,FitAsFuck,2019-06-28 22:55:23.744174,2013-01-05 17:53:00,341568,[341500],2012-04-01 00:00:00,[],80,107,Beta Orbiter," Which of his articles are you referring to, ""on sprinting"" - as far as I know he has touched on sprinting in a few of his ""Train like a man"" but I haven't found any specific sprinting article - but would love to read it if you have a link. ",thread-17865.html
107,Major Tom,2019-06-28 22:55:23.744251,2013-01-05 21:12:00,341674,"[341568, 341500]",2012-12-01 00:00:00,"[('http', 'www.t-nation.com', '/free_online_article/most_recent/train_like_a_man_5_the_real_paleo_exercise&amp'), ('http', 'www.t-nation.com', '/free_online_arti...ercise&amp'), ('http', 'www.t-nation.com', '/free_online_article/sports_body_training_performance/an_ez_guide_to_sprinting'), ('http', 'www.t-nation.com', '/free_online_arti...sprinting')]",68,108,Game Denialist," Here's the article: http://www.t-nation.com/free_online_arti...ercise&cr;= Not much besides a strong case for sprinting over jogging, but there are some other articles on that site on sprinting technique, or how to program them into your workout regimen like this one: http://www.t-nation.com/free_online_arti...sprinting. ",thread-17865.html
108,reaper23,2019-06-28 22:55:23.744311,2013-01-07 09:30:00,342574,[],2012-02-01 00:00:00,[],1108,109,Banned," snatch 3-3-3 3x95 3x115 3x130 3x145 3x145 snatch pulls 3x145 3x145 3x145 then, for time: 3 rounds of 200M sprint 10 box jump burpee to 20"" 7:51 ",thread-17865.html
109,deuce,2019-06-28 22:55:23.744381,2013-01-07 11:05:00,342617,[],2012-08-01 00:00:00,[],213,110,Recovering Beta," 20 minute fasted walk bench 160#:  5, 5, 8 seated DB curl 20#:  15, 13 squat 210#:  5, 5, 8 ",thread-17865.html
110,FitAsFuck,2019-06-28 22:55:23.744451,2013-01-07 19:02:00,342908,[],2012-04-01 00:00:00,[],80,111,Beta Orbiter," Made 3 rep-pr's today on my second round of Wendlers 5/3/1, which is kind of designed for exactly rep-records Standing OH Press 7x80kg Deadlift 10x170kg Dips 6xbw+80kg Weighing somewhere around 93kg. ",thread-17865.html
111,the chef,2019-06-28 22:55:23.744510,2013-01-07 22:17:00,343041,[],2011-11-01 00:00:00,[],491,112,Chubby Chaser, 3 x 5 front squat 3 x 5 military press 3 x 5 bench ,thread-17865.html
112,Sonsowey,2019-06-28 22:55:23.744575,2013-01-07 23:18:00,343079,[],2010-05-01 00:00:00,[],3303,113,International Playboy," Just did a 1 hour yoga class, followed by a 1 hour boxing class. Yoga wasn't really my thing, but the Boxing class was fun. 1 hour each. Martial Arts really are the best workout for me. So much more fun than anything else. ",thread-17865.html
113,reaper23,2019-06-28 22:55:23.744633,2013-01-08 08:08:00,343367,[],2012-02-01 00:00:00,[],1108,114,Banned," backsquats 7-7-7 155x3 185x3 205x3 220x7 195x7 195x7 step ups, 20"" box, 70 lbs 10-10-10 90 second N hold ",thread-17865.html
114,deuce,2019-06-28 22:55:23.744696,2013-01-08 09:29:00,343393,[],2012-08-01 00:00:00,[],213,115,Recovering Beta," 1/8/13 2 mile run @ 8:34 pace 3 sets of 15 burpees in 45 seconds, rest 1 minute 2 x 4 ladder chin-ups ",thread-17865.html
115,deuce,2019-06-28 22:55:23.744765,2013-01-09 12:17:00,344293,[],2012-08-01 00:00:00,[],213,116,Recovering Beta," 1/9/13 20 minute fasted walk press 85#:  5, 5 10 weighted chin-ups 25#:  8, 8 5 x 1 power clean 65#,  75#, 95#, 100#, 105# deadlift 170#:  14 ",thread-17865.html
116,reaper23,2019-06-28 22:55:23.744837,2013-01-10 07:50:00,344862,[],2012-02-01 00:00:00,[],1108,117,Banned, push press 3-3-3 95x3 115x3 140x3 155x3 175x3 push jerk 3-3-3 185x3 195x3 205x3 split jerk 3-3-3 210x3 215x3 220x3 ,thread-17865.html
117,deuce,2019-06-28 22:55:23.744900,2013-01-10 10:39:00,344920,[],2012-08-01 00:00:00,[],213,118,Recovering Beta," 1/10/13 20 minutes fasted walk 3 sets of 16 burpees in 48 seconds, rest 1 minute 2 x 4 ladder chin-ups ",thread-17865.html
118,reaper23,2019-06-28 22:55:23.744944,2013-01-11 09:56:00,345640,[],2012-02-01 00:00:00,[],1108,119,Banned, 800 meter run 75 push ups 10 snatches @ 105lbs 15:03 ,thread-17865.html
119,deuce,2019-06-28 22:55:23.745004,2013-01-12 10:08:00,346325,[],2012-08-01 00:00:00,[],213,120,Recovering Beta, 1/12/13 quick conditioning workout: 10-9-8-7-6-5-4-3-2-1 44# KB swings burpees 6:51 ,thread-17865.html
120,deuce,2019-06-28 22:55:23.745058,2013-01-14 08:16:00,347597,[],2012-08-01 00:00:00,[],213,121,Recovering Beta," 1/14/13 20 minute fasted walk 3 sets of 17 burpees, rest 1 minute between sets 2 x4 ladder chin-ups press 87.5#  5, 5, 9 weighted chin-ups 26.5# (kettlebell):  8, 6 squat 220#:  5, 5, 8 ",thread-17865.html
121,reaper23,2019-06-28 22:55:23.745102,2013-01-14 15:49:00,347892,[],2012-02-01 00:00:00,[],1108,122,Banned, Grace+Row 30 clean and jerks @ 135lbs - 5:07 1000M row - 4:05 ,thread-17865.html
122,deuce,2019-06-28 22:55:23.745164,2013-01-17 07:06:00,350183,[],2012-08-01 00:00:00,[],213,123,Recovering Beta," 1/17/13 squat 225# 3 x 5 bench 165# 3 x 5 4 x 20 Meter Sprints (rest 20 seconds between efforts)  Rest 30 seconds then... 6 x 30 Meter Sprints (rest 30 seconds between efforts)  Rest 30 seconds then... 10 x 10 Meter Flying Starts (rest 30 seconds between efforts)  *take 10 meters to accelerate, you should be full speed by the time you hit your start. fastest time of 10M:  1.24 sec ",thread-17865.html
123,deuce,2019-06-28 22:55:23.745228,2013-01-18 10:46:00,350931,[],2012-08-01 00:00:00,[],213,124,Recovering Beta," 1/18/13 power clean 95# 5 x 3 strict pullups 3 x max:  12, 8, 7 Tabata Sledgehammer Strikes 25# sledge Rest 1 minute Tabata KB Swings – 55#  Rest 1 minute (had to switch to 35# on round 5) Tabata Sledgehammer Strikes 25# sledge lost count of each round…durrrrr ",thread-17865.html
124,reaper23,2019-06-28 22:55:23.745275,2013-01-18 10:52:00,350933,[],2012-02-01 00:00:00,[],1108,125,Banned, push press  135x3 155x3 175x3 185x3 push jerk 195x3 205x3 215x3 split jerk 215x3 225x3 185x3 ,thread-17865.html
125,deuce,2019-06-28 22:55:25.149313,2013-01-19 10:10:00,351471,[],2012-08-01 00:00:00,[],213,126,Recovering Beta, 1/19/13 find 2RM overhead squat  - 105# Complete 5 rounds: 15 seconds of 45# DB Thrusters Rest 45 Seconds  15 seconds of 45# weighted pull-ups Rest 45 Seconds  15 seconds of burpees  Rest 45 Seconds ,thread-17865.html
126,deuce,2019-06-28 22:55:25.149464,2013-01-22 01:46:00,353299,[],2012-08-01 00:00:00,[],213,127,Recovering Beta," 1/21/13 fasted walk 20 minutes press 90#:  5, 5, 12 weighted chin-ups  26.5#:  8, 8 squat 230#:  5, 5, 7 ",thread-17865.html
127,AlphaEnchantment,2019-06-28 22:55:25.149559,2013-01-22 23:05:00,353987,[],2013-01-01 00:00:00,[],87,128,Banned, Im guessing we have some Matt Ogus fans in here? Ive been doing a shitty version of the wendler 5/3/1 program just splitting things up into Push Pull Legs but I think Im going to buy the book soon and actually follow it. Ive seen only good things about it and people who have done it seem to end up with amazing strength gains ,thread-17865.html
128,reaper23,2019-06-28 22:55:25.149624,2013-01-23 07:49:00,354207,[],2012-02-01 00:00:00,[],1108,129,Banned," 24"" step ups w/ 70 lbs 10-10-10 then; 500M sprints on C2  1:33, 1:36, 1:41, 1:42 ",thread-17865.html
129,deuce,2019-06-28 22:55:25.149702,2013-01-23 11:05:00,354287,[],2012-08-01 00:00:00,[],213,130,Recovering Beta," 1/23/13 bench 167.5#:  5, 5, 7 EZ curl 60#:  15, 15 clean 95#, 115#, 120#, 125#, 130# deadlift 185#:  15 4 rounds 10 dive bomber pushups 10 mountain climbers 50m shuttle run 6:27 ",thread-17865.html
130,mastauser,2019-06-28 22:55:25.149766,2013-01-23 20:01:00,354664,[],2013-01-01 00:00:00,[],266,131,Banned, What do you guys think of a workout like this: -ropeskipping couple of minutes -boxing on a boxing bag couple of minutes -lift some weights/ situps -finish with 25 minutes of swimming ,thread-17865.html
131,Titan,2019-06-28 22:55:25.149827,2013-01-23 20:05:00,354666,[],2012-10-01 00:00:00,[],220,132,Recovering Beta, 15 pullups 15 pushups I'm a monster ,thread-17865.html
132,one-two,2019-06-28 22:55:25.149903,2013-01-23 21:59:00,354711,[354664],2011-11-01 00:00:00,[],348,133,Chubby Chaser," If you are going to ropeskip or box, at least go a couple of 3-minute rounds. Otherwise, try the Tabata protocol for short bursts of balls-out work. ",thread-17865.html
133,one-two,2019-06-28 22:55:25.149964,2013-01-23 22:02:00,354712,[],2011-11-01 00:00:00,[],348,134,Chubby Chaser," 5 sets each: Squats, Deadlifts, Lunges, Seated Calves ",thread-17865.html
134,reaper23,2019-06-28 22:55:25.150031,2013-01-24 08:18:00,354970,[],2012-02-01 00:00:00,[],1108,135,Banned, push press 135x3 155x3 175x3 190x3 push jerk 185x3 205x3 215x3 split jerk 205x3 215x3 225x3x ,thread-17865.html
135,AlbertoDelMuerto,2019-06-28 22:55:25.150097,2013-01-24 08:25:00,354974,[],2012-09-01 00:00:00,[],713,136,Wingman, 5x10 is overkill! 3x8 or 5x5 are the way to go. ,thread-17865.html
136,reaper23,2019-06-28 22:55:25.150169,2013-01-25 11:06:00,355869,[],2012-02-01 00:00:00,[],1108,137,Banned," for time: 50x double under 50x burpee 50x wall ball @ 20/14-lbs. 50x back extension 50x push press @ 45-lbs. 50x knees-to-elbows walking lunge, 50 steps 50x swing @ 35-lbs. 50x jumping pull-up 50x box jump, 24″ platform DNF.  at 30:00 I had two reps left! ",thread-17865.html
137,Thatdude,2019-06-28 22:55:25.150236,2013-01-29 01:16:00,357888,[],2012-06-01 00:00:00,[],237,138,Recovering Beta, squats 5x5 bench 5x5 barbell rows 5x5 30 pull-ups ,thread-17865.html
138,WesternCancer,2019-06-28 22:55:25.150312,2013-01-29 01:39:00,357899,[],2011-09-01 00:00:00,[],4687,139,International Playboy, squats 305 3x5 press 135 3x5 bb curl 90 3x5 cable curl/triceps pushdown superset 3x12 @ 120lbs  bbcurl 40 1x100  and a literal fuckton of snatches/cleans probably 50 reps total of each then I ate enough curry to make any IRT proud. ,thread-17865.html
139,reaper23,2019-06-28 22:55:25.150405,2013-01-29 13:48:00,358196,[],2012-02-01 00:00:00,[],1108,140,Banned," I am currently crushed. monday: ""cindy"" 20 minutes of as many rounds as possible: 5 pull ups 10 push ups 15 squats I did 11 rounds plus 8 pushups. Today: 1-1-1-1-1 3 x hanging clean + 3 front squat + 3 jerk 135 155 165 170 170 ",thread-17865.html
140,NuMbEr7,2019-06-28 22:55:25.150467,2013-01-30 09:49:00,358751,[],2012-02-01 00:00:00,[],303,141,Chubby Chaser, edit ,thread-17865.html
141,reaper23,2019-06-28 22:55:25.150517,2013-01-30 11:38:00,358802,[],2012-02-01 00:00:00,[],1108,142,Banned, Runs/Sprints: 800M 400M 200M 400M 800M three minute rest in between KILLER ,thread-17865.html
142,ElJefe,2019-06-28 22:55:25.150583,2013-02-10 16:02:00,367681,[],2011-08-01 00:00:00,[],1682,143,True Player, That does sound like murder. Squatted 5x 319/319/325/325/330 today.  Every squat workout I increase total work by another 160lbs over 25 reps. The goal is to reach 5x 200/300/400/500lbs in press/bench/squat/deadlift by week 14. After that it's cross-jizz all the way! PS. My body-fat % is almost 20!!! ,thread-17865.html
143,Screwston,2019-06-28 22:55:25.150642,2013-02-13 03:17:00,370161,[],2011-02-01 00:00:00,[],8774,144,Banned," How do you decide what to stick to when working out? I use a bench, some free weights and a pull up bar. I usually start with pull ups, push ups and sit ups. Then I'll bench press, take a mini break and bench some more. Then I do kind of a deadlift move except I stand up straight, hold the bar all the way down and lift it up to my face. AFter that, barbell curls. Then curls with free weights and maybe lift them straight in the air from my shoulders. I repeat everything all over. Should I change anything? ",thread-17865.html
144,ElJefe,2019-06-28 22:55:25.150734,2013-02-13 03:38:00,370169,[],2011-08-01 00:00:00,[],1682,145,True Player," Check out starting strength, buddy! the one where you lift up to your face sounds a bit dangerous? Go to exrx.net, and check out the following: Squats Deadlifts Bench-Press Pull-Ups/Chin-Ups Good-Mornings/Rumanian Deadlifts Barbell Rows Barbell Curls Military-Press ",thread-17865.html
145,T and A Man,2019-06-28 22:55:25.150796,2013-02-14 01:03:00,370979,[],2011-10-01 00:00:00,[],1246,146,Alpha Male," OK, thought I'd add to this now I've got myself motivated to work regularly over the past 3 weeks. Last night was back and core. Dumbbell rows - 23kg {3 x 9} Deadlift - 66kg {3 x 10} Hyper extension w/2.5kg plate on my back {3 x 10} Barbell row - 31kg {3 x12} Oblique side bends - 23kg {3 x 10} ",thread-17865.html
146,Hannibal,2019-06-28 22:55:25.150878,2013-02-15 02:10:00,371854,[],2012-05-01 00:00:00,[],1932,147,True Player, 105 lb shoulder press 3 reps x 5 275 lb deadlift heavy 3 reps x 3 225 lb deadlift light  6 reps x 2 ,thread-17865.html
147,Ace,2019-06-28 22:55:25.150951,2013-02-17 15:03:00,373359,[],2013-02-01 00:00:00,[],47,148,Game Denialist, 5 min jump rope Snatch Deadlift [email protected] Overhead Squat [email protected] Pullups 5x max 5 min jump rope Stretch  took about an hour. ,thread-17865.html
148,AlphaEnchantment,2019-06-28 22:55:25.151019,2013-02-17 23:26:00,373739,"[370161, 370169]",2013-01-01 00:00:00,[],87,149,Banned, You should find a weight lifting program and follow it. How many times a week are you working out with this routine? sounds like too much if your going to the gym 5 days a week but if you only go once a week it wouldnt be bad.  Most people/programs do one or similar body parts a workout so that they have time to recover This^ its a great book for learning proper form and doing things right in the gym ,thread-17865.html
149,AlphaEnchantment,2019-06-28 22:55:25.151077,2013-02-17 23:34:00,373745,[],2013-01-01 00:00:00,[],87,150,Banned, Today was Squat day on week 3 of the Wendler 5/3/1 program Back Squats Warm up bar x5 95 x 5 135 x 5 185 x 5 Work Sets 225 x 5 240 x 3 250 x1 Then for the last work set I did as many as I could at 250 which was 3 and going ass to grass not half way down Then 5 sets of 8 at 185lbs Leg extensions 5 sets of 8 110lbs Single leg curls 5 sets of 8 60lbs Standing Calf raises 5 sets of 12 130lbs Abs Leg raises 3 sets of 12 15lbs Reverse Crunch 3 sets of 12 15lbs ,thread-17865.html
150,T and A Man,2019-06-28 22:55:26.386570,2013-02-18 00:37:00,373784,[],2011-10-01 00:00:00,[],1246,151,Alpha Male, 16/2 - Legs Barbell squat - 73kg {3 x 12} Dumbbell lunges - 17kg each {3 x 10} Leg extensions  - 60kg {3 x 10} Leg Curls - 55kg {3 x 7} Calf raises - 20kg {3 x 20} ,thread-17865.html
151,Screwston,2019-06-28 22:55:26.386671,2013-02-19 01:39:00,374532,"[373739, 370161, 370169]",2011-02-01 00:00:00,[],8774,152,Banned," I try to work out 3 times a week, every other day. ",thread-17865.html
152,Hannibal,2019-06-28 22:55:26.386789,2013-02-20 02:58:00,375351,[],2012-05-01 00:00:00,"[('http', 'www.rosstraining.com', '/images/hoseclamp.jpg'), ('http', 'rosstraining.com', '/blog/2008/12/31/homemade-t-handle-demonstration/'), ('http', 'rosstraining.com', '/blog/2008/12/31/...nstration/')]",1932,153,True Player," I would try to do a posterior chain exercise, houston. I don't know how much weight you have (I'm only guessing because you seem to pull all the weight you have up to your face), but I recommend the kettlebell swing. If there was a suitable replacement for squats and deadlifts, it would probably be pistols for reps, sprints, and swings. The swing is sort of like a ballistic deadlift. You're not going to get bodybuilder jacked or anything, but at least you won't be neglecting your lower body.  One bonus is that you'll pound pussy like a jackhammer if you do a lot of swings.  Don't want to buy a 90 dollar piece of nonadjustable cast iron? Here's the solution. http://rosstraining.com/blog/2008/12/31/...nstration/ This shows you how to make a T handle so that you don't need to buy a bunch of kettlebells.  In all seriousness, anything you can do with a kettlebell, you can do with other equipment that is not only adjustable, but cheaper. People who claim that kettlebells are a magical form of training equipment are deluded, it's all Dragon Door marketing to the fitness hipster who reads more than he trains. edit: As far as a workout program is concerned There's one out there called ""Program Minimum"" from Enter the Kettlebell, where you do a program of swings and turkish getups and it's designed by Pavel Tsatsouline. He claims that, once you go heavy enough, you literally don't need any other exercise. He's also the same guy who said that the deadlift is the best posterior chain exercise and that the squat isn't entirely necessary if you're deadlifting heavy enough, so take that with a grain of salt.  Pavel's a big fan of abbreviated forms of training where you do a posterior chain exercise and an upper body pressing movement and you just work the fuck out of them. It definitely delivers, I did a deadlift/shoulder press program and I put forty pounds on my press and a hundred on the deadlift over a period of 6 weeks. If you want to do a lower body exercise with the weight you do have, I'd do the swing at least two days a week, if not three. Try to keep the weight somewhat heavy, start at 50-70 lbs and keep going up. Watch some youtube videos to figure out the form. Throw in some pistol squats to give your quads something to do. You can lower the weight on the swing and do them for timed intervals if you're not all about strength.  Then I'd probably alternate presses on different days, bench on one and standing shoulder press on another.  Throw in some pullups for good measure, or you can do pendlay rows. ",thread-17865.html
153,WesternCancer,2019-06-28 22:55:26.386863,2013-02-22 01:46:00,376690,[],2011-09-01 00:00:00,[],4687,154,International Playboy, Suicide squats for when you hate everything and want to die: 225x20  Basically low weight until you collapse. Then cry at the fatty teaching a bunch of kids how to lift improperly. ,thread-17865.html
154,ElJefe,2019-06-28 22:55:26.386937,2013-02-22 04:46:00,376740,[],2011-08-01 00:00:00,[],1682,155,True Player," Bench: 5x5x265lbs Dips: 3x5 @ BW + 110lbs Squats: 5x5x330lbs Press: 5x5x155lbs Deadlift: 1x5x330lbs - this is my weak-point. Am progressing, tho ",thread-17865.html
155,GreenGranted,2019-06-28 22:55:26.387018,2013-02-24 14:25:00,378339,[],2013-01-01 00:00:00,[],78,156,Beta Orbiter," I have a couple of questions regarding my workout. I'm a lifting beginner. Criticize it please. All exercises are 1 set to failure, very slow cadence (something like 5 seconds up, 5 seconds down). I copy pasted this from my sheet. 3 + 1 is to mean: 3 reps completed, failure happened on the 4th. I used dumbbells. I use scooby's tips for reference to form. I never had any problems, except my wrists when I did bicep curls. Switching to hammer curls fixed the problem entirely. Pull-ups: 3 + 1 Wide push-ups: 8 + 1 (7 kg backpack) Dumbbell squats: 30 air squats Side raises: 9 + 1 (4 kg per arm) Skull crushers: 10 + 1 (4 kg per arm) Military presses: 7 + 1 (4 kg - wtf?) Hammer curls: 11 + 1 (5 kg per arm) My questions: I've been stuck on pull ups for the longest time. Most of the times I do 4 - 6 of them, never more. I blame today's sloppy performance on the slippiness of the pull up bar (it snowed today) and the freezing cold. Pull-ups and push-ups have been in my workouts since I started (6 months ago). Any exercises I can do to mix it up, breach this plateau? (eg negatives?) Squats: I wanted to do dumbbell squats, but either it is way too light on my legs, or, when using more proper weight, I kill my arms before my legs. I reverted to convict conditioning style squats for the time being. Tips on this? EDIT: I do this once every 3 days. Except for abs on different day, this is my routine. I forgot to mention: 3 minutes rest between exercises. ",thread-17865.html
156,Hannibal,2019-06-28 22:55:26.387134,2013-02-24 15:22:00,378376,[],2012-05-01 00:00:00,[],1932,157,True Player," I'd just keep the reps low, don't go to failure, and do many sets. If you can only do 3 pullups, then do one or two for something like 10 sets.  Use a cadence you're comfortable with, just don't use momentum to throw the weight around if you're training for maximal strength. I usually do something like 2 seconds up, 1 second pause, 2 seconds down.  When it comes to bodyweight stuff, you have to get strong before you get all that big. Bodyweight exercises aren't the best for massive amounts of hypertrophy, but it's free and you can do it anywhere.  My question is, how much do you weigh and about how tall are you and what sort of budget do you have for working out (this includes diet and amount of time)? As far as legs are concerned, I recommend doing regular bodyweight squats until you can do one legged squats. Once you can do one legged squats, do them until you're comfortable and then do explosive one legged squats for lowish reps and never to failure. You won't have the strongest legs ever, but they'll be pretty strong pound for pound.  Convict conditioning has a shitty squat progression. Here's a better one. 1)Bodyweight squats until you're comfortable 2)Lower yourself down on one leg and then go back up with two 3)Lower yourself down on one leg while holding onto  something (I like to use a door), then go back up with some assistance. 4)Gradually work up to where you don't need the door.  5)One legged jumps for height 6)One legged jumps for height and distance Introduce this shit gradually. I went from bodyweight squats to one legged squats over the course of about four months. Most of it isn't strength, but balance and flexibility.  Don't bother with that little stuff like side raises and hammer curls if you're a beginner. Stick to compound movements. Try to workout at least three days a week. Keep the reps somewhat low (except for legs, they need higher reps), do many sets, and stick to the basics. I like to pick two exercises and bust my ass on them for an hour.  As far as bodyweight is concerned, that would be Pullups Bodyweight squats Handstand work (if you can't do a handstand yet, work on your pushups until you can) Pushups So you could structure your workouts like this Squats Pushups Day 2 Handstand work Pullups So a sample routine would look like this, for example Monday Bodyweight squats 20 rep warmup Pistol squats 4 reps 6 sets each leg Pushups 10 rep regular pushup warmup Diamond pushups 5 reps 7 sets Wednesday Handstands for time 30 second ""reps"", 4 sets Pullups 3 reps 6 sets Any workout routine done with enthusiasm will make gains. One of my buddies busts out as many pushups and pullups as he can every morning and he goes for a sprint a couple times a week. He's been doing that for the last two and a half years and, although his physique isn't bodybuilder impressive, he's got at least twenty pounds on his identical brother. He may not be using the most efficient workout, but he likes what he does and he sticks with it. I have far more respect for his third world workout and his dedication to it than 90% of the people who show up to the gym on January 1st.  In other words, don't get too caught up in rep schemes. If you bust your ass, you will make gains. If you keep the reps low with a good amount of sets, you won't develop as much hypertrophy but you will build strength (you want to have a good strength/mass ratio for bodyweight exercises so that you can do the harder variations of each exercise, like one armed pushups). I would also do sprints if you're on a tight budget for equipment. Sprints can build some muscle on your legs and they make you more explosive all around. Don't fear the overtraining fairy. Provided you eat enough and sleep enough, you could work out twice a day if you felt like it. I recommend Monday/Tuesday/Thursday/Friday. ",thread-17865.html
157,Screwston,2019-06-28 22:55:26.387206,2013-02-25 03:56:00,378795,[],2011-02-01 00:00:00,[],8774,158,Banned, Does anyone use regular things to work out with? I did a job the other day moving around cinder blocks and busting them open. I felt nice and sore afterwards. I was thinking of maybe putting some in a backpack and walking around or something like that. What does everyone do to keep their belly flat? I don't want a 6 pack but just flat as possible. Should I just start jogging more? I'm already skinny and try not to do it to much so I can keep as much meat on me as possible. ,thread-17865.html
158,Hades,2019-06-28 22:55:26.387276,2013-02-25 05:19:00,378821,[378795],2012-02-01 00:00:00,[],3652,159,Banned, I think that a flat gut is 80% diet and 20% exercise lifestyle. So basically do sprints and eat clean. ,thread-17865.html
159,GreenGranted,2019-06-28 22:55:26.387339,2013-02-25 10:13:00,378933,[],2013-01-01 00:00:00,[],78,160,Beta Orbiter," @ Hannibal, thanks for the very elaborate reply. However, you got me a bit confused with the high amount of sets advice. Tim Ferriss, who is usually on point, says it's better to do one set to failure. I will definitely look in to your squat progression, and do multi sets pull-ups as well, to see how it goes. I've downloaded Bodybuilding Revealed, it is said to be one of the best references. However, with everybody saying something different, I think the most important thing is to just keep going, stick to a schedule a few months. I'm currently making huge progress on the other exercises. When that stops somewhat, I'll compose my next schedule. ",thread-17865.html
160,Hannibal,2019-06-28 22:55:26.387453,2013-02-25 13:38:00,379027,[],2012-05-01 00:00:00,"[('https', 'www.youtube.com', '/embed/NnN8ksvVRIQ'), ('http', 'i224.photobucket.com', '/albums/bb471/GETfizzYcaL/Al_Kavadlo_rocks_GETfizzYcaL.jpg')]",1932,161,True Player," Pullups are one of those exercises where the easiest way to get better at them is to do many sets of them short of failure so that you get more efficient at the movement. If you want to know how much time to take between sets, most people say you should stay between 90 and 30 seconds between sets. I just say, take as much time as you need between sets to be able to do another one. Don't get too mechanical with this, working out should be fun, or at least a bit meditative.  Tim Ferriss is concerned with the prevalent 80/20 rule, where he thinks that if he does 20% of the effort, he'll get 80% of the results.  As far as bodyweight exercises are concerned, there is no suitable replacement for the squat or deadlift (which would be in that 20% effort = 80% of the gains margin). That, and there's no real way to incrementally add weight, so the next best thing is to increase volume with proficiency in the exercise. I prefer to add sets before adding reps. Do whatever you want with your rep/set scheme, but I'll give you some justification for why I do what I do.  One set to failure is better than no sets and is more time efficient than many sets to near failure (like two to three reps short of failure). I recommend doing many sets to near failure for a couple reasons 1) You're not going to be sore as shit all the time 2) You'll have more motivation to work out because you won't be sore as shit all the time 3) Many sets to near failure is easier to recover from. Quicker recovery is better because you will, in all probability, gain more than the Ferriss method of one set to failure. 4) Your body is smart, and one of the quickest ways to get stronger is to increase the efficiency of a movement. If you practice many sets to near failure, you increase the efficiency of the neural pathways that you use to complete the movement because, not only do you practice the movement more, you always use good form. Perfect practice makes perfect, that's the underlying concept of Hebbian Theory.  5) I'd like to think that it's better for your joints to be using proper form all the time. At the very least, using proper form by never going to failure reduces stupid injuries. If you're more interested in ""bodybuilding"" with bodyweight exercises, than just do somewhat massive amounts of pullups and pushups. There's no secret and there's no shortcut. You can say this guy has good genetics and you'd probably be right, but this guy right here is somewhere around 40 years old and, for the most part, he doesn't even use weights. He's got a better physique than most chair jockeys half his age who spend their time arguing about how much glutamine and shit to take after workouts. Al Kavadlo doesn't bother with that shit. He just eats clean, gets his shit done at the gym, and goes home.  Since you're new, just about anything you do will get gains. That's where the majority of the weightlifting confusion and conflicting advice comes from. That, and there's more than a few ""resources"" out there looking to profit from your ignorance. Stick to a program of pullups, pushups, and bodyweight squats for a couple months and see where you're at. Feel free to bust your ass at it and don't be scared to have heavy days during the week with lots of volume. Your arms aren't going to turn green and fall off and the overtraining boogieman is largely a myth, so long as you eat and sleep enough. Mix and match what you do and try different shit like diamond pushups or uneven pullups when you get bored. If you have any more questions, feel free to PM. I've got some good weightlifting literature, if you're interested. ",thread-17865.html
161,Hannibal,2019-06-28 22:55:26.387533,2013-02-25 13:49:00,379035,[],2012-05-01 00:00:00,[],1932,162,True Player," Eh, might as well post my workout Standing Shoulder Press 100 lbs 3 reps 4 sets Standing Shoulder Press 95 lbs (backoff sets) 3 reps 7 sets Deadlift 275 lbs 3 reps 5 sets Deadlift 225 lbs (backoff sets) 3 reps 4 sets Should be up to 315 deadlift in a few weeks. ",thread-17865.html
162,ElJefe,2019-06-28 22:55:26.387599,2013-02-25 17:51:00,379229,[],2011-08-01 00:00:00,[],1682,163,True Player, Squatted 5x340lbs today. Will hopefully hit 5x400lbs by first week of April. ,thread-17865.html
163,rmo,2019-06-28 22:55:26.387666,2013-02-26 02:52:00,379541,[],2013-02-01 00:00:00,[],32,164,Banned, Shoulder press (dumbbell) 4x12 lateral raises 4x12 Dumbbell raises 4x12 Dumbbell shrugs 4x12 ,thread-17865.html
164,Only One Man,2019-06-28 22:55:26.387724,2013-02-27 05:10:00,380281,[],2011-11-01 00:00:00,[],660,165,Wingman, Hang Cleans 10-8-6 Clean Pulls 10-8-6 Seated Military press 10-8-6 Arnold press 10-8-6 Upright rows 10-8-6 ,thread-17865.html
165,Mr.Barbarian,2019-06-28 22:55:26.387789,2013-03-01 11:22:00,382462,[],2013-03-01 00:00:00,[],133,166,Beta Orbiter," Hi guys. My first post in this thread. Actually, this thread is one of the things/the type of thing that led me to join the Forum--I reside in a cubicle 37.5 hours a week, among drones whose highest concept of ""working out"" is walking. I need the extra support and motivation. Here's what I did this morning. Some of the weights are light and sad, but I have to start somewhere. Ten more years of this and I'll start to be a BAMF. Yes, I belong to a CrossFit gym. warmup 3 rounds: 5 pullups 3 handstand wall walks 10 v-ups 15 squats then Angie 100 pullups 100 pushups 100 situps 100 squats I knew this would end up being a joke--my pullups are garbage. 33:34. Lolz. then 20 minutes even minutes: 2 squat cleans @ 85% (140#) odd minutes: 2 Turkish get ups #45, 10 pushups then 1-10 deadlift ladder 225# Tonight I will train jiu jitsu. ",thread-17865.html
166,rmo,2019-06-28 22:55:26.387843,2013-03-01 19:15:00,382927,[],2013-02-01 00:00:00,[],32,167,Banned, 4 sets of 12 rep kettlebell (35lb) swing 30 iron mikes 12 leg press - 180 lb 20 forward jumps ,thread-17865.html
167,Mr.Barbarian,2019-06-28 22:55:26.387905,2013-03-03 18:55:00,384446,[],2013-03-01 00:00:00,[],133,168,Beta Orbiter," I meant to do more today, because I flaked badly on lifting and training the day prior. But an appointment (cleaning my mom's gutters) interrupted my training. Warmup 3 rounds 5 pullups 3 handstand wall walks 10 v-ups 15 squats then mobility work (using 2 lacrosse balls to open up the chest) then 10 minutes easy row then Angie 100 pullups 100 pushups 100 situps 100 squats I know I just did this on Friday, but I just have to hit pullups often to improve. I felt I was moving through this much more smoothly but my time was about a minute worse, 34:44. No big deal. then 50 calorie row then 2x25m lunge walk with 45lb plate overhead then work up to 215lb back squat work up to 300lb dead lift then 10 rounds, 2 back squats, 2 dead lifts I trained jiu jitsu later. I have a minor tournament in two weeks that I'm training through, in preparation for the IBJJF New York International Open on April 20. ",thread-17865.html
168,Mr.Barbarian,2019-06-28 22:55:26.387992,2013-03-04 07:56:00,384891,[],2013-03-01 00:00:00,[],133,169,Beta Orbiter," wamup, 3 rounds 5 pullups 3 handstand wall walks 10 v ups 15 squats then 5x5 back squat 215lbs then 5x3 strict overhead barbell press 115lbs then 5 rounds AMRAP 3 minutes 3 thrusters 115lbs 6 Russian kettlebell swings 32kg 9 burpees managed 9 rounds then Tabata row, 20 seconds on, 10 off, 8 rounds. Averaged 300 watts per whatever (second? minute?) ",thread-17865.html
169,Snowflake,2019-06-28 22:55:26.388090,2013-03-04 08:20:00,384899,[],2012-04-01 00:00:00,[],385,170,Chubby Chaser," Hey guys I have a question. I've been following 5x5 for a little less than 5 months and I'm happy with the results. So far I've reached 265 squat 165 bench and 308 deadlift and I look bigger and fitter than before. I'm 180 lb bodyweight, not sure about bf but it should be around 15-20%.  I know it's hard to properly assess the gains made by looking at such a short period of time but I'm not sure if right now I should stick to it or try switching to a 3 day split (back/bis legs/shoulders chest/tris) to increase definition and swoleness/ hypertrophy while giving up some emphasis on strength gains. The reason I'm thinking of changing is because I'm trying to get more ripped and defined rather than strong and bulky and as far as my limited knowledge goes split routines seem like a better option than heavy compound lifts for my goal. ",thread-17865.html
170,evilhei,2019-06-28 22:55:26.388162,2013-03-04 11:10:00,385000,[],2013-02-01 00:00:00,[],300,171,Chubby Chaser," todays 04/03 workout: bench press 15x60kg, 10x80kg, 8x85kg, 6x90kg. Deadlift 15x70kg, 10x90kg, 4x130kg, 3x130kg pull to chest 15x3x60kg overhead pull 15x30kg Cablecrunch 50kgx3xMax Thats about it for today! ",thread-17865.html
171,Only One Man,2019-06-28 22:55:26.388227,2013-03-04 22:11:00,385598,[384899],2011-11-01 00:00:00,[],660,172,Wingman," If you have a decent base already, and it sounds like you do, I think body part splits are the way to go if you want to get a little more definition.  Don't get away from heavy compound lifts though.  Just do your compound lifts first and then supplement them with isolation movements. ",thread-17865.html
172,AlphaEnchantment,2019-06-28 22:55:26.388288,2013-03-05 01:48:00,385754,[],2013-01-01 00:00:00,[],87,173,Banned, Month 2 week 2 wendler 5/3/1 Bench day (Chest & Ticeps) Bench Press Warm up bar x 10 95lbs x 5 135lbs x 5 Work Sets 155lbs x 3 160lbs x 3 170lbs x 7 Then  5 sets of 8 at 135lbs Dumbbell Incline Press 4 sets of 8 at 45lbs each Incline cable flys 4 sets of 8 at 50lbs each Triceps push down 4 sets of 8 at 50lbs Triceps rope pull overs 4 sets of 8 at 32lbs Abs Reverse Crunch 3 sets of 15 Single leg cross raises (for obliques) 3 sets of 20 Unfortunately since Im cutting my strength is going down  but Im trying to maintain it as much as possible ,thread-17865.html
173,AlphaEnchantment,2019-06-28 22:55:26.388345,2013-03-05 01:51:00,385755,"[385598, 384899]",2013-01-01 00:00:00,[],87,174,Banned, ^ this. Sounds like your workout routine is solid enough. getting cut is done through your diet I would focus more on that and keep doing those compound movements as Only One Man said ,thread-17865.html
174,Mr.Barbarian,2019-06-28 22:55:26.388397,2013-03-05 09:31:00,385953,[],2013-03-01 00:00:00,[],133,175,Beta Orbiter," warmup 3 rounds 5 pullups 3 handstand wall walks 10 v ups 15 squats then bench press warmup 5x45 5x95 5x115 work sets 5x5 @ 165 then 3 max effort sets of strict pullups I did 12-8-8 then for time 10-9-8-7-6-5-4-3-2-1 20lb medicine ball slams hand release pushups with: 100m sprint in between each set then Tabata row 8 rounds, 20 seconds row, 10 seconds rest averaged 310 watts per pull ",thread-17865.html
175,Mr.Barbarian,2019-06-28 22:55:27.665353,2013-03-05 22:01:00,386744,[],2013-03-01 00:00:00,[],133,176,Beta Orbiter," the AM workout I did in 11:14 PM workout warmup 3 rounds 5 pullups 3 handstand wall walks 10 v ups 15 squats then 5 rounds of 2 minutes w 1 minute rest in between 5 pullups 3 clusters (squat clean into push press) did 10 rounds later went to jiu jitsu, warmed up and fought six 6-minute matches starting from knees ",thread-17865.html
176,Hades,2019-06-28 22:55:27.665435,2013-03-05 22:07:00,386751,[],2012-02-01 00:00:00,[],3652,177,Banned," some overhead press, some bench, some rows, then  20 rep squats at 185# I don't think I'll be able to walk tomorrow. ",thread-17865.html
177,Snowflake,2019-06-28 22:55:27.665499,2013-03-06 01:53:00,386969,"[385755, 385598, 384899]",2012-04-01 00:00:00,[],385,178,Chubby Chaser, Thanks. What about the volume? should I keep in the 5 rep range or go for 8 or more (regarding compound lifts)? ,thread-17865.html
178,AlphaEnchantment,2019-06-28 22:55:27.665569,2013-03-07 01:02:00,387869,"[386969, 385755, 385598, 384899]",2013-01-01 00:00:00,[],87,179,Banned, low reps are better for building muscle and strength and higher reps give you more of an aerobic workout. If your trying to cut down I would recommend going for a weight that you can get 8-10 reps. I would shoot for sets of 4-5 and finding a weight that you can hit atleast 8 reps without going to failure so you should feel like you have one or two more in the tank at 8 reps. This way when you dont go to failure your not as drained for the next set and you can get in more volume in your workout.  each week if you can try to increase your reps. so if you did 5 sets of 8 next time shoot for 5 sets of 9 or 10 and work your weigh up until you can get 12 reps then increase the weight. When you start losing weight and cutting your strength will also go down so try to lift as heavy as possible but when your not able to hit your numbers decrease the weight all in all whatever you do is going to work to some degree its just a matter of what works best ,thread-17865.html
179,misello,2019-06-28 22:55:27.665618,2013-03-07 12:12:00,388203,[],2012-12-01 00:00:00,[],30,180,Game Denialist, 3 x 40 triangle Pushups for warm up kettlebelt swings 5 x 10 benchpress 4 x 12 shoulderpress standing up 10 minutes on the rowing machine for the girl with the amazing ass on the treadmill in front of it 4 x 8 flys  5 x 12 side raises 3 x 10 triceps extensions 4 x 10 chinups (always like to finish with those to pump the last bit of energy out) ,thread-17865.html
180,Mr.Barbarian,2019-06-28 22:55:27.665669,2013-03-08 09:42:00,389059,[],2013-03-01 00:00:00,[],133,181,Beta Orbiter, yesterday warmup 3 rounds 5 pullups 3 handstand walk walks 10 v ups 15 squats workout easy workout today because I'm doing the CrossFit Open workout tomorrow 400m run 2 turkish get ups each side w 20kg kettlebell 20 bar hops 400m run 2 turkish get ups each side w 20kg kettlebell 400m run 5x5 215lb squats 5x5 295lb dead lifts jiu jitsu afterwards. 6 6-minute matches starting from knees. ,thread-17865.html
181,LucienM,2019-06-28 22:55:27.665716,2013-03-08 17:00:00,389343,[],2012-06-01 00:00:00,[],46,182,Game Denialist," 5x5 squat 100kg -  but I think I'm going to start high rep squats (super sets), may be easier on the knee.  Also can't ever bench or military press again due to slight shoulder injury (sucks bench is the best),  so  dumbell rear delt row 35-40kg (both) x 4 side and front dumbell lateral raises  dumbell shrugs x 5 26kg x 2 dumbell curls 17kg x 2, 5x - from 17 to 11 to 7 till failure need to start a workout journal. Probably won't go out tonight, may go for a jog w/ the ipod shuffle ",thread-17865.html
182,ElJefe,2019-06-28 22:55:27.665768,2013-03-18 16:51:00,396926,[],2011-08-01 00:00:00,[],1682,183,True Player, Pretty stoked. Benched 4x280lbs today ,thread-17865.html
183,ElJefe,2019-06-28 22:55:27.665822,2013-03-21 09:49:00,399237,[],2011-08-01 00:00:00,[],1682,184,True Player," Squatted 3x375lbs.  Getting places. BF% is way too high. When I reach my strength goals I'm going to aim at dropping +20lbs of fat. That'll take about 20 weeks, so until mid-Sep or so. Just in time to Oktoberfest, lulz ",thread-17865.html
184,Dulceácido,2019-06-28 22:55:27.665889,2013-03-21 10:06:00,399244,[],2012-12-01 00:00:00,[],2198,185,True Player, SOMETIMES GANGSTERS JUST HAVE TO BANG HAMMERS 1. 10x Strict Pull ups 2. 20x Hand-Stand Push-ups 3. 30x Overhead Squat @ 45# 4. 40x Jumping Lunges 5. 500m Row (under 1:55) 6. 60x Kettle Bell Swings @ 44# 7. 70x Dead Lift @ 95# 8. 80x  Arm Haulers 9. 90x Sit ups 10. 100x Push ups 11. 90x Flutter Kicks 12. 80x Sledge Tire/Mountain Climbers (pick one) 13. 70x Push Press @ 65-75# 14. 60x Ball Slams @ 20# 15. 500m Row (under 1:55) 16. 40x Kettle Bell Snatches @ 44# 17. 30x Box Jumps @ 20”  18. 20x 1 arm Push ups 19. 10x Kettle Bell Get ups @ 53# ,thread-17865.html
185,AlphaEnchantment,2019-06-28 22:55:27.665931,2013-03-21 23:35:00,399938,[],2013-01-01 00:00:00,[],87,186,Banned, We need some progress pics in this thread ,thread-17865.html
186,WesternCancer,2019-06-28 22:55:27.665990,2013-03-22 00:06:00,399963,[],2011-09-01 00:00:00,[],4687,187,International Playboy, rack pulls - at knee to work on lockout (500lbsx5) till I heard something tear/separate/strain in my left lower trap (sounded like pulling a nice tenderloin apart with your bare hands) shrugs up to 500lbs 5x5 curls 90xow fuck what the hell is wrong with my forearms (excruciating pain when ungripping the barbell at the end of curls. any ideas?) curls 45x100 close grip bp 45x100 ,thread-17865.html
187,Dulceácido,2019-06-28 22:55:27.666044,2013-03-22 01:15:00,399996,[],2012-12-01 00:00:00,[],2198,188,True Player, You guys really need to start naming your workouts.  That's 3/4 of the fun... ,thread-17865.html
188,Dulceácido,2019-06-28 22:55:27.666107,2013-03-23 04:37:00,400801,[],2012-12-01 00:00:00,[],2198,189,True Player," RUSSIAN AGGRESSION (1) Work up to 1RM Front  Squat (2) 10 rounds 3x Front Squat @ 75% 1RM, every 40 seconds (3) 5 rounds 8x DL @ 185# 30m Sled Push 5x 1 arm weighted sit up (each arm) (4) 3 rounds 10x Elevated push up 1x Rope Climb or 10 Pull ups 8x Standing DB Press (5) 3 rounds 1 min KB swing @ 53# 30 seconds rest ",thread-17865.html
189,Duke Castile,2019-06-28 22:55:27.666160,2013-03-23 07:00:00,400832,[],2010-11-01 00:00:00,[],6399,190,Innovative Casanova," THC and I did a ladder 4 rounds of: 1 burpee  1 incline pushup 2  ""         2 ""      "" 3 ""          3 "" 4 ""          4 "" 5""           5"" Finished in 10mins 36 secs Did it in the hallway of our hotel. ",thread-17865.html
190,Dulceácido,2019-06-28 22:55:27.666213,2013-03-25 10:24:00,402409,[],2012-12-01 00:00:00,[],2198,191,True Player," COUNTING DEAD BODIES LIKE SHEEP TO THE RHYTHM OF A WAR DRUM  (5x Lunge + 5x Push Press for 400m) While holding a 45# bar, 2x 25# DB or similar load, do 5x lunges followed by 5x Push Press, continue doing this until you have traveled 400m (this is typically 1 lap around a track) – 20-30 min ",thread-17865.html
191,Dulceácido,2019-06-28 22:55:27.666269,2013-03-27 10:45:00,404215,[],2012-12-01 00:00:00,[],2198,192,True Player, YOUR MAMA CALLED (1) 15-14-13-12-11-10-9-8-7-6-5-4-3-2-1 Hang Squat Clean @ 95# Ankles to Bar Push up (2) 3 rounds Plate Shuffle 10x Sit ups 10x Back extensions ,thread-17865.html
192,Mr.Barbarian,2019-06-28 22:55:27.666318,2013-03-28 15:06:00,405258,[404215],2013-03-01 00:00:00,[],133,193,Beta Orbiter, Thank you for promoting the habit of naming workouts. ,thread-17865.html
193,Dulceácido,2019-06-28 22:55:27.666374,2013-03-30 10:32:00,406707,"[405258, 404215]",2012-12-01 00:00:00,[],2198,194,True Player," Oh, hellz yeah.  It's something we started doing a long time ago and we just stuck with it.  Started out being just the guy's name who made up the workout, i.e., ""let's do Dulceácido's workout today"" but as we made up more and more and started recording them, they began to take on their own nature.  Soon, it got to be pretty fun(ny). The exercises I have been doing lately come from a program that a bunch of my friends and co-workers invented a couple years back.  Seems to be pretty comprehensive.  Every workout is a total kick in the balls and always has some element that I wouldn't have normally done or thought to do.  I'm seeing a lot of good results and I am sore every single damn day.   It's cool that there are some really healthy dudes in the forum who are smart about their workouts.  I learn and get a lot of ideas every time I browse through the threads. ",thread-17865.html
194,Dulceácido,2019-06-28 22:55:27.666436,2013-03-30 10:34:00,406709,[],2012-12-01 00:00:00,[],2198,195,True Player," CHIN UP. SOLDIER ON. (1) Work up to 1RM DL (2) 5 rounds 3x DL @ 85% 1RM 10 x Ring push up (3) 5 rounds 5x Thruster (GO HEAVY!) 15 ft rope climb or 10x Pull ups (4) 5 rounds 1x Double Eagle 10x 1 arm bench press (each arm) Edit: SANDBAG DOUBLE EAGLE = (you have one sandbag and a tire set up for drag) – Clean Sandbag to shoulder, pull it around neck and do 10X deep squats and drag tire/sled forward 40 ft with bag on shoulders. Put SB in tire and drag to start point (SP), pull backwards. ",thread-17865.html
195,Screwston,2019-06-28 22:55:27.666482,2013-03-30 23:20:00,407144,"[378821, 378795]",2011-02-01 00:00:00,[],8774,196,Banned, What about using a jump rope? Would that help keep the belly down or what body parts does it work out? ,thread-17865.html
196,MidniteSpecial,2019-06-28 22:55:27.666524,2013-03-30 23:49:00,407158,[],2012-04-01 00:00:00,[],1833,197,True Player, I call this workout. 'Never been this sore in my life' It's very simple.  Do one lap of walking lunges around a track.  I did it yesterday and I have never felt this sore in my life.  Someone else try this and let me know how it goes. It took me 35 minutes to complete one lap and I had trouble walking up my steps after. ,thread-17865.html
197,Dulceácido,2019-06-28 22:55:27.666579,2013-03-31 01:20:00,407185,[407158],2012-12-01 00:00:00,[],2198,198,True Player," Next time try carrying a 45#bar or 2 X 25# dumbells and press it over your head 5 times for every 5 lunges you take around the track, then see how sore you are (and pick up the pace), i.e.:  Post: #191RE: Today's Workout Thread  COUNTING DEAD BODIES LIKE SHEEP TO THE RHYTHM OF A WAR DRUM  (5x Lunge + 5x Push Press for 400m) While holding a 45# bar, 2x 25# DB or similar load, do 5x lunges followed by 5x Push Press, continue doing this until you have traveled 400m (this is typically 1 lap around a track) – 20-30 min ",thread-17865.html
198,MidniteSpecial,2019-06-28 22:55:27.666632,2013-03-31 11:21:00,407328,"[407185, 407158]",2012-04-01 00:00:00,[],1833,199,True Player, I'm going to do it with a weighted vest next time. Third go around I will drive and bring a bar bell. Good shit. ,thread-17865.html
199,Roadrunner,2019-06-28 22:55:27.666668,2013-04-01 11:47:00,408431,[],2013-04-01 00:00:00,[],410,200,Chubby Chaser, What I did yesterday: 10 pistol squats on each leg 30 Pushups 10 pull-ups 3 rounds of jumprope 5 rounds of shadowboxing ,thread-17865.html
200,the chef,2019-06-28 22:55:29.238610,2013-04-01 13:35:00,408576,[],2011-11-01 00:00:00,[],491,201,Chubby Chaser, yesterday was a quick conditioning circuit that i got from jonathan chaimberg (gsp's SAC coach) on youtube 5 weighted chins 8 medball slams 30 mountain climbers 3 5 second side plank holds (both sides) 16 weighted lunges 10 plyo step ups rest and repeat 3 times. today: deadlift 1 x 5 squat 3 x 5  bench 3 x 5 dumbbell shoulder press 1 x 5 ,thread-17865.html
201,Hades,2019-06-28 22:55:29.238687,2013-04-01 15:13:00,408677,[],2012-02-01 00:00:00,[],3652,202,Banned, I hope to break bodyweight on 20 rep squats one of these days. Taking a break until tomorrow. ,thread-17865.html
202,rudebwoy,2019-06-28 22:55:29.238776,2013-04-01 15:22:00,408691,[],2010-11-01 00:00:00,[],7912,203,Innovative Casanova," I do deadlifts without a belt, is this a bad idea? I am almost up to 3 plates aside. ",thread-17865.html
203,DBCooper,2019-06-28 22:55:29.238851,2013-04-01 15:47:00,408715,[408691],2012-11-01 00:00:00,[],123,204,Beta Orbiter," Depends on whether you feel you benefit from it. Deadlifting, regardless of weight, is not inherently dangerous if your technique is right. If you feel like you can pull more or you feel safer with a belt then go for it. I personally prefer to pull 100% raw - in fact, the times I've tried with a belt just felt awkward. Maybe just wear it for your top sets? ",thread-17865.html
204,_GQ_,2019-06-28 22:55:29.238918,2013-04-01 18:11:00,408869,[],2012-10-01 00:00:00,[],775,205,Wingman," I need some more exercises for improving the quality of my pecs. I'm not looking for much mass, in fact I'm satisfied with what I have for the most part. What I would like to improve is the bottom of my pecs, the outside, and also make my chest just a tad wider. ",thread-17865.html
205,FLA,2019-06-28 22:55:29.238997,2013-04-01 19:53:00,409004,[408691],2013-04-01 00:00:00,[],6,206,Male Feminist," I tore my Glute and a spinal muscle doing deads. I was maxing out without a belt and did some pretty nasty damage. My leg strength is forever weaker. Try the belt, see how it feels. ",thread-17865.html
206,Hades,2019-06-28 22:55:29.239053,2013-04-01 20:08:00,409028,[],2012-02-01 00:00:00,[],3652,207,Banned, the belt does nothing for that it's purely for preventing hernias ,thread-17865.html
207,Screwston,2019-06-28 22:55:29.239126,2013-04-01 20:31:00,409057,"[407144, 378821, 378795]",2011-02-01 00:00:00,[],8774,208,Banned, ? ,thread-17865.html
208,Hades,2019-06-28 22:55:29.239210,2013-04-01 20:41:00,409063,"[409057, 407144, 378821, 378795]",2012-02-01 00:00:00,[],3652,209,Banned, A lot of combat athletes believe that a jump rope is a good sprint replacement and I'm inclined to agree. You can lose a ton of weight and develop an impressive level of conditioning with nothing but a jump rope.  I don't know if it will prevent a gut as well as good diet but most people report success with it. You can probably get down to 8-10% body fat without any huge issues. ,thread-17865.html
209,Screwston,2019-06-28 22:55:29.239268,2013-04-02 01:07:00,409337,[],2011-02-01 00:00:00,[],8774,210,Banned, Thanks Hades. I always see boxers hitting the jump rope hard as hell. Do you think I should jog/sprint once a week and do the jump rope another day? I try to do weights one day and cardio the next. Keep going back and forth. I get a skinny fat body so it's kind of tricky. ,thread-17865.html
210,DBCooper,2019-06-28 22:55:29.239338,2013-04-02 11:24:00,409669,[408869],2012-11-01 00:00:00,[],123,211,Beta Orbiter," I'm not sure if the idea of training upper/lower and inner/outer pecs is just bro-science or legit. But that being said, I'd recommend decline DB flyes - you'll need a spotter to help set you up (depending on how heavy you go) but it's worth it. I like to do them at the end of my chest workout - 5 x 8 using a weight I could get for 12, with 30 seconds rest. Pump like crazy. ",thread-17865.html
211,Hades,2019-06-28 22:55:29.239419,2013-04-02 16:07:00,409938,[409337],2012-02-01 00:00:00,[],3652,212,Banned," That sounds like a good plan. Lifting one day, then alternate jog or jump rope on the second is pretty solid.  I can recommend Ross Enamait's ""Jump Rope Conditioning for Athletes"". It's pretty good and cheap.  Really the whole ""no cardio when doing weights"" dogma is a little overhyped because it doesn't take into account training goals. You can build an impressive physique even if you do quite a bit of running and jumping rope. Now, sure, if you want to bulk 20 pounds of lean body mass the first thing to go is running, but if you just want to maintain or gain strength while at the same bodyweight it's not going to hurt anything. ",thread-17865.html
212,MidniteSpecial,2019-06-28 22:55:29.239491,2013-04-02 16:13:00,409945,[],2012-04-01 00:00:00,[],1833,213,True Player, Today's workout.  Walked hills for an hour when I got up.  Ate food.  Hit the gym: 3 round warm up of- 5 pull ups 10 push ups 15 squats  20 sit ups Superman back extensions 1 min plank Bench press 20x5 Front squat 20x5 Dead lift 20x5 2 minute air chair to finish. ,thread-17865.html
213,A War You Cannot Win,2019-06-28 22:55:29.239555,2013-04-03 02:44:00,410455,[],2013-04-01 00:00:00,[],679,214,Wingman, Dips: BW x 8 BW + 25 lbs x 8 BW + 45 lbs x 8 BW + 70 lbs x 5 Kettlebell Renegade Rows 3x5 Front Squat bar x 10  I have a herniated L5 disk pending surgery.  Shit sucks. ,thread-17865.html
214,liberman,2019-06-28 22:55:29.239642,2013-04-03 03:01:00,410469,[410455],2013-01-01 00:00:00,[],323,215,Chubby Chaser," Thats an impressive triceps routine, How much do you weigh? I can currently do five reps of 70 lbs dips but not with 24 reps of lighter weight beforehand. Do you do any other triceps exercises like the prone triceps extension “skullcrusher"" and triceps kickback or do you just stick with dips? ",thread-17865.html
215,A War You Cannot Win,2019-06-28 22:55:29.239719,2013-04-03 03:07:00,410477,"[410469, 410455]",2013-04-01 00:00:00,[],679,216,Wingman, Thank you I only weigh 160 lbs.  I'm in the military so over the years my body has adapted well to moving itself with the weight of gear on.  I don't do any isolation work at all.  My other go-to exercises for pushing movements are the KB clean and press and the bench press. ,thread-17865.html
216,Dulceácido,2019-06-28 22:55:29.239783,2013-04-03 13:23:00,410868,[],2012-12-01 00:00:00,[],2198,217,True Player," GORILLA MANIA 1. Power Snatch 80% 3r, 85% 2r, 90% 1r, 80% 3r x 2s 2. Power Clean 80% 3r, 85% 2r, 90% 1r x 2s 3. Power Jerk 80% 3r, 85% 2r, 90% 1r x 2s 4. Clean Pull 80% 2r, 85% 3r, 90% 2r, 100% 1r 5. Front Squat         80% 2r, 85% 3r, 90% 2r x 3s, 85% 3r, 80% 3r 6. Bench Press 80% 3r, 85% 2r, 90% 2r ",thread-17865.html
217,MidniteSpecial,2019-06-28 22:55:29.239855,2013-04-03 14:35:00,410953,[410455],2012-04-01 00:00:00,[],1833,218,True Player, Try egoscue. Shit works. ,thread-17865.html
218,A War You Cannot Win,2019-06-28 22:55:29.239903,2013-04-03 23:52:00,411393,[],2013-04-01 00:00:00,[],679,219,Wingman," 30 Mins of stretching and planks 2 KB Clean and Press ladders of 3 rungs, with pull ups bw + 45 lbs between rungs. ",thread-17865.html
219,AntiTrace,2019-06-28 22:55:29.239966,2013-04-04 07:41:00,411619,[],2012-03-01 00:00:00,[],2228,220,True Player," Yesterday: DB Flat Bench x 4 sets Abs  x 3 Handstand Push ups x 3 DB Lat Raises x 3 Incline Flat Bench x 4 Abs x 3 Dips x 3 DB Shoulder press x 3 Flat DB Flys x 3 DB Skull Crushers x 3 Incline DB Flys x 3 Tricep pull down x 3 Tricep pull down burnout x 1 Today: Pull Ups x 4 sets Abs x 3 Incline DB Curls x 3 Reverse Fly x 3 One arm Bent Over DB Row x 4 Abs x 3 Standing DB Curls x 3 Shrugs x 3 DB pullovers x 3 Cross Body DB Curls x 3 Standing DB Row x 3 Curls burnout on the machine x 1 Tomorrow: I should do a good legs workout. I got a pretty solid one with deadlifts, squats, and power cleans...and some good calf work. But ill probably just run a 5k, I have been slacking on running lately and don't want to get too out of shape. ",thread-17865.html
220,Mentavious,2019-06-28 22:55:29.240022,2013-04-04 08:42:00,411643,[],2013-02-01 00:00:00,[],3457,221,International Playboy, close grip bench 3x10 pull ups 3 sets skull crushers 3x10 bent over row 3x10 one arm skull crushers 3x10 (per arm) lat pull down 3x10 tricept extension 3x10 rows 3x10 Hooped for about 30 minutes ,thread-17865.html
221,Screwston,2019-06-28 22:55:29.240086,2013-04-09 04:46:00,415741,"[409938, 409337]",2011-02-01 00:00:00,[],8774,222,Banned," I thought it was going to be like jogging, but I was dying after 20 seconds. I guess because I don't put my legs high in the air when running like I am with the jump rope. ",thread-17865.html
222,liberman,2019-06-28 22:55:29.240139,2013-04-09 06:01:00,415764,[],2013-01-01 00:00:00,[],323,223,Chubby Chaser, My workout today random exercise day  Squat routine  8 reps 3 sets 80kg  8 reps 3 sets 90kg 12 reps 3 sets 60kg Weighted chin-up routine 12 reps 3 sets BW+10kg 6 reps 3 sets BW+20kg Calf raise routine 12 reps 5 sets 70kg Bent-over row routine 8 reps 3 sets 60kg 8 reps 3 sets 75kg (except I failed to complete the last two sets) Overhead triceps extension 8 reps 4 sets 25kg Finished with a 40g protein shake available at my gym for $4. ,thread-17865.html
223,liberman,2019-06-28 22:55:29.240186,2013-04-09 06:02:00,415766,[],2013-01-01 00:00:00,[],323,224,Chubby Chaser, delete. ,thread-17865.html
224,Jaylow,2019-06-28 22:55:29.240233,2013-04-09 06:35:00,415777,[],2013-02-01 00:00:00,[],748,225,Wingman, Belts do not correct poor form. ,thread-17865.html
225,Dulceácido,2019-06-28 22:55:30.878013,2013-04-10 13:20:00,417007,[],2012-12-01 00:00:00,[],2198,226,True Player, HOOKERS DIG ABS 3 Dead Hang Pull-ups 20 Ab-Ball Crunches 15 Incline Push-ups 10 Hanging Bar Toe Touches 10 Cable Rotations (left and right) 2 plates 20 Air Squats Do it without resting for time.  Try to get more than 11 sets in 30 minutes. ,thread-17865.html
226,presidentcarter,2019-06-28 22:55:30.878094,2013-04-10 13:57:00,417031,[],2013-09-01 00:00:00,[],1832,227,True Player, Any advice on dumbbell deadlift/squats? I'm looking to do these when I'm using our apartment gym and can't make it to the actual gym. Have up to 70 lbs dumbbells and I just started working out again.  Straight leg dumbbell deadlifts?  Squats: dumbbells on shoulders or to the side? ,thread-17865.html
227,DBCooper,2019-06-28 22:55:30.878157,2013-04-10 15:55:00,417113,[417031],2012-11-01 00:00:00,[],123,228,Beta Orbiter," I love stiff legged/Romanian deadlifts with dumbells, the stretch/contraction is amazing. For squats with dumbbells try cleaning them into the front squat position - some guys like to hold them palms out, others, palms in: it depends on your bio mechanics and where your wrists feel most comfortable. Remember with dumbbell squats you're always going to be limited by how much you can clean, or how much you can hold in the farmer's-walk position if you're holding them to the side. Personally, I found holding them to the side was cumbersome. Really, a barbell would work much better - always. But as you explained when there's no access to a rack/barbells you can still get good work in. ",thread-17865.html
228,Rompetoto,2019-06-28 22:55:30.878207,2013-04-11 13:06:00,418013,[],2013-02-01 00:00:00,[],144,229,Banned, Foam rolling and resistance band work pre and post workout.  Zercher Squat: 12 x 1 @ 315 Pull Throughs: 4 x 10 with bands Barbell Glute Bridge: 4 x 10 @ 315 Ab Wheel: 3 x 15 ,thread-17865.html
229,Dulceácido,2019-06-28 22:55:30.878273,2013-04-13 05:51:00,419368,[],2012-12-01 00:00:00,[],2198,230,True Player, FUCK START YOUR FACE (1) 10-9-8-7-6-5-4-3-2-1 Renegade Man Maker @ 2x 25# DB 2 min Step up @ Farmer Carry (2) 5 rounds 400m Run Carry @ 1 DB @ 25# 5x Get ups with same DB 10x Burpees (3) 5 rounds 10x DL @ BW 10x Burpees 10x KB Swings @ 55# 5x Pull ups 10x DB Push Press @ 45# ,thread-17865.html
230,Dulceácido,2019-06-28 22:55:30.878344,2013-04-14 14:36:00,420295,[],2012-12-01 00:00:00,[],2198,231,True Player, I AM RON BERGUNDY? (1) 50x KB Get ups @ 35# (each arm)  (2) 10 rounds 5x Pull ups 10x Push ups 30m Farmer Carry ,thread-17865.html
231,Rompetoto,2019-06-28 22:55:30.878394,2013-04-14 17:55:00,420430,[],2013-02-01 00:00:00,[],144,232,Banned, Rack pull isolation holds: 5 x 1 @ 315 with 20 second hold Pull ups wide grip with skinny band: 5 x 5 Hyperextensions: 4 x 10 with 45lb plate ,thread-17865.html
232,Dulceácido,2019-06-28 22:55:30.878462,2013-04-15 06:28:00,420797,[],2012-12-01 00:00:00,[],2198,233,True Player, LOVELY TURD  (1) 5 rounds 5x Hang Squat Clean 5x Push Press 5x Box Jump 1 min Rest (2) 5 rounds 5x Bench 5x Dips 5x Plyo push up 1 min rest (3) 5 rounds 5x Sandbag squat jump 5x Heavy Swing 1x sled push 1 min rest (4) 5 rounds 5x Sprint 5x Goblet squat (HEAVY!) 10x Jumping Lunges (5x each leg) ,thread-17865.html
233,mastauser,2019-06-28 22:55:30.878507,2013-04-15 15:19:00,421141,[],2013-01-01 00:00:00,[],266,234,Banned, 3x 10 sit ups 3x 12-14 press ups 3x short bursts of boxing 100 lanes of swimming 8 meters (would say less then 800 meters because i push off what do you guys think of that? how can i make it more difficult for myself? ,thread-17865.html
234,Cr33pin,2019-06-28 22:55:30.878567,2013-04-15 16:43:00,421258,[],2011-11-01 00:00:00,"[('https', 'i.chzbgr.com', '/maxW500/7021085696/hFFC63D44/')]",7343,235,Innovative Casanova, ,thread-17865.html
235,WesternCancer,2019-06-28 22:55:30.878635,2013-04-20 15:08:00,425530,[],2011-09-01 00:00:00,[],4687,236,International Playboy," BARELY LEGAL GIRLS IN LULULEMON SHORT SHORTS tested out some maxes for a new program starting next week that will accomodate my gym. whats your guys' opinions on the leg press?  squat: 225x8x3 275x2 300x2 -- squats are feeling a lot better now that I've changed my shoes and my stance (chucks before but they had a huge rip in them I couldn't get deep I'm blaming it on the shoes). hip flexors and hammstrings are super tight from sitting all day for a few weeks. I'm gonna stick to 8 reps for the next little bit though) leg press: 585x10x3 675x5x3  bench: various grips 135x10x5 t-bar row: (4 plates)x5x3  -- didn't like these one bit, I need to find something to replace my pendlay rows.  good mornings: 135x10x3  bb curl: 70x10x3 db press: 45s x10x3 ",thread-17865.html
236,NuMbEr7,2019-06-28 22:55:30.878686,2013-04-21 04:22:00,425959,[],2012-02-01 00:00:00,[],303,237,Chubby Chaser, Lost my first pair of boxers to squats on Friday. ,thread-17865.html
237,Dulceácido,2019-06-28 22:55:30.878761,2013-04-22 02:35:00,426665,[],2012-12-01 00:00:00,[],2198,238,True Player," TONGUE LASHING (1) Work up to 1RM Standing Press (2) 6 rounds 3x Press @ 75-80% 1RM 10m Walking lunges holding DB (3) 5 rounds 5x Curtis P’s  1x Rope Climb or 10x pull ups (4) 30/30 Jingle Jangles ""CURTIS P"" – At Prescribed Weight 1. Hang Squat Clean (HSC) 2. Lunge Forward Right leg 3. Lunge Forward Left leg 4. Push Press ",thread-17865.html
238,kosko,2019-06-28 22:55:30.878819,2013-04-22 12:28:00,426976,[],2011-09-01 00:00:00,[],6770,239,Innovative Casanova," I'm going have to start a internal cleanse soon. The heavy meat a egg diet is making my pits smell like shit. I woke up today with an aroma that would kill a bear. It's not that funky BO you smell on weird dudes in the gym or your gym bag but strait up an aroma. Maybe this migt attract more women, I'll will test this week before I start back on chlorophyll in May.  My leg gains have stalled also. I will write another post in here asking for some tips for you guys.  Off to the gym! ",thread-17865.html
239,A War You Cannot Win,2019-06-28 22:55:30.878868,2013-04-23 00:14:00,427600,[],2013-04-01 00:00:00,[],679,240,Wingman, Main effort: 3 ladders of 3 rungs of KB clean and press with 60 lb KB Pullup BW + 45 lbs ,thread-17865.html
240,Nascimento,2019-06-28 22:55:30.878917,2013-05-30 09:20:00,457727,[],2012-11-01 00:00:00,[],2431,241,True Player," Anyone ever try a strict pullup only workout during back day? I've seen my buddy do this once. For the hour he was in the gym he'd only do pullups. He's quite heavy although really strong so maybe every set he did somewhere in between 8-12 reps. Then he would rest as long as necessary to get in that rep range again. Maybe the rest at first was only 1-2 minutes, later being 5 or so. I think he did at least 10-15 sets. Usually I would assume that although this seems interesting, there are better things to do/include in a back workout day. But this guy has an extremely large and developed upper back that makes me think he might be onto something here. ",thread-17865.html
241,Therapsid,2019-06-28 22:55:30.878970,2013-05-30 13:46:00,457855,[457727],2012-09-01 00:00:00,[],1357,242,Alpha Male," You can do an all pull-up back day, especially if you mix it up. Do sets of narrow and wide grips. Wear a weight belt or wrap your legs around a weight. Very wide grips where you can't even fully extend your arms on the way down are the best to work your back. ",thread-17865.html
242,Cr33pin,2019-06-28 22:55:30.879020,2013-05-31 17:33:00,458647,[],2011-11-01 00:00:00,[],7343,243,Innovative Casanova, Todays work out: The p90x Back and Leg disc ,thread-17865.html
243,Teutatis,2019-06-28 22:55:30.879074,2013-06-01 20:46:00,459618,[],2013-05-01 00:00:00,[],1363,244,Alpha Male," Recently injured my elbow and have to take a couple of months off of upper body work, so only legs for now. Haven't squatted in a year or so due to some lower back pain but decided to go back to squatting with the Smolov squat routine. It's supposed to be brutal. Third day today, lower back acting up a little but feeling good overall, squats going up easy and smoothly so far. Looking at the plan I'm sure in 3 weeks I'll be crying in pain though. ",thread-17865.html
244,Teutatis,2019-06-28 22:55:30.879119,2013-06-02 18:24:00,460402,[],2013-05-01 00:00:00,[],1363,245,Alpha Male, Smolov Squat Routine - 4th day completed Still feeling good. ,thread-17865.html
245,Roadrunner,2019-06-28 22:55:30.879162,2013-06-02 20:45:00,460504,[],2013-04-01 00:00:00,[],410,246,Chubby Chaser, Jumped rope 200 in a row 5 times.  Pistol squats right after that ,thread-17865.html
246,dog24,2019-06-28 22:55:30.879213,2013-06-02 21:30:00,460551,[],2011-12-01 00:00:00,[],538,247,Chubby Chaser," Why arent most of you following a strict program? Seems like you guys are picking randoms exercises doing randoms sets till youre tired and call it a day.... Seriously follow some program, dont add innecesary shit, keep track of your numbers, most of you are too low on your numbers to not make the most out of linear progress ",thread-17865.html
247,NuMbEr7,2019-06-28 22:55:30.879257,2013-06-03 07:10:00,460826,[],2012-02-01 00:00:00,[],303,248,Chubby Chaser, edit ,thread-17865.html
248,dog24,2019-06-28 22:55:30.879298,2013-06-03 10:21:00,460908,[],2011-12-01 00:00:00,[],538,249,Chubby Chaser, A 5kg increase in two days is too much especially on overhead press make it 2.5 after you succesfully complete the sets (im assuming youre not cheating either) ,thread-17865.html
249,Rompetoto,2019-06-28 22:55:30.879337,2013-06-05 20:27:00,463079,[],2013-02-01 00:00:00,"[('https', 'www.youtube.com', '/embed/D5d_rkxPfuE')]",144,250,Banned," Felt like mixing shit up today, so I copied Joe Defrancos dynamic upper body workout. Had a fucking blast doing it.  ",thread-17865.html
250,Teutatis,2019-06-28 22:55:32.078266,2013-06-05 21:04:00,463105,[],2013-05-01 00:00:00,[],1363,251,Alpha Male, Smolov Squat Routine - 5th day of the base mesocycle completed Still feeling good. ,thread-17865.html
251,Vaun,2019-06-28 22:55:32.078356,2013-06-05 21:45:00,463124,[463105],2013-06-01 00:00:00,[],2816,252,True Player," whoof, how is that treating you?  Heard it was brutal.  coming back from a weightlifting back injury, jump rope and calisthenics today. 10 minutes of jump rope.  300 double unders.  5 sets of 5 deadhang pullups, 10 pushups, 10 decline sit ups, 15 airsquats.  Plus gymnastics bridges. ",thread-17865.html
252,NuMbEr7,2019-06-28 22:55:32.078414,2013-06-06 03:11:00,463236,[],2012-02-01 00:00:00,[],303,253,Chubby Chaser, edit ,thread-17865.html
253,dog24,2019-06-28 22:55:32.078465,2013-06-06 11:07:00,463461,[],2011-12-01 00:00:00,[],538,254,Chubby Chaser," Are you eating enough? If so then i think you should just keep going hard. When i went from 120 to 140 on squats every workout i had to grind it, i was basically screaming every rep of the last set, the fact that you completed the previous 5 wont make the next 5 look easy. ",thread-17865.html
254,NuMbEr7,2019-06-28 22:55:32.078519,2013-06-06 11:52:00,463508,[],2012-02-01 00:00:00,[],303,255,Chubby Chaser, edit ,thread-17865.html
255,Young T.R.,2019-06-28 22:55:32.078582,2013-06-06 13:22:00,463574,[463105],2013-05-01 00:00:00,"[('http', 'www.joeskopec.com', '/smolov.html'), ('http', 'www.joeskopec.com', '/smolov.html')]",121,256,Beta Orbiter, I did Smolov a year or two ago. Put 75 pounds on my squat max but those were the most brutal workouts of my life. The Intense Phase was the hardest. My joints got a little beat up but they recovered. I started soaking in a hot bath with epsom salts for an hour after each workout and that helped a little. I think it was worth it. Good luck! For anyone who doesn't know: http://www.joeskopec.com/smolov.html Wouldn't recommend it for a beginner. ,thread-17865.html
256,Dulceácido,2019-06-28 22:55:32.078668,2013-06-06 21:12:00,463886,[],2012-12-01 00:00:00,[],2198,257,True Player," TABATA HELL One min rest between movements, score is sum of all reps 1. Tabata Squats (rest in bottom hold, thighs parallel to floor) 2. Tabata Push-ups (rest locked out at top, aka Forward leaning rest) 3. Tabata Ball Slam @ 20# ball (rest with ball overhead, both arms locked out) 4. Tabata Sit-up (rest with legs held straight 6-12” above floor, head off floor) 5. Tabata KB Swing @ 53# (rest without setting KB down or supporting it on your body) ",thread-17865.html
257,Teutatis,2019-06-28 22:55:32.078763,2013-06-06 23:11:00,463953,"[463124, 463105, 463574, 463105]",2013-05-01 00:00:00,[],1363,258,Alpha Male," Smolov Squat Routine - 6th day of the base mesocycle completed Felt quite good today actually. It was 5x7 and it felt better than the previous day, which was 4x9. It's my first time doing the Smolov, I've always wanted to try it and since I hurt my elbow and can't do upper body work for a couple of months I decided to give it a go. Since I hadn't squatted in more than a year I did the introductory microcycle first to get acclimated (just a week or so of light squatting) and then moved on to the base mesocycle, which is what I'm doing now. Even though I'm still feeling good, looking ahead at what the next few weeks will bring I'm already feeling sick in my stomach, it looks scary to be honest, but bring it on I say. No puke no gain... Just kidding, I hope I don't puke... too much... I'm still only halfway though the second week though and I can already feel and see the difference on my legs and the rest of my body. It might be just my mind playing tricks on me but I feel ""denser"" and stronger. I'm really curious to see how they'll look like after these 12 weeks of torture. ",thread-17865.html
258,Anaguma,2019-06-28 22:55:32.078838,2013-06-07 03:14:00,464041,[],2013-04-01 00:00:00,[],58,259,Banned," I have been trying to come up with a simple workout that I can do 10 minutes in the morning and 10 minutes in the evening every day, since I can't seem to find time to hit a gym. The routine I have going is (in this order): 2 min jump rope 50 pushups  50 sit ups  50 jumping jacks 25 burpees Twice a day every day, once before I go to work, once immediately after I come home, weekends the same. Although it's a light workout, I've been doing this for three months, and the results have been pretty darn good so far, as in I definitely notice the change. However, I wonder about the balance. Any suggestions? ",thread-17865.html
259,Teutatis,2019-06-28 22:55:32.078892,2013-06-07 18:49:00,464511,[],2013-05-01 00:00:00,[],1363,260,Alpha Male," You need some pullups and some leg work in there. If you want to do a light workout every day I'd have at least 4 or 5 different days that I could rotate. There are a million different body weight exercises you can do, just look them up, create some kind of pull, push, legs routine. Have 4 or 5 different routines and just rotate between them. And then forget overtime to increase the number of reps, or sets or do the same amount of work in less time. But really, just move, that alone is good. ",thread-17865.html
260,Therapsid,2019-06-28 22:55:32.078953,2013-06-07 19:34:00,464533,[464041],2012-09-01 00:00:00,[],1357,261,Alpha Male," Add some jumping lunges and air squats. Mix it up with different kinds of push ups, narrow, shoulder-distance, and wide. You can also do dips using a piece of furniture like a table or chair. ",thread-17865.html
261,Anon-A-Moose,2019-06-28 22:55:32.079018,2013-06-07 22:10:00,464635,"[157854, 374501, 508960]",2011-11-01 00:00:00,[],540,262,Chubby Chaser," I did my workout routine technically yesterday.  Been doing it with minor variations for months. Sometimes I start with a few leg exercises, weighted lifts/leg press/leg curls/etc, occasionally add chest press.  Generally it revolves around bench with dumbbell curls for my rest period.  So bench/curl/bench/curl.  That's like 70+% of the workout there.  Then I switch to quarter squats (my lower back sucks), low rows, and hammer curls.  Occasionally I'll end with pullups and cable cross.  I need to find a really good chest isolation exercise to fit in, but in the meantime I burn more fat and get more done by putting complimentary exercises together and not taking much in the way of rest periods. I've noticed, I wanted to cut when I started this routine back in January.  I'm around 700 calories a day under maintenance.  Started at 175lbs and around 18% bodyfat.  Now I'm 175lbs and around 13% bodyfat.  Not sure how that works, but I like it.  My strength went up (5rm bench went from a low of 165 to 210ish, but my max bench from 260 to maybe 280, 300.  Curls went from 5x30lbs to 8x40lbs), and I'm visibly leaner--arms went from 16"" to 15"", but now have that ""saran wrap"" look, visible striations in shoulders when moving, etc.  So I'm not sure how my cut turned into recomp, but I like it.  Still, I need to switch up the routine more, and drop calories more too.  I hold fat poorly on my stomach due to loose skin.  Want to somehow hit 170 or even less by the end of the month. ",thread-17865.html
262,Rompetoto,2019-06-28 22:55:32.079081,2013-06-20 21:04:00,473964,[],2013-02-01 00:00:00,[],144,263,Banned, Front Squat 12 x 1 @ 315 Tire Flips 3 x 5 @ 650 Ab Wheel 3 x 15 Any of you fellas find that training like a strongman/power lifter/athlete more beneficial then your standard bodybuilding shit? ,thread-17865.html
263,Teutatis,2019-06-28 22:55:32.079142,2013-06-21 23:56:00,474835,[473964],2013-05-01 00:00:00,[],1363,264,Alpha Male, Damn ,thread-17865.html
264,Rompetoto,2019-06-28 22:55:32.079195,2013-06-26 14:08:00,478088,[],2013-02-01 00:00:00,[],144,265,Banned," Wheel barrow training today. Loaded it up with about 175lbs of weights and stones. Added Fat Gripz to work the grip hard.  Wheel Barrow Sprints 10 x 20 yards with 3 minutes rest in between.  I did this at a local high school football field with a track around it. A lot of people on the track came and asked me what I was doing and why. To bad they were older people and fat middle aged women walking with their kids. Hopefully there will be some cuties there next time so I can implement ""Wheel Barrow Game"". ",thread-17865.html
265,Vaun,2019-06-28 22:55:32.079249,2013-06-26 17:07:00,478193,[],2013-06-01 00:00:00,[],2816,266,True Player," tried strong lifts for a while and I think its what was the cause of my back problems.   Going back to Starting Strength again, and starting over officially on July 1st, for a four month, 16 week cycle.  Will start at squat 265lbs, press 175lbs, bench 225lbs, deadlift 375lbs.  I will be going up 5-10lbs per workout.  I will workout 3x per week. Yeserday I did 3x5 255lb squat, 3x5 165lb press and 3x10 strict pullups.     Goals for this cycle is 2.5x body weight deadlight(roughly 500lbs), 1.25lb Press(225ish), 2x BW squat(400lbs) and 3x20 pullups.  Aggressive goals.. stalls and injury will be my weakness, as well as woman and partying. ",thread-17865.html
266,Young T.R.,2019-06-28 22:55:32.079294,2013-06-26 17:39:00,478207,[],2013-05-01 00:00:00,[],121,267,Beta Orbiter," Teutatis, how's Smolov going? ",thread-17865.html
267,dog24,2019-06-28 22:55:32.079339,2013-06-26 18:44:00,478242,[],2011-12-01 00:00:00,[],538,268,Chubby Chaser, Puckman dont you think a more advanced routine would be better for you at your stage?      Teutatis what kind of accesory work are you doing and how should i decide what to do?           ive lost 25lbs+ so far im at 168 ill probably have four months left of this year to workout any one thinks i cant get to at least a 405 squat? I was doing 5x5 with 315 before i broke my ankle.... Anyone got some info on muscle memory! ,thread-17865.html
268,Vaun,2019-06-28 22:55:32.079392,2013-06-27 22:30:00,479096,[478242],2013-06-01 00:00:00,[],2816,269,True Player, I could do starting strength intermediate routines but I want to first get through a 16 week cycle of the basics before I ramp back up.  the beauty is in the simplicity of that program because I have used it to success many times I absolutely know it works and I wont get injured as easily as a higher volume program. ,thread-17865.html
269,NuMbEr7,2019-06-28 22:55:32.079441,2013-06-28 12:15:00,479380,[],2012-02-01 00:00:00,[],303,270,Chubby Chaser, edit ,thread-17865.html
270,Dulceácido,2019-06-28 22:55:32.079513,2013-06-28 12:35:00,479392,[],2012-12-01 00:00:00,[],2198,271,True Player," Warm-up 12 minute KB complex @ 35#, 1 minute each of the following exercises. Move directly from one exercise to the next, no break. Do not put down KB or stop movement in the 12 minutes. 1-arm swing-right, Figure 8 – right to left, 1-arm swing-left, Figure 8 – left to right, Clean & Press-right arm, Slasher to halo, Clean & Press-left arm, Slasher to halo, KB Snatch-right arm, Right leg lunge (KB in left arm), KB Snatch-left arm, Left leg lunge (hold KB in right arm) Then... FAMILY FRIENDLY VIOLENCE (1) 7 rounds 5x DL (increase weight each round) 3x Turkish Get up @ 35# 5x Ankles to bar (2) 5 rounds 8x Hang Squat Clean @ 165# 30m tire drag 10m DB Crawl @ 2x 55# (3) 10 rounds 5x Pull up 10x Dip 15x Push up ",thread-17865.html
271,the chef,2019-06-28 22:55:32.079558,2013-06-28 13:21:00,479423,[],2011-11-01 00:00:00,[],491,272,Chubby Chaser, WS4SB3 High rep upperbody Dumbbell bench 3x12 120lb Pullups 3x8  Dumbbell military press 3x8 80lb Dumbbell shrugs 3x10 130lb finished it off with conditioning 15 incline on the treadmill. tabata protocol 20 seconds on 20 seconds off 7mph 10 times. ,thread-17865.html
272,dk902,2019-06-28 22:55:32.079607,2013-08-16 05:05:00,514263,[],2011-06-01 00:00:00,"[('https', 'www.youtube.com', '/embed/slIMbAJz3Rk')]",922,273,Wingman, Yesterday I did 1.5 rep chin ups for the first time. I usually don't get sore from them but my traps and delts are on fire today! Pretty tough movement too. ,thread-17865.html
273,WanderingSoul,2019-06-28 22:55:32.079666,2013-08-16 05:45:00,514277,[],2011-11-01 00:00:00,[],5806,274,International Playboy," Just finished week 8 of Madcow 5x5.  330lbs squats for 3 reps.  330 for 5 reps on Monday. After week 12 I am scheduled to be able to hit 365x5.   That *should* mean that my 1RM will be around 410, according to Exrx.net, or about 2.2x bodyweight.  Will be super happy with that.   Then gonna have to start cutting bodyfat and get down to 12ish%. ",thread-17865.html
274,Onto,2019-06-28 22:55:32.079730,2013-08-16 06:46:00,514294,[309634],2013-07-01 00:00:00,[],2007,275,True Player," My Chest and Triceps workout (dumbells only).  Takes about an hour.  For me I have a nice Cybex bench and a rack of nice dumbells.  I'm too lazy to get to the gym so having the weights at home an in my living room is key. I've started only doing uni-arm presses that target the upper chest.  I've been very impressed with the shape my chest is taking.  My body frame is large and stocky to begin with so mass is not my issue, it's shape and tone. Every workout, my goal is not to see how much weight I can put up today, it is what it is and progresses naturally at it's own pace, but instead to concentrate on improving my form to the point where I move like a shaolin monk. Any suggestions for improvement are most welcome! Warm up - 3 sets of regular pushups - 3 sets of diamond pushups - 3 sets of decline pushups (really blows up your chest) All 10-12 reps each - 3 sets of uni-arm presses while laying on the floor - 3 sets of uni-arm presses at 30 degree incline. - 3 sets of close-grips presses at 30 degree incline. - 3 sets of flat flys. - 4 sets of flat lying triceps extensions Stomach - 3 sets of crunches - 3 sets of leg raises - 2 sets of planking (diamond close grip) - 2 sets of planking (wide) ",thread-17865.html
275,Mentavious,2019-06-28 22:55:33.770396,2013-08-16 07:00:00,514300,[],2013-02-01 00:00:00,[],3457,276,International Playboy, Is there a name for a squat technique where you let you butt touch/get close to your heels? Deep squats? ,thread-17865.html
276,WanderingSoul,2019-06-28 22:55:33.770541,2013-08-16 07:14:00,514307,[514300],2011-11-01 00:00:00,[],5806,277,International Playboy, ATG =  Ass To Grass. ,thread-17865.html
277,Hencredible Casanova,2019-06-28 22:55:33.770638,2013-08-16 08:33:00,514337,[],2011-11-01 00:00:00,"[('http', 'www.t-nation.com', '/free_online_article/sports_body_training_performance/how_to_build_pure_strength'), ('http', 'www.t-nation.com', '/free_online_arti...e_strength')]",3852,278,Banned," Not sure if the 531 philosophy has been discussed on the forum before, but I like this article about building raw strength. http://www.t-nation.com/free_online_arti...e_strength ",thread-17865.html
278,WanderingSoul,2019-06-28 22:55:33.770749,2013-08-16 09:53:00,514388,[],2011-11-01 00:00:00,"[('http', 'www.jcdfitness.com', '/2009/01/lyle-mcdonalds-bulking-routine/'), ('http', 'www.jcdfitness.com', '/2009/01/lyle-m...g-routine/')]",5806,279,International Playboy," 5/3/1 is supposed to be a great program.  It is best to go to it after you can no longer make strength gains per workout, or per week.  So start with something like Starting Strength or StrongLifts for 3-6 months (until you can no longer recover in time to keep making gains 3x per week).  Then jump to Madcow 5x5 or the Texas Method 5x5 where you make gains weekly.  Then after you can no longer make gains weekly, jump onto something like 5/3/1/ where you make gains roughly every month or so.  That's a good progression for someone looking to gain a lot of strength.  Obviously many different paths you could take, especially if you have different goals. My current plan is to finish out this 12 week cycle of Madcow, drop some bodyfat, and then slowbulk with something like this: http://www.jcdfitness.com/2009/01/lyle-m...g-routine/ ",thread-17865.html
279,the chef,2019-06-28 22:55:33.770864,2013-08-16 10:30:00,514422,[],2011-11-01 00:00:00,[],491,280,Chubby Chaser, WS4SBIII - Max Effort Lower Body -Work up to max set of front squats for 3 reps -Romanian dead lift 3x6 -Bulgarian split squat 3x8 -Hanging leg raises 2xfailure -Treadmill intervals 20 seconds on/20 seconds off 15 incline 7.5mph ,thread-17865.html
280,AntiTrace,2019-06-28 22:55:33.770976,2013-08-16 11:12:00,514447,[],2012-03-01 00:00:00,[],2228,281,True Player," Leg Day. last day working out for a week or two due to location change, so I took it kind of easy. ATG squats 5x8. 135/155/175/185/195. Got 195x6. I want to get this higher. Abs - laying leg raises Leg Press - 5x10 Abs - more leg raises Leg Extension - 5x8 with iso hold on 8th rep 3-5 seconds. Calf raises on leg press machine Leg Curls 5x8 One legged calf raises on leg press machine ",thread-17865.html
281,AntiTrace,2019-06-28 22:55:33.771091,2013-08-17 04:05:00,515006,[],2012-03-01 00:00:00,[],2228,282,True Player," I guess I actually have one, maybe two days of being able to the gym before I move. Just drank my C4 and am about to go do back - Wide Grip Pullup - 5x10-12 (normally I can only get 10-12 for the first 3, maybe the 4th set. The last set I just reach muscle failure, reset for 20 seconds or so, then jump back up until I hit 10-12) -T-Bar Row - 5x10-15 - Bentover Barbell row - 5 x 8-10 -Chinups 5x10 (I try for 10 but only go to muscle failure. Usually get around 7) - Deadlift 3x6-10 (my deadlift is low. I can 1RM maybe around 315. I usually do around 250 for these) Once I'm settled back in, I think I'm gonna start Madcow 5x5 ",thread-17865.html
282,WanderingSoul,2019-06-28 22:55:33.771189,2013-08-17 05:12:00,515017,[],2011-11-01 00:00:00,[],5806,283,International Playboy," Don't start Madcow.  Unless you weigh 120lbs, you likely have a lot of size and strength left to gain on Starting Strength or Stronglifts.  Most average sized males should be able to ride it out until a 300x5 squat before needing to switch.  You are robbing yourself of gains if you switch too soon. ",thread-17865.html
283,AntiTrace,2019-06-28 22:55:33.771294,2013-08-17 06:28:00,515035,[],2012-03-01 00:00:00,[],2228,284,True Player," I have never done SS or SL. Alright, I'll hit SS until I can squat 300x5. That would be around 1.75x my bodyweight. ",thread-17865.html
284,WanderingSoul,2019-06-28 22:55:33.771393,2013-08-17 06:44:00,515042,[],2011-11-01 00:00:00,[],5806,285,International Playboy," I'm 185ish pounds and rode it until 300lbs.  StrongLifts says 300 is about what a 185lb male can do before he must switch. MadCow is very similar to SS and SL, so I think you will be happy with the program.  Both SS and SL recommend switching to MadCow/Texas Method after you stop making gains.   I'm doing the same and very happy with the progress. ",thread-17865.html
285,dk902,2019-06-28 22:55:33.771488,2013-08-17 08:03:00,515054,[],2011-06-01 00:00:00,[],922,286,Wingman," I did 5/3/1 for around a year 1/2.  One cycle is 4 weeks which includes a reload week at the end. It's built around the big 4 lifts. The program is very simple and flexible, that's the great thing about it. It's for beginners and intermediates and can take you to a good level of strength.  Once you've been training for a while however you get to the point of diminishing returns. And you can't just dial in a program with linear progression and expect to make gains. So if you've been training for a long time, 5/3/1 is probably not for you. ",thread-17865.html
286,Cr33pin,2019-06-28 22:55:33.771599,2013-08-17 09:41:00,515069,[],2011-11-01 00:00:00,[],7343,287,Innovative Casanova," Bought a bar so I can start doing dead lifts.  I already have a Smith machine so I can do squats and such.  I been doing p90x for 2 months to get into good enuff shape to start really lifting heavy.  Got good results from the p90x foreal, I think I am gonna continue doing it and just add in the heavy lifts to the appropriate day. Gonna go light on the deadlifts for prally a month until im sure my form is right... fucked my back up lifting a few years ago an that shit hurt for over 6 months.. definitely dont want another set back like that one. ",thread-17865.html
287,Remington,2019-06-28 22:55:33.771729,2013-08-17 22:29:00,515377,[],2013-08-01 00:00:00,[],1927,288,True Player, Back and Biceps A1. Muscle Ups                        4x5     BW A2. Dumbell Rows                    8x4     100 A3. One Arm Lat. Pulldowns       8x4     185 B1. Bent Over Rows                  8x3     165 B2. Upright Rows                      8x3     140 C1. Reverse Flys (Machine)       10x3    180 C2. Dumbell Curls        Exhaustionx3     45 Looking forward to the soreness! ,thread-17865.html
288,NuMbEr7,2019-06-28 22:55:33.771844,2013-08-18 03:29:00,515472,[],2012-02-01 00:00:00,[],303,289,Chubby Chaser, edit ,thread-17865.html
289,WanderingSoul,2019-06-28 22:55:33.771954,2013-08-18 05:36:00,515501,[515472],2011-11-01 00:00:00,[],5806,290,International Playboy," How consistently have you been doing it, and what are your stats? Also, how many calories are you eating each day and how many grams of protein?  These are two important things I really need to be much more accurate with. 6.5 months is a long time to do SS consistently.  If you really are following the program correctly and consistently, you should see a lot of size and strength gains.  If you're not getting enough calories though, you wont.  Gaining muscle is all about your diet.  If you don't get enough calories, your body cant build more muscle.   I'd also alternate weighted dips and weighted chinups at 3x8 on your workout days. ",thread-17865.html
290,NuMbEr7,2019-06-28 22:55:33.772036,2013-08-18 10:31:00,515571,[],2012-02-01 00:00:00,[],303,291,Chubby Chaser, edit ,thread-17865.html
291,WanderingSoul,2019-06-28 22:55:33.772127,2013-08-18 23:25:00,515913,[],2011-11-01 00:00:00,[],5806,292,International Playboy," You've gained a ton of strength and about 20lbs, your arms probably grew a lot you just haven't noticed so much.  I can't imagine gaining 20lbs but not any in your arms.   I'd definitely get my diet in check (which is exactly what I need to do) and on Fridays try throwing in 3x8-10 curls and skull crushers.   You may be getting close to the point that you can no longer add weight each workout.  If that is the case, jump to Texas Method or MadCow if you want to keep gaining strength.  There are a lot of other programs out there as well, but that program is great for strength. ",thread-17865.html
292,Cyr,2019-06-28 22:55:33.772241,2013-08-19 10:07:00,516120,"[515571, 515501]",2013-05-01 00:00:00,[],553,293,Chubby Chaser, How big are your arms now? ,thread-17865.html
293,Cyr,2019-06-28 22:55:33.772326,2013-08-19 13:33:00,516231,[],2013-05-01 00:00:00,[],553,294,Chubby Chaser," Also, I wa doing Arnold presses earlier (basically twisting dumbell shoulder press) and got pain in my left shoulder. It doesnt feel like muscular soreness. Should I work through it or rest the joint? ",thread-17865.html
294,Remington,2019-06-28 22:55:33.772426,2013-08-20 12:20:00,516854,[],2013-08-01 00:00:00,[],1927,295,True Player, Chest and Triceps A1. Bench Press              4x4    275 A2. Dips w/ weight          4x6    80 B1. Dumbell Flys              3x6    45 B2. Skull Crushers            3x6    105 C1.  Close Hand Pushups   3x8     BW C2.  Machine Pull Downs    3x10   108 Whole thing takes between an hour and 15 to an hour and a half. ,thread-17865.html
295,NuMbEr7,2019-06-28 22:55:33.772498,2013-08-21 04:54:00,517449,[],2012-02-01 00:00:00,[],303,296,Chubby Chaser, edit ,thread-17865.html
296,WesternCancer,2019-06-28 22:55:33.772591,2013-09-08 00:14:00,529456,[],2011-09-01 00:00:00,[],4687,297,International Playboy," ""I have no life and deadlift to ease the pain""  Step 1: deadlift as much as you can in an hour.  Step 2: cry yourself to sleep with a protein shake. ",thread-17865.html
297,dog24,2019-06-28 22:55:33.772668,2013-09-08 02:50:00,529485,[],2011-12-01 00:00:00,[],538,298,Chubby Chaser," Sounds like a good idea if you want to get a muscle tear Number7 most guys have that problem on SS, you have to add accesory work for arms. Personally i think you still have a couple of months of linear progress. ",thread-17865.html
298,deuce,2019-06-28 22:55:33.772762,2013-10-10 14:18:00,553101,[],2012-08-01 00:00:00,"[('http', 'www.crossfitfootball.com', '')]",213,299,Recovering Beta," I need to start posting up here again; if I post somewhere I'll be more inclined to get my workout in.  Started doing CF Football today after several months of just running/bodyweight workouts.  Want to put on some muscle. This time last year I was 170, now I'm down to 155, shit!   SWOD: bench 3 x 5 162.5# DWOD: 5 rounds:   squat max reps 155# 7 burpee box jumps (20"" box) 37 squat reps completed ",thread-17865.html
299,NuMbEr7,2019-06-28 22:55:33.772839,2013-10-13 01:37:00,554841,[],2012-02-01 00:00:00,[],303,300,Chubby Chaser, edit ,thread-17865.html
300,InternationPlayboy,2019-06-28 22:55:34.854799,2013-12-14 19:23:00,604141,[],2008-11-01 00:00:00,[],4396,301,International Playboy," I'm gonna go check out this gym. It's $125 a month but it had a spa and is supposed to be dope. I've been wanting to join a gym for a long time, I think I'm finally going to do it. I just hope I'll have the time to get there everyday between work and snowboarding. ",thread-17865.html
301,Hannibal,2019-06-28 22:55:34.854983,2013-12-16 03:56:00,605297,[],2012-05-01 00:00:00,[],1932,302,True Player, MORE CHINS THAN LINDY WEST Pullups supersetted with dips in a ladder format to failure 1/2/3/4 rest 1/2/3/4 rest 1/2/3/4 ,thread-17865.html
302,Rotisserie,2019-06-28 22:55:34.855091,2013-12-16 21:30:00,605983,[],2013-11-01 00:00:00,[],304,303,Banned," quads and calves, about an hour in a crap prison-looking gym without much else to do for calves Squats: 135 x 10, 185 x 10, 225 x 10, 275 x 6, 225 x 10, 135 x 25 Front Squats: 135 x 10, 185 x 4, 135 x 10, 135 x 10 Leg Press: 270 x 10 x 3 Calf Press: 270 x 20, 315 x 20, 360 x 23 ",thread-17865.html
303,Mentavious,2019-06-28 22:55:34.855216,2014-01-30 21:44:00,641988,[],2013-02-01 00:00:00,[],3457,304,International Playboy, I took yesterday off and went to workout today. It was going to be a light day of triceps but I couldn't do anything.  Didn't have the normal explosion even though I did not work out yesterday.  One of those days I guess. So I worked on my mid range jumper and did ab work. Indoor track season ends soon and I have yet to put a conditioning program together for my high school athletes.  Better got on that ,thread-17865.html
304,Veloce,2019-06-28 22:55:34.855374,2014-01-30 22:09:00,642006,[],2011-01-01 00:00:00,[],5900,305,International Playboy," Taking my calories way down for a cut over the past two weeks.  My gut was starting to annoy me.  Eating small meals 5-6x a week and cutting protein down a bit and replacing with veggies.  Think I'm still hitting around 215 grams though (I weigh 215 atm) Yesterday: Squats 7x3 245.  My strength is def doing down due to reduced calories, I'm trying to cut BF down at the moment Curls for girls.  5x10 35 dumbells then 3x8 95 barbell Started hiking up to Griffith observatory on my rest days.  My HIIT routine at my local hill wasn't cutting it.   Already notice a difference.  I go hard up the trail and by the time I get back to my place my whole body is tightened up.  Goal is to hit 10% BF (or less hopefully) and then get on madcow, starting eating like a madman again, and work on getting my lifts up.  I'd like to deadlift 405 and squat 315 by the end of the year. ",thread-17865.html
305,Veloce,2019-06-28 22:55:34.855538,2014-01-30 22:14:00,642014,[554841],2011-01-01 00:00:00,[],5900,306,International Playboy," Together, with water, and daily.   ",thread-17865.html
306,Peregrine,2019-06-28 22:55:34.855657,2014-01-31 08:19:00,642296,[],2013-03-01 00:00:00,[],1493,307,Alpha Male, Got back to the gym on Jan 6 after a long hiatus. Just finished up week 4 of starting strength. Spring in the step is back. ,thread-17865.html
307,Veloce,2019-06-28 22:55:34.855809,2014-01-31 15:28:00,642582,[642006],2011-01-01 00:00:00,[],5900,308,International Playboy," Haha just noticed this.  Obviously I meant 5-6x per day, not week.   Chest day today.   Incline bench 6x5 175lb Dumbell bench press 5x10 60lb Incline flies 35lb ",thread-17865.html
308,SpecialEd,2019-06-28 22:55:34.855918,2014-01-31 17:23:00,642669,[],2013-12-01 00:00:00,[],200,309,Banned," I have a new favorite chest exercise: incline cable bench press. Been working out for 5 years and I've never seen anyone do it. I started doing it a month ago and it really has given me 'the square chest' look. Unlike DBs, the tension is constant and in the negative part of the movement, you can really stretch the pecs. Highly recommended... ",thread-17865.html
309,Remington,2019-06-28 22:55:34.856041,2014-02-01 14:48:00,643308,[],2013-08-01 00:00:00,[],1927,310,True Player, Chest and Tricep Day Today: A1.  Bench Press:  Weight x Reps                               280 x 5                               290 x 4                               300 x 3                               310 x 2                               320 x 1                               300 x 2                               290 x 3                               280 x 4                               270 x 5                          4 burnout sets A2.  Dips at 3 second negatives - 8 reps B1.  Skullcrushers                                          3  x  110  x  8 B2.  Single Arm Dumbbell Military Press           3  x   55   x  8 ,thread-17865.html
310,Avon Barksdale,2019-06-28 22:55:34.856174,2014-02-02 02:29:00,643730,"[642014, 554841]",2013-11-01 00:00:00,[],835,311,Wingman," This, You have to drink a shit ton of water when taking creatine ",thread-17865.html
